distance_m,ps0,ps1,ps2,ps3,ps4,ps5,ps6,ps7
1.65950000000766,63.661986392768526,69.72902373751984,63.764686564764126,68.31835944115898,61.33395877391072,66.76852741590989,71.48557095442982,69.98390175304829
1.659398958620796,67.79212422639874,68.71471178911493,71.72911516248047,70.27284207699638,65.12323371561816,70.23625733432512,69.9682797330093,67.0684301241127
1.6536755949023048,69.65102445933502,66.59716278911816,62.72145560694713,66.81719804950698,67.91515692747836,69.74630043932844,65.80231044871363,65.04791981242943
1.6478244507832895,62.822918280007435,67.04181261225409,64.97159379863234,67.4289619275618,64.47864997406009,63.38677652571192,68.08024756492544,70.8050159716955
1.6449912869527816,72.76020843703861,68.85290062479334,63.73115423201243,66.48059923421282,66.5327113795977,64.20646442918029,74.82776379635463,64.9405119371097
1.6406522749210743,66.83767316804558,60.77796243616181,57.39907490458216,68.63013710310624,58.89512668185592,69.27001688675018,71.09819316326478,59.88680879021298
1.6362911872804022,67.05578931199047,72.75844863056022,71.89432167303846,65.89048608150355,61.55329742905028,67.64144326000265,67.55304238632345,64.9923054327153
1.6324685564436419,71.16212433205023,66.8273302930709,67.12673896939106,66.32599338023135,65.57367933306284,54.66788724248961,64.85075973104982,72.53495022642717
1.6286549963291868,70.14256897284444,69.06712798467719,61.35353119302679,69.8331272980764,65.33383297651572,64.64161959475977,71.60147956838499,68.78820378143172
1.6248489290333314,63.284387955928416,63.42266960946911,74.12034531958615,68.4568694730388,66.61464121437402,70.78224464206129,68.14640803173114,63.746205481911275
1.6210483278638637,68.09786643640629,69.4194044118152,69.67955265263906,65.876334691924,73.48717565907434,65.62216648323336,66.45167333172259,66.56417159222529
1.6172508399571381,68.15500764082111,66.60973873555463,60.3387528670366,64.81628776062458,67.73475469462775,66.99590158750681,67.1129761903214,73.45421843247843
1.6134539273146007,66.61884897556057,68.6791909262602,62.182255119418606,61.45962502793987,67.8788553899973,72.35805931929366,67.5776076592859,68.48916154555997
1.609655018632956,69.8089163927495,65.16600472560347,66.02356361090541,71.23676795223558,65.37089541997756,70.9666572520742,70.7336362441394,69.76329198996213
1.6058143477292484,67.51036077066911,67.67297929552656,69.29532875800695,62.06946648486711,66.30708791724884,68.28440776068838,71.3196517196158,65.36160816712817
1.6019692764079427,72.05570758177198,73.65669671443409,67.12451686069434,63.063389288891486,63.23479131612567,62.727858419068184,67.62864513043988,63.58387453688988
1.598120107841004,61.20973534693474,66.10801796624938,69.33403643362249,67.37587211248999,65.98725132236257,69.81161686957132,70.83771848343014,67.34719874909506
1.594267389456688,62.09980496563806,67.02902438839966,63.97857443854257,62.7770968956903,67.2133859354629,69.30811227741329,67.90401761869366,67.00608341256661
1.5904118804888703,67.68560293462238,68.84568910579472,67.93551449444392,68.93266534337046,60.30423657014282,66.03006092252974,66.10870635596162,64.65618201947163
1.5865545067744986,63.67526268489749,66.65255882211127,65.77056237111917,69.24433567175825,65.75628917288054,69.95946624903753,66.85984260952141,70.41759489663002
1.5826963055879792,67.98643925551187,72.49250264138178,62.879301611515196,62.22424815227174,69.92697390725652,57.99336251098871,64.40344410122741,65.15718145869552
1.5788383637831986,67.5216815757565,63.6217357561494,68.00210673660054,67.16666388645595,66.7193409479038,66.48074128735796,65.89950953293825,68.8061899604429
1.574981752922105,63.59491020911424,70.76433702472498,62.48480808713583,67.76150680946114,65.90611952637524,70.07303290827403,66.8569798510185,71.37169846118785
1.5711274652607425,70.30293326684695,68.10968392290023,72.24533433367228,68.83517578254886,67.59186521978165,63.78834611737699,63.18959349112682,59.7798550276289
1.5672763544250143,61.13992342024029,71.62685227003976,66.4682076704985,73.18001375996928,66.32879368162986,64.54200724186639,71.64057179342885,67.00692401750649
1.5634290843385668,61.60455394270448,66.83039183891319,70.11542486395969,64.93063205367022,64.93473809872776,69.84891334879892,67.2797762737595,71.0005288591915
1.5595893658252122,71.00232970353942,66.97532554235619,69.04923747046836,66.13298915438094,65.1814748731116,68.78600714611939,64.51813511627343,64.19443077571722
1.5557539058486207,66.0489140725588,69.5200391717406,64.08473507772814,67.37941858184395,66.58705531443566,64.00172385323336,68.43477205938383,61.02928552364988
1.5519224331484922,68.19446888992493,62.73852068767644,64.70579087942907,64.82585171743116,66.5962860543612,69.33000903218414,72.36520865691129,77.66088018593223
1.5480944382336304,67.38995048102235,69.1459437570925,68.03143010633288,73.28201161373205,66.29680865927644,75.05963398062659,72.14225835230866,71.82952717308947
1.5442692038913735,70.05887111468668,68.45938644181113,68.10623313004513,69.47435152469842,64.81653064506779,65.84942502023796,67.63386395514527,67.68694847738888
1.5404458481150396,68.26566612316678,63.977090639753634,64.97994650145726,69.80364990706575,68.53292398688916,60.44383629667953,65.40960487042054,71.61977178193285
1.5366233768622912,61.08304121625122,64.81566347712115,68.83450051222306,67.6713748985976,70.51400804883738,70.53305660734921,71.2331535049418,62.70426522033861
1.5328007434720679,67.84275555263676,64.9620656935114,66.53523061676134,65.63433757572432,66.25912301548948,65.14656801546887,67.48781510112907,70.89638077656744
1.5289769111771507,66.70523222625043,69.57860819154764,68.45714000787711,69.18179880543511,72.07228297753755,63.886536037850966,70.21240850830432,68.10650436049521
1.5251509149752793,63.93030761970016,67.5460744203481,65.58889202253395,70.75142888342315,65.11530560947352,57.556797390693255,71.66891987614186,72.79515824438434
1.521321919171949,68.88363469423108,67.96822811360045,59.91759350751059,70.44373551592953,67.7424801385245,61.935876407789614,71.86714751410004,62.97697019426108
1.5174892671767792,64.86489478572544,64.37886847464853,73.33785553714537,66.57741822584765,71.62880599330025,62.83843825505532,69.73095253623872,68.41774510566636
1.5136525206041294,69.4342126191179,64.21991962298705,62.05856642316769,65.25175123494662,67.80903489616884,75.58882724563257,68.68228232622985,67.71404436049659
1.509811485367807,67.1313692535349,69.08951836223979,64.69805490636142,62.681070036660934,69.4682444737883,62.994764953048524,75.48248510626301,67.76805542177144
1.5059662232309898,60.621618139376125,66.94680100554386,59.569401773136995,69.19499455455633,62.02708167082245,76.03938583535982,69.9486325112908,61.11794510113439
1.5021170481309551,64.77210952035684,65.53997936878604,69.66056359446348,72.6940375791872,66.17111906584984,64.48290572699078,69.99155848327658,66.51169494972697
1.4982645074951026,70.29119634312704,68.80899272795173,69.93316219838199,67.34808437071285,67.28677266615678,69.73584003581107,67.05759606860664,68.57975809255444
1.4944093496494115,65.15052413343444,66.65324597400127,66.78943259857357,67.94418204503765,62.09191768294429,69.94049752351164,70.270211442569,70.8206671296129
1.4905524792429263,68.34520883388896,68.66287926118123,58.75393259858488,63.2628671858288,65.32710422667913,56.08950405865785,70.21637712217183,67.05204824742592
1.4866949033248422,68.63351018003742,66.80157636609998,67.79922573429351,67.24734536447393,67.17563779130072,66.70782226324516,71.65718287312501,66.73442120859
1.482837671272308,65.1365713039673,68.08960255206075,67.18921379490693,62.233255140879685,69.18939854752217,66.59063429282875,63.703116705044195,64.69402976096212
1.4789818121426848,62.48991501690449,67.82043577354152,69.41174347983892,69.81582691180765,67.18394327187733,63.899993298387315,70.81674679132945,66.94675070478714
1.4751282731892563,65.9944812720689,60.02375650040428,64.68913699776087,70.95986332135574,69.3481485108044,68.81013803977399,72.8475265885901,70.22348529640429
1.4712778632215575,67.60971276276068,68.88603745226729,76.02879797028511,65.343085651339,64.83474407425334,64.03271721709376,67.93802567257471,66.00593063955688
1.4674312042114386,71.37435306265381,70.46145313934758,64.84223933053164,68.31021747182376,72.37499725961365,69.04044910880235,73.19568649565149,65.07857736679142
1.4635886940582155,61.153708158092876,70.02914755758012,67.0784423420995,70.57090202204975,68.86741852420542,71.6409636971672,71.13809733749356,63.08182565680517
1.4597504827590544,70.2062665483798,69.22178520299991,61.744751397352715,56.29603695576607,67.0221934635917,70.65647426571985,75.24642881235398,67.10887273323281
1.4559164634241153,69.1366384977363,67.9389440568884,67.88922161852614,63.56839898980187,65.9037950116283,68.11827349510001,64.42713139699228,71.51532887478574
1.4520862786796271,60.904616637598785,62.424796409431096,64.31033178505707,66.07859960281249,69.54090068579498,63.2238058599672,67.87847909753154,67.03607790637399
1.448259342071764,72.45259490509656,63.653753735054835,69.88473976332524,70.08185658575935,70.5812776264923,67.11296046869715,71.312994493237,62.8848646310633
1.4444348731780765,68.73590609219423,70.75931004939791,63.95483056952913,80.23126250212363,66.26385052191881,66.32377642536181,67.71128296518671,65.57290647603891
1.4406119443078274,60.29108144058894,65.24262393575329,66.92486287064956,69.60200805888928,66.79734949288417,66.31780160049924,65.73243171238693,66.63059164575631
1.4367895359787375,75.4279720122619,70.94799503758614,62.2937760112908,69.02948346315296,71.59288471007,72.41873490858967,70.56430725403968,71.96117762388212
1.43296659783734,60.268951833539525,64.94076504418291,68.20473492719489,65.52863479497157,64.64478467360772,65.98768439985672,66.01569091757855,71.33692337953762
1.4291421113736482,61.885831857473555,66.83007372972597,66.73777752416605,64.99979602031999,68.35835465263028,67.77316842902326,66.4244239818531,74.6173265692092
1.4253151506851267,70.76601770912937,61.350846987048335,66.7528023170123,72.9837479756856,70.87598078705322,72.27052635911721,73.21315056489235,72.23577039255221
1.4214849376731304,60.78097719868294,61.83370242741243,73.22750144041524,64.86724428342217,65.07785437665501,62.36613524015855,65.11768848206705,69.71000640987208
1.417650888396543,67.37960832659486,65.39611023476327,67.359157308597,66.48914204395744,66.94878966827245,65.39336631259916,60.76912695949773,60.85448232322236
1.4138108728240304,66.7032468900493,69.02788678797975,70.14534171632859,72.25377097741568,68.89109895805835,68.21566953357159,69.36731434582074,69.96420362073705
1.4099666669445012,67.83762730613402,71.7715731272238,66.07947359560752,61.67448689537143,69.81159376539952,69.19758469503473,70.93231058498534,68.18043214114003
1.4061185216802132,70.5076591173661,68.9705864556402,71.64098208296406,66.69672940328348,68.18057905762288,63.60189397339675,66.52795674371947,75.63123849289815
1.4022669230071683,66.08602105610824,65.96222757935644,69.94788411860655,69.44293349127345,64.82910953452918,64.24393581903186,68.07392591944078,66.79946687366517
1.3984125630252042,66.72391550832374,70.43980736859605,71.9585549522836,68.49675584975803,65.13473390701677,67.9558259813901,70.63140301837716,70.0269417669678
1.3945562987355122,63.34576561301847,67.99423429438481,62.4239318430636,69.60112812317875,61.295695229697984,65.7888138335684,63.58350940066161,74.71773851384467
1.390699100964689,60.36291461183162,68.2777564017274,65.43397256676309,66.0893510129268,68.73313269851249,70.67747152287592,66.46898891764022,69.10410288785047
1.386841996462906,68.36067932833865,66.30767644654853,72.6210761159648,67.47609299340326,65.69198910533196,70.65604750530879,58.09196201290661,71.53001024521781
1.3829860066185113,68.7264704705018,73.34689495630114,71.497103600712,67.10641267869171,62.84561323853507,68.47427935878972,61.836619737671,62.58123120969895
1.3791320864440044,68.56132646115717,58.56004292442853,65.85947891473536,64.54100808309029,73.11462426392612,67.15525873985092,64.59486369648887,71.31185980027549
1.3752810674835805,65.26129212817548,65.91026597663539,63.22667930033483,67.35062020592301,71.24667284809901,68.13827292465997,72.63871276746922,68.4387569915544
1.3714336080679452,64.81013447868897,70.97787578526203,64.49324059321401,68.19948265118204,68.09393280674762,69.90572404329295,61.21593629563273,64.7106811975101
1.3675901539090412,69.03915285321173,64.4380991452073,63.052290810626296,66.69385660642774,68.32682938404744,67.51551842591557,66.7802261039468,65.30879983693104
1.363750911410326,67.77168696535405,64.19135301044773,69.20896988821796,67.15719632653816,65.76196805202525,64.12851960613698,67.62314721203248,66.16316989963474
1.3599158353041543,65.48249230302575,67.12887860795017,64.42477938161218,64.74247312637199,66.08652614238137,70.92113073942767,66.41659100054699,70.79079678743362
1.3560846313634038,70.59869007395541,71.69328188041202,66.88877254225334,69.14953110318035,67.10227093121689,72.15248524898136,62.530945685643665,65.60137246063553
1.3522567740234195,64.23016064158219,60.94483766434069,67.52909671856949,64.87301974221579,64.01674909725796,63.30180169528046,68.95145196183556,71.11838989277229
1.348431537849533,59.832674288544,65.21559647380757,68.65989640597608,65.67348588467077,66.47263736958371,67.25067607222178,66.0736485378678,69.13723735200934
1.3446080409510328,65.77550385139455,67.62566862489057,71.74454809069448,66.50309937159761,68.81334082833966,70.09581681119757,68.68249673997438,71.92590419699032
1.3407852977260788,69.29070547317664,67.82640189663165,61.10606307275764,70.52757233351589,61.78794035811536,74.52529467645148,66.11525680792732,70.30367564669554
1.336962277767275,67.93520466652288,63.874942387277464,63.89527605199901,60.213860911734294,67.62909426605397,67.27249393096105,66.37628189975928,69.7482531874856
1.333137967397025,62.878848063033566,63.762372621254116,64.4500292650124,68.47988494715736,72.43247894195552,69.20899996018755,63.286353989616586,70.9829678040987
1.3293114301553652,63.31035688223175,62.740252396378445,66.38223171279223,64.80726188489373,66.05301770713002,70.18000978295682,66.36927716369051,66.82993731702197
1.3254818626369989,70.49219948433083,66.67496626675727,68.6726784057722,70.68899513341692,68.3329119109219,67.22893714620433,70.0976197174393,69.84881064336533
1.3216486423615617,65.58070426648344,65.83258856588044,67.22930776766849,66.85372686454865,67.55419553052594,62.422318179642005,69.9599184576023,68.93950300486259
1.3178113648423042,61.34995364993642,72.74303620089286,64.65956289011514,67.9389033685268,66.88847867335912,72.05188309268505,59.60214650989582,70.25356921721892
1.3139698676631937,68.00648819466039,68.51087907757179,71.44573621646286,66.48454298724215,61.05451762052415,67.21435338711771,66.10287083663094,75.58912269614915
1.3101242401444375,69.59578310628815,65.32277139871869,62.03898654607213,69.96014874814706,69.91814019730457,64.86973621605188,67.46894585399006,68.4556110702302
1.3062748180269317,64.79178938318461,74.41264655746859,78.149732965701,67.96307797919398,67.94959130453194,70.83742439793207,61.605275333483085,68.13487056538186
1.3024221634888014,63.60838699323437,65.780101378131,69.43613864861476,63.946906037698284,71.89345474580362,68.1182819047581,58.248559176850485,64.98553436669727
1.2985670316721925,68.32764581326215,62.00227108033511,65.2244668801733,73.33066130052421,65.65782305067998,60.77400632088593,70.20277284831322,66.86874069966451
1.2947103256967527,69.04186430802119,66.00217620241338,70.23242410496366,67.73817970256371,63.1111224960643,74.41874090009141,63.104598852534465,68.13464477872323
1.2908530428218843,67.24590520971445,64.5477293312462,62.555125992489415,66.86326960300892,70.30292868779102,74.1468400504248,71.5671377573753,65.31357526605306
1.2869962149522414,68.61769208373626,62.29467299180722,68.1357089264743,63.06793836523535,64.62605579784494,64.58684544893144,64.97967507507182,65.43536554679173
1.283140847027334,70.93692358233122,68.47806460660456,67.52339737348429,67.14709833969734,64.19480357905546,70.56242970281671,69.54808073862633,69.45940684726948
1.2792878569736523,66.77777676183692,64.42805889757393,71.8959371604506,67.0227857923605,67.94650355290216,69.3708056480975,72.65574184302338,67.78800136060256
1.275438020815535,68.28215426354151,63.82323979445705,71.5977597729276,58.749690399530145,70.31343445291611,63.780548629811825,66.97773988799433,65.0828052920554
1.271591926241458,73.94233252468666,72.71016828923536,71.58586284260691,72.09383605739302,70.49643758277317,63.153833731525566,66.71182513746172,64.59724591642353
1.2677499374214065,72.18310041440203,65.42755692689627,67.24511781925048,69.3317645628427,67.65633414483378,74.90933664330512,62.98024378756488,61.25514033199267
1.2639121731977105,63.40853302708742,66.3485926299343,67.80904005135957,65.4365181474071,72.37687085580008,63.91064380118391,62.58694112769064,71.70354758576525
1.2600784999667127,66.27691178995171,72.78972445568337,70.02126567414683,65.41423363837292,64.67079162080555,69.64452355135332,59.813469828690046,61.18951271311178
1.2562485396815228,72.57355003383458,68.39698667998998,69.25675336996325,69.45327874321785,65.4205484827168,66.09515406838737,60.53711941237126,68.91105445623941
1.2524216924921345,63.687271205889544,67.14339372856682,71.32587630778119,64.50075522274518,64.68856967485128,64.51166753350303,67.44977058151771,68.48034660179016
1.2485971726553975,71.26187474482775,70.8607124129427,67.22336896730368,65.47453761619605,66.77160628588945,65.42105337731037,67.19368215737953,66.56617508238577
1.244774055548791,65.73584105574949,63.56572357153505,67.48454934562287,69.80570741217716,66.34550113621525,67.653736944435,63.72385944537837,63.59222379844891
1.2409513329577742,59.12470032948986,67.32333202531429,68.7592052581077,73.76808465838059,70.59951811170009,63.27599320047514,61.23253077903188,68.60213728051767
1.237127973316644,64.18905035798535,70.59181029970063,63.665916563199644,66.22866936590364,68.61091603913124,63.252471888298786,64.8805947021074,64.43814800314732
1.2333029832957625,74.03503872046593,65.72477961567478,66.55574856816335,67.4436521144929,67.88552069996148,60.83043553544686,65.6916351001597,63.23630220348764
1.2294754670588008,68.04586081768818,70.27980525708459,64.10473939282997,69.70202338421646,64.62473702306782,67.8168705217279,63.887511063412404,62.14592013976452
1.2256446796639275,67.19207135257955,65.6447319750566,66.78224112627892,66.77653159301686,73.46112803892278,65.2015556460142,61.76147059767888,66.52364421107322
1.221810071440902,68.30417592445228,68.66865715690614,67.24151290511588,66.9164651647123,69.2014841202903,66.25950214151429,64.26247503673049,64.78014830045096
1.2179713207184546,63.338577243608135,64.77831382202129,68.75556754953567,67.90038348999916,65.94946290336426,70.85438820024798,65.01430569018534,65.17984980582003
1.2141283529697755,67.06090920549175,66.25617965312595,68.5278859748897,69.03776923967735,60.96954367925721,65.10676544752704,70.61821688658934,72.90083826916285
1.2102813452474401,66.95661287858161,73.13764645712202,65.21718520973306,66.87026185856749,69.27087567447289,64.08754897734067,64.76464769218838,65.87062418596994
1.2064307156465257,68.89152251938246,69.0357253079617,69.36624842715126,65.04806600779155,64.65237221568191,64.8327831737212,73.06961253713467,70.6158134628446
1.2025770984167745,70.01713705767929,71.70601414315469,67.19659694949229,67.94371504031358,62.4558847484987,69.83208151817946,72.79971001562903,68.02405915331768
1.1987213061917648,65.12775001582355,68.73509993465375,64.95172058086668,70.39318038670375,72.13133040103295,63.09023132364535,64.27585723010651,67.11398541679762
1.1948642815668367,62.22117049983208,67.918835751805,67.19104362865066,70.00391340674945,66.33750493867463,67.48268803516018,70.04325021392702,67.79369786256679
1.1910070408937168,68.57198649158245,65.30561435197725,69.72325874848676,57.34819951654914,61.810544856838725,68.79172104187823,67.66649652541633,66.51834581092753
1.1871506136302659,62.741357078252506,67.95654954434787,66.29384152339894,64.42326256335467,64.39739073218738,66.85505135259895,69.23691376853601,62.78878000035506
1.1832959808589745,68.6541066967871,65.64650339988916,69.81278848471014,63.783676947056485,74.85972836392035,68.14613842037133,72.52122161535414,70.40164845726241
1.179444016648965,63.61273271775925,73.87064552731735,61.43950004070192,66.0063135152754,67.45484931656928,62.068768550195976,58.37876417405093,60.416262485432235
1.175595435776937,67.29429356598513,61.84787761359256,66.0806387527418,62.42954667021663,69.6132775947583,68.75419524840224,65.13631347826757,70.21798838476265
1.1717507509498157,69.15457076019166,69.4088128340314,72.76466108700649,66.10532352688894,62.50877737487683,70.15573778786478,67.83149521947152,63.5066894154129
1.167910242106554,70.16092211464958,67.71335840176883,67.79133090417194,67.8131140091379,63.36441064753989,67.78446465572219,63.85777313248597,63.14294344815014
1.1640739396519342,64.33853481109279,74.67892704178037,69.18572522788725,68.45516431628847,64.29670730583739,64.93238440988519,67.42621589838764,67.24252521827722
1.160241622635444,69.94150085125264,71.05253446347115,64.1463804380264,65.86309954349963,66.65059447540636,72.71223516447704,66.16165942448372,64.64545533686356
1.1564128319853042,64.35046199872326,68.84990856454671,66.81606807563696,68.04720633628479,72.39637377990078,69.02905705760517,71.64195415966064,67.38366840840658
1.152586897997856,68.55767477026036,67.48507445132341,69.74933448021063,66.58134161733699,69.07390472024996,67.73727097780977,68.87959626733969,65.2908228038838
1.1487629804225876,60.98449355060235,67.39526788236716,72.82943419694763,66.56179996152207,64.16568586042652,56.23807356256071,70.7223857589629,63.82712644318421
1.1449401187264294,67.23851169109348,68.13822953158653,63.76274901218828,61.33003855448474,65.26295134175786,62.341481432408784,60.385029595619464,69.6572456933259
1.14111728951387,71.48710521325958,71.2036101760768,66.11619473058668,71.10944960159497,64.0697116500873,62.178899132746714,63.7572470443905,65.51191917776
1.1372934676581077,66.84506501871203,67.24558404697642,69.07343932409339,64.03284114001461,70.25888318671491,70.90607382473084,67.18162912639107,64.38671850683932
1.1334676874866805,67.85657363093152,66.32325552179381,63.28459336966928,63.28996159795551,63.71976703750106,61.906742261138085,66.32992738827207,59.24585223856266
1.129639100373267,65.25337620761546,64.69269239896491,64.77284001847809,66.05797511112648,65.382273661827,71.9864013228978,65.82750390226234,74.64733177081035
1.1258070253123855,68.58888459647903,63.19099492190657,69.14560649286213,68.76121381553317,69.6434460230615,66.24869363807692,62.65395981312349,68.62640401350974
1.1219709894796075,69.45824979730648,72.35040216844001,65.3850920978442,68.36394343423203,69.38173164221328,68.1701772613364,68.34204007538588,69.0632615031162
1.1181307563794636,72.87197360773766,67.58260108256745,60.98662631112432,65.99042260648353,66.82057359183618,65.46620319048621,69.96430919625675,67.73285431947568
1.1142863399202259,74.4842948296132,64.10504169158261,69.48125006867384,66.913121699497,67.40461467175477,61.329143106319194,67.78842996467722,65.40734682777288
1.1104380035861035,61.9986111199907,66.04410267823977,65.60116388161404,72.74729067436624,69.51091091292858,65.94803453577521,69.93691479741423,64.14171950096224
1.1065862447556374,66.52479607829254,67.34276406005809,66.79911892133744,64.89405060180353,64.07537476779012,70.98710869667812,68.10188922953178,69.65607787233895
1.1027317650905413,65.90812263861945,67.33965384318017,68.8699316276298,66.35429724929129,68.48078986885771,70.2481149947568,65.0692599437597,65.70351135054564
1.098875428742483,70.6482685204039,63.590857502270325,68.8624750968481,68.88664116917404,72.0071978386946,68.3306632980566,76.34694731601552,64.47638861938425
1.0950182108491406,72.82419004505626,72.26859217557036,70.6509003230795,62.1625706370733,73.22720043547083,66.36988258681173,73.5865842224102,64.79484051511703
1.0911611393729328,63.249610909352015,61.11024414209911,73.81648286748525,68.37109321243268,67.13863575717782,64.87131083663385,66.90477908991667,70.34414409900349
1.0873052337407159,65.86101620109507,70.58822076555326,71.06848777820984,67.08554302001951,63.73987462782705,68.32635554235839,60.59911517242436,66.89483466182433
1.0834514439444494,65.99565043683128,65.7547005550852,70.68121085393145,64.69211753237602,60.49950408125152,67.4716846311254,66.08038559620618,67.3813504153878
1.0796005937467525,73.90347353927008,69.89458488983774,63.741343823653274,62.21424556786889,65.65645710890144,65.5881632901659,65.44491848413003,63.97466785584672
1.0757533313996572,68.99457322926986,73.19515915859704,67.08961820322881,64.81303185814178,71.1737251715125,66.11084225234062,69.98164787129556,61.82014878534003
1.0719100908416435,70.00034342924152,62.05961393909282,60.98752872741188,68.98988051526005,69.57601780305099,66.42269614779309,63.12054742498274,63.88573214370267
1.068071065712516,60.67732885884598,68.09969718031526,68.4554937390587,60.235603212429844,69.69710063513459,67.18902390263138,68.84692239906204,72.58473115995142
1.0642361977552166,66.80424161514716,68.808152338912,64.82763607512078,64.54431239002383,65.69594066362241,61.162034159481614,68.10126404260082,61.42465641848882
1.0604051803055299,66.27601915401507,69.73330584212029,62.27163185538159,67.51947280935391,67.5272296401291,66.78212208471135,70.14509562120311,66.0690520005602
1.0565774766587233,74.29085672186261,71.76635520208256,67.50368884219863,72.52047201022434,69.37962960054163,68.26463388795581,66.28430523337734,64.13896468404165
1.0527523522034246,66.06017338933395,65.68836393910999,67.19217342367764,59.74902280558688,66.51826946509148,68.78043797327086,64.1220256539603,61.95590667852057
1.0489289183835377,67.1475714330736,66.94125453835075,66.32567768708294,64.8359374944482,74.90959412626019,58.6607288009578,63.460195437871405,68.4172108524812
1.0451061858399722,65.02890841220187,71.96945411243645,69.29352208598783,71.49404243842102,64.98318956424544,61.7269784274604,74.2940626739452,63.47948022130154
1.041283123538457,72.95082362305331,71.26181527408112,65.84988490694629,60.046272281296645,67.51552471477754,69.80548057342277,66.83310432464084,71.2302426915379
1.037458720339785,59.60676809541395,67.82514891065856,73.11170640272246,72.08151561348468,69.51077401891682,67.90335065012526,68.0088481478,76.4801722659458
1.0336320453336936,61.26758851522545,63.54488496104616,66.30251214049792,67.29489477372044,69.68335307935406,67.87755098799411,70.79987866855066,68.65163370170846
1.029802303342856,66.62180367495901,68.00007157366589,74.49980231271684,66.21532761398166,66.84523336739838,73.14355933997858,62.13702591804293,69.00809178740818
1.025968882301314,67.34316393099962,62.63531423561355,71.38783957044454,70.09408873543758,67.0604919223897,71.62252692777292,64.17741179505595,68.22503051937932
1.022131389702029,66.78940128050517,64.28408339989885,66.20970737080503,74.90959325993104,78.57029679707637,64.78886040075906,63.95164509263039,75.08626846163159
1.01828967596049,65.10607133549408,67.30268454545084,60.46740688352618,67.71544114933484,69.3545634987691,64.4170347220663,67.83310237442717,69.3043614533476
1.014443843316554,65.24916511314251,69.53571920325169,68.20165510842264,72.60277102887613,64.38553503095717,65.34620255636408,68.69587437451582,66.37258844095366
1.010594239750028,67.11523967246951,73.66217782964092,66.44768780051626,65.66890852736648,63.916540234680625,71.23055128411373,69.5987754269962,67.28020313922504
1.0067414382684763,70.61991296048323,62.21063011888645,60.942252403803465,64.47694576660125,67.59370702957966,72.00376828341457,66.30779245486423,65.79591786250518
1.002886202788425,67.88570313475225,62.06165088133781,64.03452492794558,63.18891937025011,61.50056784045598,72.06074722169284,65.44007170619932,61.62308577457527
0.9990294426247331,63.565086064149945,71.76084945261395,69.94839649193112,64.454179311842,66.62850111998637,61.687232230668855,62.30752184294944,72.28425317827435
0.9951721582815523,66.69632611823131,66.0293747162227,69.40209554644494,62.98454540147675,61.39605992452569,67.10758531331632,74.21951335874986,69.0964090896977
0.9913153817618674,65.41139324059296,63.776231524361286,69.28291603601087,66.78389623487296,68.15317654864137,64.97156700562833,64.873668718525,70.10044929613004
0.9874601149487084,66.52975546767864,63.93154217652547,66.95170389875801,69.13671385467633,67.5840668545461,62.98070649264889,73.33660025116725,67.145790863529
0.9836072697375396,70.41281035980957,62.891734565802615,69.72811540981364,69.11958717090266,67.15174987709229,68.8239080998882,70.9286499873357,63.67175174893762
0.9797576135058131,72.71036610537845,64.70085552666788,74.34748891946853,66.48963791718022,67.5113396579041,68.9309111736499,61.31626401548496,67.62652366231134
0.9759117231952593,66.8427387029869,67.55149724620712,70.10452969496846,66.21796010051945,63.98753661790882,71.6445351402965,65.37283955226881,71.11571766513093
0.9720699507718361,69.88610074335126,63.642633765282206,66.78862345404434,61.02859074783059,69.8125961894321,70.41797734496306,60.5753069774571,66.86127235370951
0.968232402147119,64.7099256228854,68.42510078184378,66.89831913842758,70.2566575216725,66.57040790221919,65.28062642873782,63.44679522310025,60.74554478250924
0.9643989308344465,73.27015763525002,62.1678600956466,64.25321543274617,67.08737073548409,65.51759605725313,72.57844989940637,61.46208277496871,70.78391604087581
0.9605691467232735,66.93576444629261,65.00690126859911,70.46963490511911,63.22608483690982,66.41069943765854,65.75159462206223,63.99260384038075,70.45973143472558
0.9567424394413795,64.59474787597883,65.60268580786384,69.18103830183752,63.10158551580917,64.88859598673912,67.3586520417145,74.19096900704722,64.29718320688188
0.9529180148938882,63.938543204770156,66.61093765636205,67.24439667963065,65.68486105137896,67.05185592240369,66.24160939066756,71.80176572763729,66.73218105373265
0.9490949427753008,70.17436453508148,68.93079260134338,70.59293485220964,71.38540296798442,65.65676629161513,70.83419159606818,74.21236443169092,70.4848960311054
0.9452722121946477,67.35150451248666,69.50877269630278,66.28958402667648,63.12737273255438,68.14328165772021,69.98230755710617,65.80968485093987,62.60996936462518
0.9414487920738742,68.71556553218683,74.47003400056104,62.81108483129669,71.76452904917157,64.77955561566301,64.82864241873767,73.28464949768174,69.1380421088716
0.9376236927034385,63.49943352126944,58.90880637224484,71.43049364105471,65.46204032504363,67.41799364853021,73.01788229266198,68.24226859854798,63.27460052317562
0.9337960247812628,69.38683939105034,65.73138980251098,72.8049832695771,64.38406508808848,66.21295460772184,66.97075887419216,68.46561943575809,66.27319749358601
0.9299650524225054,61.51960268930723,66.10272380408864,70.15257188026881,67.25049397686725,66.40422134923155,64.83718585565549,61.05564329346518,64.75782855887331
0.9261302369958009,65.92249592568824,67.31208293395238,65.2756637853129,66.42457649001119,62.70012505349731,64.52790408556831,64.71220944172572,66.92542459205725
0.9222912691926696,66.17817428681059,64.11943021336523,67.72025662816749,70.06098700906738,66.82664848234887,59.81643455012762,67.17555923051205,68.06556652485276
0.9184480874369386,62.264949155519986,68.67016725694705,67.1987952486582,66.0416386950597,67.14067176444311,69.4800343468001,65.5838274862172,67.22290650265604
0.9146008815489615,63.77346436847521,66.92392091198626,64.79948744936195,65.94581738449352,65.61355996490704,65.42429256556,66.35881508293947,64.1314483538202
0.910750081448787,65.19709356557614,67.5813260660889,69.3950587500738,63.76331192728715,68.33592167011284,67.22206230956188,64.16984820721959,64.41824439819462
0.9068963315639487,70.19576620886389,66.70960406753949,69.97552261906671,71.98004390339435,66.6626964345138,69.69047277139768,71.75811348111341,69.95281456393279
0.9030404524514866,67.6577074901461,67.59892859334579,67.71889411249724,69.2196705177232,65.09580340386391,65.30423844828839,63.83837627105992,63.468323520594105
0.8991833919020764,65.29998339192213,68.33011186604054,70.23609219302186,67.55461996893303,63.8377322149125,75.32511601622082,65.1584374162885,60.997507311106034
0.8953261684226794,64.86728033107745,68.58689546782554,66.19336563209917,63.112785180677676,66.37795500138468,61.242530075071926,66.07284075718509,66.40226064588029
0.8914698104551787,69.3567135586375,71.78767801113038,67.87421815851695,65.7585981202268,64.53803981356015,64.80114124707464,66.40066326001417,68.4099494354058
0.8876152949530388,65.73612604090287,65.18069049094665,70.12774089479424,67.15057493708784,64.02659310669175,70.53575778830758,66.4659684015476,65.24676606041918
0.8837634889878607,71.10118220627608,66.20786012727602,66.88724733572967,64.48141253598861,69.90022060245404,69.18536969270204,64.00790539218694,68.58856438198099
0.8799150978871165,63.35227148025809,68.29645633159232,65.30038747775649,66.22910913656324,65.09777649516971,74.82587857980471,66.11190292258647,68.78511117968426
0.8760706230211825,69.60032601959377,65.49650830737123,65.87105382861003,64.66583730684063,63.37563486127143,66.351081556447,61.97110225575264,70.44824757935382
0.8722303317833603,70.07210814456415,65.6571715735515,71.92285253271932,69.35795826730183,66.77789683650569,67.66824112771644,68.86664476275665,65.58813696500367
0.8683942415749326,68.16722530173111,61.746556187563705,64.84187845917491,60.06796902205669,68.21324659394313,68.05341280686167,64.47141222398757,72.70686718193173
0.8645621187629645,68.30044750423151,69.7570883024058,70.44873455657752,61.89877014508838,68.53108886606506,64.11303051347842,64.63258524964311,73.63904586813312
0.8607334926738389,71.22767840101962,65.34657942427711,68.75919532999299,65.85989046285437,59.97747797157029,69.07473970592244,65.40580790370947,70.12887500977462
0.8569076837768625,69.41876177314019,65.48021705746748,66.47688568525373,69.02605456663683,64.21380774649987,73.27608181111691,67.00004698060602,64.3469049769392
0.8530838443564162,72.69025695623101,70.76984339953196,68.99747976531873,65.93873120411757,71.09152709783547,64.2068435588772,67.85093080746675,62.54944253591661
0.8492610092211295,68.04637545134838,68.35902858103165,67.04899277959846,67.7404608849463,66.39584478454842,71.70632455417365,67.92269862095984,65.95499497900997
0.8454381534002624,66.63914643099761,67.74981754412214,66.72133702725546,66.65950996886215,73.71508445252802,71.83089341975816,65.45220248378675,68.6109147280898
0.8416142533664308,71.48307941106188,61.273770522461795,72.25092460940402,69.79469674937287,69.48574796738122,67.39892080019986,68.92744450159996,69.26660709810037
0.8377883481232353,66.79186278754912,71.72679081356905,71.49608501279054,68.3774204307762,65.97491308866536,70.85755843082646,65.35985578865231,68.27677369751855
0.8339595965159251,63.48905338436671,62.94466534553095,59.91783643417925,58.371712778856406,63.26069517641902,69.01501215152656,71.39548206569039,73.79166248161798
0.8301273273590759,64.55491804187372,68.86676409587328,67.20014196376779,72.75659307938497,64.31849706127093,59.21302696906619,69.53200947842716,64.50282091831345
0.8262910794108058,68.30748162241255,64.16289577154936,67.5773850227598,69.7008266165943,64.94964884891438,66.89462523292568,67.34428292380144,69.63647417204123
0.8224506288306296,71.91467898128649,66.78613419960803,66.88558224403306,73.98843033815206,63.48405872944623,66.68044975976262,74.48456159911049,72.4801869916592
0.8186060025009716,66.26564174709698,63.615883916258475,65.42691588604755,67.68803268975635,62.404145692230614,63.74342874943562,64.2652055633644,70.75548029120213
0.8147574764273062,69.08798602381435,64.44928113486306,62.53824729601698,67.23636111137846,72.02299390910748,67.58880028958869,69.49623303943518,69.59050710449966
0.8109055593111792,64.90410125055165,68.60062551812214,59.89024641642683,68.73505751608346,64.59488929543464,64.07067424595692,73.70350783024614,64.13330911472099
0.8070509622643399,72.10965938422126,74.52899692473831,68.61384136112024,62.56081469501034,70.49953694896443,68.11285683072525,69.86724649909102,67.54687418610669
0.8031945564514399,58.66625780475143,69.73185942229975,64.65223099621998,66.24455109181038,69.4760622464365,68.40549542513496,69.12745763633063,67.86580421001469
0.7993373211662854,69.12468203367885,68.44992447341922,74.0781142397364,66.85158496982288,65.2149679361038,67.1271680249201,68.8408667954501,69.95847372370622
0.795480285420379,68.10431501274738,70.07459910168987,62.57413168877621,64.27719415113745,67.21509069786832,69.09853496597162,72.49420852832844,63.44213589690457
0.79162446651746,59.54145484204364,65.9448398420237,65.485640539105,62.95251480617766,65.1828622481234,67.13994038856961,70.0734604153342,69.98527441888596
0.7877708092785414,66.1774921314445,69.4685901623326,57.41155415780793,67.64209303955096,69.13030352893836,67.44546605858582,69.00828923183676,67.23738260337392
0.7839201295544871,67.72492793708173,68.1928800763299,63.08920946923034,67.767445496516,65.70006848804076,69.50733876095852,67.56842143743134,70.28769517824662
0.7800730654165055,66.45637788495989,69.09143192493924,71.75047976037207,63.50290327697279,70.84120490808415,64.53575311948212,68.50030687055175,66.60850970332532
0.7762300389616175,70.11184948530956,67.44095342266573,68.35591157555052,68.74706277638404,65.53738832961126,69.79154859519798,70.24873354561869,66.3825737093209
0.7723912310361913,56.66975668835652,66.80685263838082,62.761693632708855,74.4100567484584,64.68048516225159,63.69425423627435,63.23046684624361,64.07692838253212
0.7685565704039387,62.22381010304207,68.69968542688483,70.20986061899332,69.52722185199283,70.41702038232548,67.20463247521654,62.08885044114858,67.05074758214414
0.7647257380130527,66.97556073401694,67.41633008484234,67.02020821842133,68.77118645948528,63.13166309524991,63.43868861087764,68.50067333264849,68.8351037887729
0.7608981861045252,63.35658808830009,68.98221058882905,71.92895786795552,68.34987018566532,66.818906206906,69.43982709727959,64.41410104108616,67.18075938322342
0.7570731710071974,65.11046104974724,67.06856028208726,69.62844124485835,62.23843201849015,68.86201763280474,69.17892226147399,68.51124698761913,62.15704353603053
0.7532497976405915,63.163075790547865,69.23675522959948,69.58980277794434,65.09539127378785,65.27435478341965,62.97419010972786,73.44048272649503,71.90185800032485
0.7494270730450011,68.58962234142274,67.71899588400868,69.2754484160511,66.66737874674016,65.16132375986128,67.2528894115743,68.09014545820956,72.1495334820569
0.7456039657221996,68.07371330790501,69.40140432069862,71.13502216091173,62.35743280854282,71.96582677902246,68.17458659621205,64.56862914170176,70.26186076340757
0.741779467230883,63.71471308906272,73.01277722512185,70.35950346948742,64.51092153275106,65.49765204237659,64.3745682223883,62.7422512840409,71.5632812843863
0.7379526523571402,68.5877546219362,64.84372752381918,67.84412094473598,67.12539114518434,65.56031931073514,64.39415207606177,65.78634899010278,62.20046419544113
0.7341227342767397,67.59507970687955,66.2056926375388,70.24032267671184,71.88735198020214,62.888655788772496,65.70054503250327,64.69594312079154,65.91136728401496
0.7302891114343409,66.48563709418725,60.166903201356725,65.16209218387054,72.14817651950415,69.94406277331983,64.02064417006704,68.22472649717405,70.50497312533948
0.7264514033642486,69.22145013637889,69.77559586098388,67.75459265479222,65.6471900781735,71.59936328170731,65.17172344874602,69.48118149328829,68.75275596329983
0.7226094733368857,71.94939366079946,65.24298267243171,64.73521546911662,71.22687090756732,69.51936539893761,59.86912246008922,63.308129926725705,69.50756103925954
0.7187634364955454,66.28234164215483,69.77062163828523,67.58121628770373,69.13488574235502,66.41805396706151,67.15979132226394,65.41347408579507,66.18347870650499
0.7149136530040333,70.04005765725242,58.77309926111499,66.28443254627639,69.33206070590425,72.96769740686368,71.19342985776147,68.12124960433947,66.83508300739098
0.7110607066089252,64.571962978784,68.0453721934558,66.43229454351842,68.5638542389336,71.6312899193559,69.08367442333508,65.2803439790888,66.64532860077601
0.7072053698804842,66.14356039974447,67.0393807980165,62.42388425151373,65.29515030591433,64.19288536224578,65.18774519136787,71.19494934994621,69.82220339645185
0.7033485581850157,64.71546412039652,69.80443719277014,64.48196923650046,66.99091793686765,66.9475910011199,64.45599483489434,65.34947892827668,62.016906402012296
0.6994912751130364,69.22295959134034,67.6260164081843,64.80884255516615,68.1068280012739,74.96762191135637,62.53821625820706,68.50368891282746,71.5151520018162
0.6956345526022716,66.55801726647493,68.17781489944825,61.71348475220431,75.03155846720344,71.39637412204176,69.67556086008874,64.770977797207,68.28972142391459
0.691779389320244,63.937648727580225,64.55477247011109,65.64738676834979,64.20988311175054,65.78836258400027,70.70214792522083,58.61256776009983,69.3325260822245
0.6879266909864764,70.86043084292938,69.38584797511163,66.20224930059854,66.78054178353248,58.4388302736135,66.49548936308365,67.8809060972446,66.6275656661109
0.6840772162094685,64.81505008331384,73.56748608997464,67.90408101211985,68.04159709332556,68.54223158623428,67.1369086526683,68.7327261893151,69.11784339791994
0.6802315310923879,70.23107386931568,70.43527228379133,69.02101842584366,61.29728898780191,65.95714596192636,73.08131142141646,74.0604337323051,60.559680601489355
0.6763899753411764,63.35419002122878,69.798983157386,66.20331292906276,64.73278012017289,65.5568915085403,68.66712315601912,67.82906053925753,65.68534023400352
0.6725526419199228,68.87320304391052,61.68205751552601,63.72386403758551,70.96378787376953,65.16156183934693,63.279390440676664,70.19736334742579,68.2701636273471
0.6687193714825312,66.13627620292623,70.21082246286771,66.52866599172984,69.50940975721694,69.25773879387576,67.88211183732176,64.70221713960088,68.6401357204972
0.6648897619172639,66.0883911234001,63.521779055326256,65.31759264979787,63.04423063995532,63.87606087109779,65.84328507542318,67.3154666698808,66.87188991269002
0.6610631924272674,74.45328265962246,61.998572014293195,65.3086038602395,73.81146963799529,65.01758507337426,65.06877977577487,69.64624935036782,70.63946662219782
0.6572388606927384,66.99738691760977,68.26034876982263,68.35210517365232,66.54950851599567,66.39153303697076,64.74973897802987,66.33955472176343,64.40611796335381
0.6534158308735525,70.75367020945798,68.02390821243556,64.91985189166519,67.78927015839106,67.70908412236231,68.80845860396224,63.47575840816592,71.90290802728666
0.6495930895632673,67.88816819539042,66.42068704319543,68.01454462945482,70.90148582046437,68.80933976306818,65.16789976349143,70.83695986883258,67.18266460689614
0.6457696063353527,66.85478274466098,72.91183415767375,69.36174518504981,68.50358849617216,66.56632957067457,70.0294095150026,65.5320582895335,65.71837992203676
0.641944395257339,65.96296616578792,68.69980066005449,72.61537702166369,67.88002375475062,65.66359775612456,67.6630029007079,69.73785326040435,67.6772305632599
0.6381165737020994,63.12315416781499,63.42699864339632,72.61328185355407,69.1588601521558,65.71994093109994,63.80051181709887,72.88812715076284,64.15090680862663
0.6342854149578405,64.5649471996903,66.18430740998946,70.0124368894253,72.44816510991657,65.80813361262032,69.98426094453501,73.29464230945818,68.16471723432582
0.6304503915166191,70.28467909632232,65.22922220652782,70.6688450677464,70.1799484363189,64.68631487522372,68.47400217562092,70.21804052769531,61.50285862789802
0.6266112064808051,69.72434969629474,62.23253466457559,65.69419088228788,62.27024448699909,64.91214066964606,63.60946196765908,67.44598576815648,67.40348965526023
0.6227678112336315,69.06347870600017,68.61626087712851,65.05480864912752,68.47561726853016,65.60529284468976,71.17596003734128,67.40786743529675,68.94424472157279
0.6189204083322288,71.2192230998467,68.31520450943454,72.207486360439,67.50880361449039,71.49281540478559,64.84816414626574,67.93182531735651,65.96422135035017
0.6150694394527224,62.44230937020462,69.85283736968938,63.72234957611921,67.8565236392997,68.52005960622905,63.90811990557725,67.11005132848474,71.53820923805928
0.6112155590977542,67.92292721426281,62.82189718957464,67.98294986035289,61.35301525633267,69.39236701055462,63.47932345287916,68.42637045268259,69.66208885076199
0.6073595956174594,61.26114815137732,63.20819444988412,69.91794083766682,70.14842459596348,69.11853459445423,62.436980128776774,69.50812035246963,66.1026280257563
0.6035025018475512,65.21711914238072,69.99917457773974,67.3102086106497,63.04698493516551,66.45187710358339,60.099396428285395,60.42537645813429,66.89875204152885
0.5996452982889241,66.64698397396701,69.30080044229847,66.09298731487394,67.2102405270986,67.03161025557789,70.84540541739035,70.45094979599043,70.95509006231059
0.5957890122047875,65.68988278945085,70.43350420369437,64.21933773585387,72.50758555001505,65.1330507456922,67.89610109518527,70.38816638244114,63.674680119716115
0.5919346162651896,65.85851632514542,66.63052095859014,69.47805270958402,67.86606792216523,64.01680508039556,67.45223149039157,64.10645634639609,65.43125810826808
0.5880829704073404,60.60168812270349,75.9990220888159,62.980971085655945,69.21091013485164,66.17045047012301,65.95317249462859,67.09186914311299,63.04033494799962
0.5842347703983265,69.09591394009968,69.68970094125926,71.45823688766404,60.51314287584227,69.94329273838268,65.47572674014201,74.25597078657734,70.33483027137018
0.5803905061931777,64.30411361048691,65.34792180443344,68.9382071948876,70.6548090004266,73.32782041538196,70.87382950134547,66.5792596042413,69.69767650083419
0.5765505185204881,66.39821695417541,70.5173248222888,64.27879738892935,68.11025086375085,67.47119078869753,63.20177119214129,74.2623546295994,70.59879956487337
0.5727147207202837,68.18989810706987,66.19078016553388,63.83016947104607,71.39091419602742,66.48758647299418,67.57630189921298,67.30259883397488,62.55375324664799
0.5688828616874458,66.35063316133044,62.01494480466698,65.9999499627441,66.81524204501406,72.30160970556858,62.14506863870923,61.81483874300116,70.61299114939428
0.5650544549905299,70.28468885051342,68.91121527760598,68.47164081880756,64.88151539515185,62.556838743745125,66.0893010212367,73.08075329936943,65.54460220183114
0.5612288079980755,64.750919879087,66.21954230714437,64.5726883155095,66.30722748755389,64.18913720128297,65.86022350921483,66.56716252188913,63.98366709505021
0.5574050633333114,56.04013993878939,60.28616640808438,68.48645796835247,68.84542451274301,72.5850702327351,65.7588116235546,67.20232550090655,68.98343024477518
0.553582250158837,65.92279483674892,68.01392528032528,64.56641170582348,65.20804192663596,60.26913213765639,66.60774814762173,66.29876894835951,69.86473606634391
0.5497593422074045,66.81441352740174,67.1660068130048,66.47256013757017,70.60604390493864,67.266608811245,70.49167851205046,71.53618867996514,65.97195720367596
0.5459353190785995,62.888644290863965,68.9133121044067,62.43664014527368,66.9759634538953,73.53305881933179,65.27664940295952,65.24689320808072,66.70949362864667
0.5421092271363745,65.65242234563254,69.1577734183396,69.22336880917481,70.00564979113065,63.04324338436628,66.4465200744369,60.59430367642784,68.86197520385431
0.5382802363777204,71.88873339506542,69.95192568477297,66.58534208875723,68.6158682402502,68.4490248721964,71.35472892087458,63.26580766522301,68.3140898539537
0.5344476898934484,68.42830129232395,70.84382649777997,64.48718663687526,66.05629220088032,73.200998001422,73.4299051732841,73.13561501303165,66.61595381777066
0.5306111429906905,70.7807719691668,62.13351569135825,72.8183925414157,66.65736141975448,63.86288606228752,67.85723649062592,64.0398929194582,67.61961380455442
0.5267703896649099,70.006954306222,67.73048783629442,68.15776782378211,65.96393109929244,70.36882710292107,61.92860047808459,67.62549500479334,67.66680448917668
0.5229254748597735,66.55500137205657,62.97311395544433,63.588308846491856,63.07754029908079,65.65474806916075,71.17500416556133,69.01249930940635,62.9870278424167
0.519076691792449,72.34962823577574,64.5676120776512,62.211992242351556,64.22947090942628,72.57438622678788,62.20783061996258,65.33782222576151,66.13872962921673
0.5152245645019071,67.79810657074057,66.61876893506333,66.91015331267134,61.74260881744181,67.59461123465786,65.18314707373398,67.53025432487753,66.30095975930054
0.5113698166489405,64.87753800770832,72.09552765314359,71.01837940404569,72.88452825625014,69.8874045787353,63.512438087583156,69.69795496598084,67.38773075244902
0.5075133284095455,65.91702002862529,66.74883115153493,61.70091804096494,68.65342302564778,65.47135477858022,70.1471599769043,68.76710640383187,67.52466663926971
0.5036560840114178,68.03732331413005,67.6873859493333,70.11259048752144,67.72291276965913,72.41331077559587,62.61545651092826,62.960285037141055,62.426239757934205
0.4997991130249393,66.83734791449064,67.9588859575696,69.54158653313635,69.58583922334667,68.27880018015557,71.83593717888759,72.73885837926154,63.231204899135676
0.49594342890084886,63.5840540730814,65.6160955226796,63.484075642559944,67.3099016510328,66.27642556635374,70.85553416775758,64.42375122775488,69.358662041689
0.49208996842211933,63.57081141054887,65.73705352181118,69.98781292773796,67.5283492694727,64.77859284172523,71.4535750814029,64.00757288540507,65.01578267851926
0.4882395356942955,69.17434360538417,69.57447701784024,67.25164746898416,67.79704210985184,69.6379960987673,65.79015690470656,65.94402002366058,69.83770993714184
0.48439275403663923,93.25090259529188,75.02316911994659,66.12150705191148,68.96134403421246,63.78937078999011,68.22014917862191,72.86257150452302,90.54589616588373
0.4805500286694483,133.9862289994362,65.56591919262274,66.40053507428198,64.33711411401114,67.46987019092876,65.10669740755075,68.1486467867301,118.23101316321525
0.476711522447729,166.28505846570675,70.63936769173291,68.78044146409744,63.65408690917028,67.2986589924579,71.60309568500635,71.5453344717571,177.93249828109137
0.4728771461067385,285.36272797908657,66.25224455216268,66.82804922124677,67.89129531454505,60.263626425045295,69.28067509462126,65.97704167387185,283.8306636590097
0.469046563608956,689.5066641477249,111.74192602282353,64.13952494293156,65.71441280979961,69.94495455711397,69.93692026286158,110.91956324521412,660.4565911160606
0.470933379807007,380.7710666742573,92.76213733310134,65.54522791181793,71.9592646743014,66.22199460726121,62.04575795040406,95.94314075283923,374.31782167981487
0.47407465077337835,274.8242460115369,66.4737950577017,69.91810118252445,61.783454259324834,66.83664936555799,70.38979396173936,68.44976617539358,263.41628784034714
0.4727889202970565,315.53948706572504,67.43918812596456,62.611610525350926,68.33352477525604,66.74565089876072,66.70013235905306,73.04674151824557,303.8238594073552
0.4725325031413258,323.75713522406994,68.14332080228681,72.45186786718321,70.78448939233878,68.46222207765857,65.68017990232393,75.29138067490602,314.16021977356485
0.4723313292186474,315.5471169047692,79.28201606629023,63.40679988803009,71.42803410187017,64.62082980446749,68.31073259202017,77.39992164891474,325.17027420449614
0.4721704216201182,342.24663009671457,77.32530212324707,72.14432570114653,65.78151939292057,67.86547113121941,66.89173999164284,81.9075060293331,338.9654169289707
0.4720418926634989,340.7787523211812,88.96293282903828,66.99725816038271,69.40043408271163,64.45335991213334,69.14668934120338,79.66635273421556,333.1607579569953
0.47193935999681763,343.3628347454752,82.54563951883546,67.95049530640256,61.63405761453513,64.58999322362239,60.020152810568256,74.81069013858851,343.2928469441008
0.47185763022444793,341.9763177060624,79.85667598023494,66.3760639683853,68.99969120802636,68.36522168697192,64.35946861984742,82.3387267729386,345.36485354124846
0.47179246388662244,349.40598604582004,77.78658265228202,68.3397637129793,69.02246350332489,67.26059397268229,68.59217917288987,81.86491523710393,341.38288684553663
0.4717403952635342,347.7382219694555,78.94316691062373,71.67989139770681,69.28539657866821,63.03229681670335,67.9017549550281,84.35905139035171,351.1033838843325
0.47169860463155,345.1755178195086,85.05032887745114,62.20498839120112,63.60761010672597,65.12944072149243,69.16172014630767,84.09919794838439,336.2041379534219
0.47166481658991544,350.723181695885,86.48556870185173,68.67373688487254,66.2997298170018,65.17655884056055,70.12265566001005,83.95732075206627,346.8267968561285
0.4716372097957254,355.2982264298347,84.503799851165,61.68686096068594,67.9883793170188,70.03918028735305,62.14385250809675,85.12590658822097,353.21679588043446
0.4716143564554045,353.5529839896532,83.49676853466507,71.38264881909252,68.93903085657045,62.88890627026615,67.81874550893257,87.34687280444531,351.70155230168007
0.47159515804738017,356.9523012274748,78.14893296340863,63.82680191512922,63.32603615698401,68.63043458561225,64.98897068687575,84.68754687456757,345.41652204334326
0.47157878317588797,345.59749658422567,84.29154689084955,71.92281369460298,67.09981058136069,70.90478571840553,62.7537080737709,89.84379665080763,348.63013772898097
0.47156461011200645,351.34079867346844,83.11108095551378,65.9912656092279,68.34400341014656,71.10463364309108,66.39165282230022,83.50616439104171,346.7904072370596
0.4715521768785909,345.82337049735594,83.99102172940864,65.28856751787956,65.86191150277136,64.32585234197343,63.110515885707855,89.46262454539722,357.5569172675487
0.4715411403874049,347.073076061656,87.00269933393817,67.07384006862183,64.59488185311996,67.41135604434625,66.79898048042561,83.2073683917496,345.10221807375865
0.4715312445783321,363.89762625427124,86.69123709797339,69.3810085234815,65.24006636112969,65.580407674495,65.91028175290897,83.21437844715412,354.52468631022265
0.4715222964779597,354.3348446889186,80.82793148728165,68.11854123663637,75.47944556634319,65.254746296515,68.6349238946956,86.27218671372964,348.49175081627806
0.4715141486762355,354.2874328644864,77.01683556751438,71.70084641514005,64.354043656416,66.21314038330607,72.05683314974262,85.72405313762644,353.90915230111983
0.4715066867237161,359.93003649111427,88.49741776018324,69.06728176234637,63.81641148362959,66.95455475840906,65.77244155266506,89.4542383490876,354.0808404434443
0.47149982016258557,356.1164922503399,92.22537570091433,67.91318905717999,69.44871631427038,62.73985472852674,63.80593201524207,82.74508106479838,362.1731703544437
0.4714940557343021,351.9344566079949,85.84846769543968,68.26011828231916,60.98531610124582,63.037941342621174,66.93537435035388,88.89006899567445,361.4266167383669
0.4714894422596395,355.0144543943164,88.34814556337835,60.50671073861539,68.8156808852113,66.99613788478227,64.62630665234293,88.36565667517809,357.3859931208143
0.4714857499287882,354.36708022612,85.03797841235894,66.40690139179199,63.059642909964175,67.32329192673933,67.91730482450085,88.14786046533409,364.25954630003514
0.47148279483519,353.51340755273856,85.80654560321261,69.3844075606717,66.72016687371115,63.46043333501367,67.6297353245563,86.74402676798616,350.00507749657595
0.4714804297861162,348.942682774374,86.57289654441531,63.85129420383466,67.769719355073,68.76361846539113,69.09709803867179,85.85639815532697,362.71787439436616
0.4714785369730274,361.3332665146456,86.39538206159449,68.09802406730537,62.86383757424122,65.30909259543061,61.65366545666598,84.54338171679686,357.9875538659523
0.471477022106862,359.0559461958291,90.49605287695823,72.46575525362988,68.93826549889353,69.85973586216855,72.91541796336126,83.89708145058357,357.5618078970361
0.47147580972339337,348.0845046216911,81.1341813047605,68.28492113597852,70.6774931830965,64.20275200459413,68.21227715254079,88.61098061997906,358.36648846682317
0.4714748394253696,357.267708985949,80.97983458485662,71.41932732907611,64.71638607579847,65.51280151337649,65.18104955872985,87.00335911048735,361.68923014794973
0.471474062874616,343.60884637743175,88.13919575634988,67.68625656544921,66.55428680376598,64.93772816585712,72.38759603527578,86.85179599358266,359.8567294114373
0.471473441384497,357.8625623474955,81.66009768273739,68.17238641798262,68.43545290372214,66.89635241536838,62.64423160391871,87.88340558645311,351.9290178390212
0.4714729439929551,355.2089839038409,82.81054424671983,70.23215835824291,61.2659361357232,72.11010370028927,68.39779924688997,89.09492841092576,358.70368303019234
0.4714725459202226,353.43390693310124,86.7967314019701,67.76400432714797,73.99664856195213,67.37564328512718,66.13561503047995,86.81793710316754,348.86671130072307
0.4714722273344369,348.55443244214786,85.83000002666559,68.5941994817337,65.11124171261156,73.54089143120967,62.499889980473796,85.71943593157665,367.9430582881616
0.4714719723636978,362.1839484594775,84.62524468356669,62.45397618446581,64.29190489244573,69.56975797088487,63.70397235289712,85.6850789253614,358.48124215435814
0.47147176830537413,361.36893952265734,93.3516774457616,71.88466376663838,68.57919752223015,69.69794316234031,64.27980655267407,87.79463071950128,349.72987189484263
0.47147160499328167,353.48299627101295,86.45299199115111,67.16524360330915,66.45655556258596,67.9040023526273,68.71487364401295,82.56639671710302,360.94309026940556
0.47147147429121544,356.2179264078495,86.96669895504913,69.25831319091009,67.88678278362973,73.36607371037174,72.38109961114742,86.44595673305885,360.0752723359158
0.471471369687607,361.02654906092204,87.7579798131356,71.58357778077571,65.36194058720913,72.0056467874909,70.31944006620107,88.17561258698287,358.6920481337624
0.47147128597111976,352.3726606132597,82.2194211402715,67.1797929120178,70.0354509638137,70.09265322378978,64.99473678350759,88.00938121432031,361.91550152686386
0.47147121897101857,364.6254568035557,87.94742948563506,68.88148811556567,67.14952179909689,63.8374058848112,71.0972580614174,89.04811811477241,357.8378020684113
0.47147116534938277,350.8312454574064,91.74582669675702,61.974514407014475,70.3618888880049,69.61149616645542,70.26030301752698,83.72840132543902,354.3555694546232
0.47147112243480854,359.6007095467328,93.36141494176313,70.19478581529565,65.39475048927879,64.96655689537813,67.00803369242036,83.20504242062604,350.18210700256276
0.47147108808552235,360.40521622395596,87.68402043314876,68.96671440549704,62.88484874282912,71.80747902120913,69.28285075707552,84.16268270969343,358.48191647562317
0.4714710605956892,366.30181008901224,85.84176802797677,68.23657458012069,68.87972011500376,66.85502594833213,68.53166521067968,85.15686310996365,363.01570055291677
0.4714710385955139,364.803529575877,87.31463185658684,61.96824089343329,66.1668790698703,64.53034231027209,65.92750069543166,90.58194315504737,367.6663793427613
0.4714710209887289,360.9270748804114,87.61731263515904,65.01826622914749,67.4905150479991,70.51582263313128,70.22367500975676,85.25730987385589,364.6012300364139
0.47147100689798666,370.6741533910262,83.62316942149879,66.73278552698552,70.50573811642664,63.955966480107165,63.84554103921842,87.48263358149812,361.0817650210796
0.4714709956211429,353.2231835644304,85.08154461912119,73.85760781060219,70.72136006776373,69.00759905183273,69.16406847234525,89.69192988094618,352.7608068368225
0.47147098659626885,357.4605954118191,78.46575844980144,65.03035488186164,68.8517520263062,67.90573946364785,68.8273655503859,91.5658183475992,366.7087018016488
0.47147097937365123,350.91117557497523,79.81400795806732,66.87043151679354,62.547586049634376,65.16427023162075,68.24141733436278,93.84427783056918,352.1887008932282
0.47147097359338297,351.9338985018384,88.4684831406503,69.67831947414282,64.02232193397552,67.68885655376731,63.993117537049315,80.84724531551564,356.71128828512207
0.47147096896742935,363.3948638549024,86.86948464902875,64.16432466559574,66.19732184323367,69.54330912746488,66.91591776034014,85.95396930756608,356.66869578553514
0.47147096526527577,363.5860991993512,85.27582052760108,69.69099583610078,64.62543340370979,65.28159304906035,68.85848470433011,88.02024990528852,356.1469032948482
0.4714709623024404,350.73108894629826,83.23426382244013,67.88489977160064,65.77557524518127,67.2733381863662,66.52209364152122,84.35571613841711,358.436073440233
0.47147095980097214,353.21075276669995,83.6271828162744,67.05648989804651,71.83924784439156,69.69969758844886,67.72904493354481,84.16938629911556,350.3976951279171
0.4714709576677952,354.81937001333176,87.00437450330519,75.38188654429163,70.22768824271259,64.5494523920567,64.1619872346461,89.31985181008774,353.8485149769673
0.47147095582958076,357.72807259324514,91.11708236687248,67.26602783750934,70.10905235360467,70.69257597706172,66.28712998491406,85.38325139619043,361.722183683684
0.47147095422764007,354.8602903501846,84.70691941789882,71.19010948779133,70.22843857310419,58.641329122893744,57.44945273343225,87.07798360330764,345.4484582107104
0.4714709528150009,351.0230668421859,89.89577226037447,71.26429381407179,71.1136593420377,67.95482616384459,62.756649640853,84.2306198448279,347.1921152585488
0.4714709515540687,352.0725479785542,89.73142189078767,66.38770456159837,67.12554209035555,64.97580767460043,69.01682094662598,82.02278278464304,356.956137723259
0.47147095041475423,364.6431382705324,86.38938544865208,71.36054467830284,68.5791353025323,68.08720033007948,66.03856612081493,91.41192352491188,349.72010120573015
0.4714709493729753,353.59102685544167,87.06940593772364,68.20716816618514,69.09705628159689,68.21349053680692,59.319592808798255,93.76979258367919,351.9156680648323
0.47147094840945747,350.09441859625514,91.37379075679806,63.531025850902935,63.18005836086764,68.77475164898415,75.05149480229542,82.66468041721609,350.33327912390376
0.47147094750877394,355.8227085273214,81.76772904558028,71.41007470531976,61.85321921658286,66.31858724015746,65.56583205403713,82.66875209235361,357.2923431808315
0.4714709466585775,357.26147891417173,83.9258223810611,62.89077911328699,72.26622819785956,67.85764707578453,68.5822000231136,82.8743004624837,358.77268721451946
0.4714709458489859,352.8771230921562,85.85706194622121,66.55694741677742,65.56559081806921,75.03646721235016,66.30779428601387,84.05861642004164,342.35929385097785
0.4714709450720896,363.6935829746501,87.23569812165948,71.30134848191422,60.41098338485347,66.58649283159293,71.6013143442299,86.13472082659703,355.73553511801686
0.4714709443215576,357.4550470635428,87.01639963887821,64.65402460377932,62.30614487384112,70.138640954558,63.09610148467591,89.48053944796713,364.1717117314741
0.4714709435923229,357.67484516792604,80.86365878149425,57.25650440131183,64.26833480722098,66.18823720358475,67.69806388772302,89.242214546195,374.6936591730761
0.47147094288032965,361.88263147836324,92.65281292490195,66.66121029978164,69.46366602473314,65.55075599667494,69.9145348268758,89.02837192982008,349.1615801159272
0.4714709421823315,372.41248270327884,84.4740799199485,66.24274426612097,68.42027629940308,69.29295922166752,72.62520816683545,91.11101620814094,350.60437745414004
0.47147094149572977,352.84604266381245,87.98896211589049,64.02112708752566,71.22275438865513,65.21910063718838,66.84650976273416,90.0812568185455,359.292390502648
0.4714709408184444,347.4374875033348,81.85695701787898,71.21462302187464,72.22479399536239,59.059175970495986,65.1302437128119,90.53611108646376,358.6055212474214
0.47147094014881036,365.4969478877381,84.88896436235979,66.15771461096328,69.19654703515104,63.95584264335556,67.47319696332663,93.2887916172275,354.5004392927724
0.47147093948549473,359.96535779568006,87.73768882607114,71.74574599364706,63.082211666819724,68.78449697100855,67.44652508579215,86.1559221001256,359.5510415457056
0.4714709388274305,352.92469453390345,86.25678825133522,68.63933476659189,66.49511325797562,62.033329738776594,68.51928586053866,90.45134020446916,345.24796083594083
0.4714709381737631,353.16912649175026,86.7247256428206,62.65842138541059,65.64222209775977,67.6348142034202,65.45430510742547,89.59340244761302,349.24779354133085
0.4714709375238086,362.2832532979161,84.71967127396248,63.73071200406202,67.32636384624422,77.10486947733705,73.78443952119082,88.18377948568134,361.21274876857296
0.47147093687701896,353.3637146229756,83.06724088082585,71.17303256493885,63.57903954418991,62.324372613791354,66.9114807193304,87.36319941436533,354.34025186633585
0.4714709362329557,362.0350671153439,78.83190554802381,64.41974387159077,67.91711566672319,65.61638510710952,62.53624663197571,95.07094972951667,355.363807088538
0.4714709355912672,355.5182092728349,89.18048384117589,68.65329537684387,70.57897501914077,64.46445118007107,63.810572131806325,89.59350309760022,361.07911479914793
0.47147093495167197,364.0536487736459,91.4534033462511,57.13444800623366,68.04597106160423,65.04402614496787,70.25547089275518,86.35647297933745,358.14329175512427
0.47147093431394443,355.60424149232205,93.2199502305137,63.518147101079116,64.39106449953336,62.87384794017676,71.39020253474553,89.13956275597499,352.00269841288383
0.47147093367790355,349.34892835934687,88.17856606708551,64.62547627092876,66.61019489670673,62.26134647094844,70.86300997681991,84.55767887879492,356.24088201620697
0.4714709330434045,355.9898346299381,85.94564252801314,66.30710236371654,71.54988696834315,68.04615397585583,63.58021295226628,83.99596279823815,358.6541061782029
0.4714709324103305,348.9460124273972,86.42986268275523,72.26762058152224,71.34578920755062,70.19636690437653,68.77746265172146,84.49136607846958,343.73508361827595
0.4714709317785885,360.0515593752567,89.08338331964477,72.43291818617038,64.39736919604601,69.38680379848407,65.42946324815452,90.46112321128605,355.54564929338403
0.47147093114810323,361.20320868517734,87.35556918235913,69.03650260020481,62.384049427721635,67.347313688838,63.41727355545077,86.1529140954665,356.6203604919867
0.47147093051881434,350.43311282047796,85.90827026204374,62.313182935944084,68.96596754419699,67.56127630954887,71.34000970763775,86.71275582757858,357.23378856947164
0.47147092989067313,351.82867394153106,81.80932226782,70.10134782408949,65.46082007005424,67.94988224224069,64.22993808415396,87.22312926101804,359.845361236803
0.47147092926364054,358.4124455267345,84.01035707623303,65.40787052992465,68.9221330935902,69.69565134311095,67.58909961294573,91.39007000498835,357.63432435557485
0.47147092863768475,346.6498199515131,85.98605628006247,67.64469350279951,67.94164728865847,66.73824635015647,71.61568016333442,88.1779311404542,353.46240518378374
0.47147092801278023,351.0497206430408,80.42088775187675,68.40271012009914,67.70253221984686,71.2171627009628,62.60512584177634,87.90669504300512,368.82008583671507
0.47147092738890606,341.17652883848604,87.01931222678783,68.77105172083678,69.31087871611524,64.74877159554956,61.387091427827364,86.77248561244485,367.8008488470639
0.47147092676604535,362.9750682094103,84.65912236212907,64.25477017690436,70.69577922928771,71.92090835504095,67.78043264765924,89.04216357591677,360.2560096930385
0.47147092614418423,354.5645989330908,90.65981766394049,65.54983354658461,67.99647507320364,69.657568422948,64.29747886725704,83.71406932724187,360.48343899178604
0.4714709255233114,348.38385602364747,89.03323371533884,69.75318188153264,61.199752066337524,62.78665471363279,72.98125126827844,89.36027221342064,342.9395304441401
0.47147092490341747,361.39574272047037,84.96572562254202,73.33553824082428,65.39763520284282,66.79126585040596,70.68441598804583,86.60566568426847,361.1511681695203
0.47147092428449455,355.4816096341933,85.65905628386932,71.65123232289245,65.76063921767374,71.3164950938932,66.67795282911415,84.6111616229083,363.20315639976627
0.4714709236665362,364.8722927799059,92.3236329376986,68.62849383969557,66.87119354133901,68.08030429235068,67.343239990532,87.14752526860792,354.77703863987057
0.47147092304953686,366.07504528625765,85.7084791654449,62.38660436585142,70.80284546002657,64.61101929014484,69.77267629790917,83.84146285627556,345.92479226349974
0.4714709224334918,356.5894328389039,84.3213182409385,64.72238904844282,70.47971999434819,61.51530596703764,74.1664433731067,85.0631357492814,355.5997178711925
0.4714709218183972,358.40869398417806,83.76713475636181,67.29493734112728,65.35234915038575,62.86451013426253,71.13087330263613,89.29044861799491,355.3784061042991
0.4714709212042493,355.45892646904633,90.41746724014806,68.05048008300017,66.04490848489475,64.45518785108295,60.877169113577835,87.435845481942,356.9324467644326
0.4714709205910451,354.4226940126309,87.21582230050909,68.5527847773654,65.84368468316121,63.77309871101356,69.05093368199108,87.91159934827802,347.80825834705803
0.4714709199787819,344.0683928470704,92.27290812363252,64.7687849273191,67.61053879294455,62.370784694837766,66.55701185854446,83.82504668986032,353.7546384067518
0.47147091936745705,354.7914543030164,87.27123118189316,69.03603426820253,73.14044601038852,60.957595807521145,67.63188047014151,87.06056360713741,359.1283211441629
0.47147091875706826,363.9704417968488,91.3488368468835,72.39702576749677,72.0263353946636,64.95857593866201,70.52352994830574,84.96657616123125,350.28721435210207
0.47147091814761366,365.4313267969726,79.10180563294887,70.69150228095106,65.71168534027005,63.84183957648951,69.71387764837057,87.1164855841805,363.3523064804424
0.47147091753909104,353.1823888645275,84.31972751195829,66.16715111302324,68.93207545315272,67.07785597631404,67.13998353488944,84.4058030460739,352.9814482628434
0.4714709169314986,356.02432892262783,89.50192177729981,68.43702302959387,67.72086743019103,63.89016655737958,69.04819495444649,87.4687978039277,351.57269712365377
0.4714709163248345,356.38506051581334,89.12261328967855,67.70646808958337,68.01638635977517,68.86624012377216,66.67808453344574,87.47593675935653,361.38417546711327
0.4714709157190972,351.64082595917904,84.31156832841698,62.621007800271165,67.69488271009148,68.54686938515485,68.3186847688892,85.77643083133451,362.04158442975586
0.47147091511428496,367.70537841108506,86.17208991893997,66.14115089182455,62.987120600504944,70.19263723284288,66.07473819725148,88.1418249289351,359.6121476783303
0.4714709145103962,358.316071260375,81.40468535418425,63.75302994714526,63.461509024502746,67.30169222749221,67.26031522610458,86.57144722556275,361.75024913135013
0.4714709139074294,356.2044973294582,85.99650690520734,72.33134500652892,68.48680537687864,66.45703200813888,66.0700845456348,90.33396227642028,359.26360194549096
0.471470913305383,344.78493586048126,83.08518507142487,65.71564295415423,62.905612342507254,64.5740921763083,67.5403277591416,86.95672464910483,349.00618269446403
0.4714709127042555,337.4694694465208,90.44845883817608,69.73430401276244,66.95792409985742,69.29565498583995,63.026014113094604,84.34317461983782,350.06514869810997
0.47147091210404546,359.591078305943,85.41205005430622,63.69975873574046,64.02032165792792,66.61691067335296,68.77533415115617,84.31115638694614,362.5814390473875
0.47147091150475157,360.87530395609923,78.87419549763898,64.21123619353584,66.94249816124189,67.87429026003022,61.439730445126195,82.93286815982083,349.08814699595786
0.4714709109063723,365.94082790026147,86.24593114858003,71.21392474610275,69.65319653890766,67.42770280526366,64.7410944143244,83.73140386285392,348.96983508740607
0.47147091030890603,364.05980890731126,86.72419731920124,72.46687454346697,68.23001125531236,67.44156448536462,67.29269098633138,83.25128086683007,357.7074459658873
0.47147090971235145,361.2676027798185,86.02619130363112,64.4338190744729,67.22243388255592,66.03854039416815,69.8442536968412,83.48435888385754,368.84536184159424
0.4714709091167072,358.971983461458,85.20393660235538,66.43970967916313,70.24717117264915,77.5291965764867,66.84555104471914,86.42143055933136,365.54369343827256
0.4714709085219718,356.39824416021435,85.71973487340495,68.65036270327224,73.3539527508487,70.10196443045827,61.76941912796509,83.39838934195397,350.730562780979
0.47147090792814395,352.9194037598101,86.24968073948793,68.07823253123274,65.80806730344486,67.35788159655966,66.80797416360899,89.2898705583123,352.9726622576566
0.47147090733522207,354.8005132119887,83.6450644104475,74.97362831038127,60.51462079337807,65.2871428172911,67.21874316249381,86.60412622501521,364.76257259930946
0.47147090674320485,350.5305544664134,82.72252403598524,63.47070262339795,69.35253158088916,65.52390452349248,67.13608479903316,83.47151570554922,355.43531988556975
0.471470906152091,361.5521885022407,91.44990001190229,69.47515290463676,66.37048883283167,66.53148481262616,62.53212357766465,84.82103255732049,350.5328660955015
0.471470905561879,364.2880931174218,88.5155253729276,69.66113613138019,66.11394829297484,66.49801554767875,66.50702390384318,85.39916730308707,356.63305424550373
0.4714709049725675,372.2040423805994,84.44768679520675,59.75792720982681,66.06935269191831,62.59886931628647,66.57544220997016,89.50221874954656,346.10354955518824
0.4714709043841552,361.1052470872654,86.13282015642237,67.15184628166182,69.90099361179625,65.32844967908088,62.55188530860847,89.33820821212521,356.7840944446321
0.47147090379664064,349.3262935236098,88.90624938474606,66.59473842741545,65.26303527946034,63.25998525926726,64.15754346151529,85.8589820196285,361.6546741074467
0.4714709032100225,359.31625016982497,88.12267052338109,64.52060918438109,69.58765520106687,69.69394239858305,60.17377780922359,86.85741004787144,357.75618624127975
0.4714709026242994,360.5541951102903,85.39228383161387,69.3495350480016,70.84572528034906,71.56592265076922,66.86392763324608,85.21656468472109,356.15275657803244
0.47147090203947006,362.11651729870243,87.78252956639496,60.6440945000759,63.06784473578198,65.5449040143343,67.11042106352528,91.8724038722155,353.95883920924473
0.47147090145553305,357.1657240830604,85.04944281979881,68.81481099360651,66.87721450879535,68.25810911863664,70.35252089155098,91.11844426353463,361.90164788530655
0.47147090087248694,359.42638109054707,86.62265541698265,66.79710750269379,66.64428853848462,71.323655183653,62.22308385000601,86.5589657937548,352.22059358825186
0.4714709002903305,345.986249474872,81.27848812363034,62.03348826073694,64.3818149271295,71.14440905242391,65.39612162928087,85.97282009456511,362.29811591614146
0.47147089970906225,359.8081401345207,92.46260668042366,62.76250686217595,69.38440887844966,64.8757031153218,68.77711843574495,87.99686409263639,352.2225381615354
0.4714708991286808,351.1497873883984,94.95303269103157,67.54625702595133,69.01206882070096,69.81034143270095,65.87588276082548,84.5309751476208,347.3715316407734
0.47147089854918495,355.40752153475967,88.32775896356846,65.7117874809347,66.72562265658476,69.51961697791646,66.75346550309298,85.87134398577706,344.96747052285775
0.4714708979705733,359.75260621930374,87.74373677959895,64.93705249679188,63.12959051070692,64.53191395388258,67.4036993725985,87.47095180801956,355.25696661454305
0.47147089739284426,350.593899122978,84.99806073309354,60.84623884720566,67.632623780755,66.92713514415993,71.8204597509313,87.3109531540159,352.07204549761303
0.47147089681599674,371.923775513915,88.40322278876486,66.74703561894033,62.685609423945344,65.83883268068622,64.09355204138244,91.7958071407267,358.0604011830891
0.4714708962400293,348.6050883562689,80.24520329413666,67.9144845662777,61.40375330437073,65.43362698983411,69.98557772717105,84.02405725668622,357.7134283450666
0.47147089566494066,362.5063440833439,83.44867421514928,67.82582985010954,64.48059564786196,72.35912691596937,68.96655886555108,83.68794007864872,347.41350520870515
0.47147089509072937,355.6179162111153,88.99228159902388,73.26828354482222,69.54350168737074,72.3165082203153,72.82616724226811,85.52055364865036,367.69270549461663
0.4714708945173943,357.1969572344928,90.35036692302525,64.32907384148588,65.58089030347682,64.2266106035897,71.83240394166316,87.32910058173792,350.38017945519624
0.47147089394493397,356.8987284874365,91.67478452722322,71.20871104272896,62.54353705597934,71.44067998267353,69.7785650639778,91.00666958950642,362.7188048553751
0.4714708933733471,351.7215310093213,82.5039367454043,69.91365664996724,63.77395882347855,72.05954803524148,70.53556955002146,87.53090651637007,355.03649313522
0.47147089280263227,356.5678784433176,79.7297939376175,63.11681755319321,66.15111191428277,67.26128768641631,61.97120042349389,84.81447474303381,351.64745636130436
0.47147089223278826,350.0938043809356,87.20630353681635,66.42985795867162,72.22491023211676,71.17214521870342,71.04642270691353,83.47327971095237,354.99769222165736
0.4714708916638138,365.5686725685235,88.97695678329366,67.06166065652495,67.29828221219711,64.97074559564587,63.972598516990374,84.48480187567147,351.7516084791944
0.4714708910957074,352.4308151227291,83.06532879364744,68.79787806323257,63.590433278457525,68.46523030303683,70.13121176670629,87.52253194359696,352.000458786418
0.47147089052846775,358.7686583007132,89.95139658668504,66.20907340232628,67.4251032538489,67.77478836561376,66.89479334241375,89.77289217024206,348.83101189506937
0.47147088996209363,356.18283883659495,84.44250454390419,72.84845961061556,65.36905588867722,72.49990849336136,69.05076193162098,83.87943288985127,362.5322100136994
0.4714708893965836,359.1474623039138,85.80372869356776,71.96638298665029,66.1777376743764,66.54426995556636,65.9320894330751,86.3101616844683,370.7161959739401
0.4714708888319364,363.5191574467718,82.82264318394675,69.81692142452118,69.53018392125367,68.02840467479697,72.59412743003567,85.27222450508894,351.23527273335725
0.4714708882681507,349.8428103210982,84.92608984345246,65.81328605621897,62.87327122504379,67.73972837583521,69.75448232056674,92.5242311767195,368.8227040407544
0.47147088770522516,360.97465340705895,88.27125836890406,64.0564102581352,75.01994707520669,71.24499457744338,66.79317203939154,83.49867132671604,353.2559878229959
0.47147088714315843,350.8036350732475,84.03848008399763,69.39610643438097,68.16684543704079,59.62494653441078,65.5279750798555,83.37414042639371,364.179067872411
0.47147088658194936,361.842226734377,87.76640076988508,67.25603198600568,65.20985067147045,67.57241633996544,70.01782791310995,94.39752693193157,359.1735013853209
0.4714708860215966,359.6272673161975,84.39220048462813,65.71962388724492,66.20149944011759,68.25983166016412,65.33190347890284,87.22768798800765,349.1640666479623
0.47147088546209864,368.4946719683287,89.31298915032532,62.54943954370064,70.85464143664183,66.07091000422831,70.04554137405174,85.99086266580592,356.3447958162145
0.47147088490345446,357.6951800653791,79.87681371426828,67.78203825688516,71.45819796837593,72.0665006924158,66.93220734185266,92.57712546017898,360.53401233718455
0.47147088434566253,352.7439636070314,82.68892242339594,65.88448131961962,67.33023658232284,66.56108856126106,63.2803114252651,85.92381207504295,358.29168081008527
0.47147088378872165,366.2139417296742,87.99036045362942,68.32112680099482,71.35350418058525,63.95146282712656,67.21264306604554,83.36392283468619,352.64585737395106
0.47147088323263064,357.8701617033904,83.27006564452066,73.17424375016596,65.80791115370556,64.3139370924998,65.63137259296477,86.59848560816609,350.10131573207934
0.47147088267738807,350.60074958230297,84.05747196962163,68.4471528538431,69.54047834664904,65.179014788835,62.740322904367105,92.30195866917009,356.11689537065286
0.4714708821229927,359.0754347137457,85.35702956577599,71.9557069825651,64.87183973852828,70.57541328662884,67.53125302250173,87.8261400322689,350.69317658382073
0.4714708815694431,357.8066310801704,89.96189703017244,67.06327253521984,63.990115796838666,66.79441964876342,68.00403822569177,93.62195971635781,358.4610073704543
0.4714708810167382,355.11121587389255,87.9916902487629,67.03555919997486,65.59668398077213,65.5941107829492,73.89504966282311,92.5309792884319,349.2505721078033
0.4714708804648765,355.1555794604523,83.53929141332858,65.20051926744507,68.76791592580265,68.28708624772653,70.38350009680337,88.6304657842169,350.4930598492718
0.4714708799138569,347.5333387970299,86.38222189682334,64.18570569966809,69.05248175429378,66.38281024177269,67.40570843725592,87.69616721960628,349.7080564758131
0.4714708793636779,356.26978285662716,89.96269351593615,75.23957493950948,65.77351763817515,62.828058820861614,63.48123784555543,89.39169293754418,351.88138730996394
0.4714708788143384,361.50966343700526,87.84077905884081,68.42526194864867,61.221161357301,63.724878619660714,66.12200593850106,83.4378908802982,355.04419955233294
0.47147087826583695,352.99177870461324,85.80268555016566,67.92552267435063,77.5990889955164,69.6301998563355,66.14591645328143,84.9089461945267,350.6425720196086
0.47147087771817237,354.7745821189034,85.75251952681187,67.34022840277879,66.26687450867689,66.55922004775934,63.30891235928275,84.55487737306184,357.123994585257
0.4714708771713435,354.4508387719088,90.12896992382788,67.32453458493391,73.26188086967656,69.02375246306892,62.57591004271099,87.54528117166319,360.90262040943344
0.47147087662534887,361.40291835276514,85.25643880791526,66.0611518896014,67.79839303890418,66.26998950379394,69.19492397012328,93.34017715491865,360.63455042871783
0.4714708760801873,361.7000678406783,85.889310590857,68.73440151028059,67.61480049783368,71.51615777483553,64.67616061555555,82.31095718071052,356.8613636604517
0.4714708755358576,360.37944592375567,84.57954331802179,73.5132598068982,71.58967041011917,65.05694961312489,74.29793657720364,85.42850258298735,357.3125051906359
0.47147087499235824,356.50605391614005,88.16129145823197,70.60060203930827,71.99111423117847,66.09787487644107,67.56728057455574,93.83490982525265,358.99605952254916
0.4714708744496882,351.9552983229837,84.39930411729136,72.01348377301618,69.26966159974984,72.87675806212151,66.69614052982557,87.35170614692858,351.87133668559414
0.47147087390784626,347.59204409603353,88.08314606559831,72.19741438182625,67.02558628920313,66.87757455174908,65.70752324025584,87.89548249770148,360.73320451374303
0.47147087336683097,357.8965265016521,78.8711546685709,70.34068855985448,71.2503605748399,67.99525590496319,65.93346931498758,85.34858847526084,361.6976483714361
0.47147087282664113,356.926131142957,89.82302565758987,66.58303331315315,65.62691918463207,66.31326983793173,62.060501001159366,82.69940282250658,361.1841035957317
0.4714708722872754,348.8780671223346,80.67527999947559,63.14787418782947,65.47889147198983,63.027106234488386,68.77661739184084,88.30298552777647,357.0920913165977
0.47147087174873276,355.81821864154875,86.98948748953629,60.24477667589848,66.44450504891655,69.46229693405931,65.80873526772737,87.05001634087967,346.7264602599622
0.4714708712110118,351.4414438146916,83.30987305354492,68.27577862370836,62.95420462679495,68.8801216502626,66.1072404373637,93.17368339909126,362.011176570864
0.47147087067411114,363.7674617055059,94.0631140218999,67.53468698943304,74.88771352918478,67.11652806202979,72.35512628111329,91.50453137753236,361.5819316380362
0.4714708701380297,361.2662803195677,85.87221963810128,66.74699775931494,67.76702488156369,66.79742039538192,69.06088915150055,84.62602322302044,344.82129907211527
0.47147086960276613,348.84538023483674,83.91977297727884,71.74702405294975,65.19221815960603,68.17744342168194,68.4276806898908,88.48480596532097,351.2896174684025
0.4714708690683193,351.54438601971304,85.16611399162235,66.60770960167693,65.1385001732528,71.4779118262988,70.41499134106185,85.95501925110115,349.45401191353614
0.4714708685346879,356.2897636753094,93.18971932608271,66.94724007193545,73.51742975375846,67.66838946182989,69.89354295230441,88.7010735674052,348.3904416194183
0.4714708680018706,365.6870314547626,86.93959089161812,68.18881108752919,63.00789014158357,62.596583934148384,68.99030344838577,86.8209334742205,356.5939289322193
0.4714708674698663,355.80321940073947,92.75913054779265,72.80224449065247,70.6364852088063,69.85066933535813,65.58239531154815,87.84397817003456,355.27847604538823
0.4714708669386737,355.4544573640131,85.07212956707562,67.79997308393035,66.61308753272263,64.37331812886185,67.71517490561017,86.22012606395603,348.2978278036146
0.4714708664082916,355.3461759126641,83.26525487813392,67.42307138092,68.31522325704204,64.82370679901874,63.83615822133437,88.86423887412812,358.21287544828095
0.4714708658787187,350.7812378534903,87.93400862661258,67.49303795919651,66.97070681964675,69.99117262032422,70.48202063862571,89.82118124369025,360.24970025698315
0.4714708653499539,355.6721885724445,89.26582424212067,66.58253866858531,61.20206135586315,67.90983139367232,68.3883401525106,85.95393411857023,352.16057104914285
0.4714708648219959,347.704927619167,94.00992687020214,65.96222909749675,65.69183049800431,66.19747964833432,70.31167329509674,89.5627906757613,346.96282594661415
0.4714708642948434,351.81522427004296,87.78965065557477,66.69715057179693,70.1791847070879,63.37779875428341,70.90475482761295,85.00647750303956,358.2826552802027
0.47147086376849523,356.6123308204137,85.45801363019437,71.75531539942709,67.67576840764912,67.09361131839889,72.48815905049833,83.57194097428253,349.43270009211204
0.47147086324295,355.1146968414758,86.26902761289499,68.07460217576916,62.21040543788518,67.2042868290897,63.630875977625635,91.52354946013597,347.30509206104875
0.4714708627182067,364.9586717803832,82.89982271932166,65.30138787770858,72.94621546259907,70.32757315899846,66.25937385116255,88.36390867242692,352.6255525718999
0.4714708621942641,344.02660463722583,84.41486471493342,65.76278672130815,66.52237131706244,66.09368855561915,69.38626764220294,86.38673311807385,361.6881909819483
0.47147086167112084,370.7795517783874,89.48786775015404,63.6140405929661,65.45940263271507,62.53907496709099,68.50230122380934,87.42087202120061,360.01322657750615
0.4714708611487758,364.2555875355182,84.56915795173393,67.32813938288012,65.7077750343551,60.58223249447301,62.75642109285849,91.29190271181052,358.64393738841346
0.4714708606272276,363.48135299038387,86.93802176319079,60.39950847307849,76.70996731686012,67.69466412395032,68.67726957656944,87.79141124871427,357.96788679678843
0.47147086010647526,358.39134269313433,90.87556889334226,68.15998201781477,64.41437794175444,68.36480367135037,65.24658121378994,90.32739885585349,352.8150458099449
0.47147085958651735,373.33223450742184,89.2258268985327,65.84162599371584,68.09393125492115,60.003273886181155,67.73942688379542,88.76406592366061,356.2703120463666
0.4714708590673528,361.32777696392725,83.48421557630546,66.7596728924475,61.72556946380022,62.84343845555218,60.51412826376482,85.72277403527058,361.3509391546652
0.4714708585489804,353.84757178537205,90.64335792997912,64.16775846043974,68.5276325156754,64.48723648656959,70.88261291524648,87.65057203844664,359.6668242141162
0.4714708580313989,361.86102077581154,84.46258382969712,70.59989082145528,69.26968763054835,73.26530448066784,61.630529475281,89.57318844957061,357.9286389989092
0.47147085751460704,362.92421942232124,80.35832106925284,69.55456547164695,66.69219504256706,70.5739430762184,68.80727899694331,88.75763794404195,358.5665811571365
0.47147085699860375,359.24055213747505,78.3197496819599,69.293572740042,66.91045643186291,64.64886220897377,66.33114349855886,91.11398597382609,359.7271468514578
0.47147085648338777,364.9370328405897,83.18437345667174,64.02944043091945,66.12198565074917,65.0155582376568,64.84613533292749,88.87421087067514,356.008620914365
0.4714708559689578,353.12692985827607,90.42515343737911,68.47477228190237,64.09572259399307,63.52045054165354,67.9167128802904,93.66442276004975,365.3627786177034
0.4714708554553129,348.2982498321114,86.85963554778833,65.15150340665593,67.8689183257747,69.94418248061308,67.81448702248066,84.237830672784,351.7146903905292
0.4714708549424516,353.2350188792747,84.05084342980784,71.61926749103236,68.53269663268031,64.240669381292,74.1566592619333,81.49716702518792,352.75254889897116
0.4714708544303728,360.4274426414486,82.32813778690007,67.97449639032419,66.79318269399727,65.36191588171958,69.02080677829271,90.27901474072172,341.6565521007899
0.4714708539190753,359.4001472463296,89.22136059036882,67.07508559231218,72.24704623782475,58.271667545861945,68.78072303071592,85.69654176272888,354.16821359699856
0.47147085340855793,365.6380741721457,86.31997747345298,63.894070277025804,65.89131392409396,61.08991947284855,68.49818035801937,79.79547753165404,353.78930179401107
0.47147085289881957,363.1622105506698,84.34545120705066,63.75332682055161,70.3102316197753,68.59730812527032,65.49262732095097,84.97634085320088,356.27430407259396
0.4714708523898588,347.7521119226651,91.70277689476474,68.21994115919534,65.27056066273119,64.9492477878263,66.05084073214687,87.29164140989072,358.71511678865335
0.47147085188167454,348.47777399824946,82.65917855397076,71.43696315181697,72.69861536308494,70.9935060832805,72.27164354537196,88.7943071300325,355.69424884164846
0.47147085137426575,366.9816548034082,84.73751468934994,67.1421530315755,66.70096657088753,67.8853865854702,69.60546391389433,86.78581557886164,363.4025739951903
0.4714708508676311,354.8349590874425,84.40701443822225,68.05515966606774,69.74798650372624,70.57860088631013,64.2766376365983,83.8102490244718,357.5916452798016
0.4714708503617694,358.5904344158606,93.195229241479,71.63147895088412,70.1844924515055,65.33528022011879,68.22938088324716,92.65564279244411,352.17568315981714
0.47147084985667953,366.5700587397392,92.16155136499698,66.23557406285605,65.88024750057204,72.72059932810296,67.3646733021263,87.81854141010574,362.49338805661534
0.47147084935236044,344.22982647980626,89.83389921410523,63.644656263566915,69.67265696427982,73.78387740413191,64.47782246550592,89.40570716208234,363.399280781495
0.4714708488488107,359.92227544195646,81.58484521715535,71.45725101564346,66.15507095869602,66.26261070912007,67.99595785534297,81.1189292921808,361.8714886961782
0.47147084834602937,356.8143172364585,88.72100437985218,69.89476262903153,71.23639350687867,66.06354502573309,70.43503972092022,87.56366958541807,355.93659471251243
0.47147084784401516,352.8290884340719,85.0687916716727,61.28929772035272,65.6855474645729,62.540531841728786,69.27749887409006,84.02952947106071,363.28526287822876
0.47147084734276684,353.483001020186,91.26433088037857,67.89232349110365,68.6765258051155,66.47836728250924,66.43891635317271,87.24463015801689,349.44658295779317
0.47147084684228335,354.9019531351236,89.72645916085689,67.20611626694873,68.85881994942723,69.17334581646584,64.53728922703212,85.83030833187154,355.64225762217745
0.4714708463425634,343.9251898940016,89.06343911016555,73.41068307427214,69.25906760838492,72.3863386184937,64.7015016772624,86.24370194979929,356.06406656375157
0.47147084584360605,357.030904476143,86.63938682966706,65.21317607263123,69.14160824648009,71.29921680954978,57.47874549231854,86.48193894549694,354.82647601883906
0.4714708453454099,354.91957521202306,89.30628125594743,64.18265149355311,66.56839934237802,67.2942872079845,66.06820661033456,84.52009729007683,364.36189372123016
0.47147084484797386,353.14230400540964,86.4151821658263,71.15983482856322,69.69966438188374,68.43309115532574,62.94165177352889,89.02108154019643,357.35211176926623
0.4714708443512968,363.4743867553917,85.70529192077007,63.82346620680777,69.49702626021212,72.17448633183292,64.97517554267988,86.06117535504823,348.8921899469524
0.47147084385537746,347.34774001773417,94.49320088033845,65.46877465542812,70.00461836364573,67.48132023747439,63.59489435516176,86.21049000301844,352.5347321671011
0.47147084336021483,346.7999249794009,88.84412666736152,62.455559849511374,69.79105065744406,75.38504900055814,70.98606217018218,87.79289368228257,354.31597200520343
0.47147084286580765,357.1318084354561,85.5837543762671,67.59660945271973,64.9732869911104,69.60285487513978,67.20928501297381,85.54472030889494,357.9790612853518
0.47147084237215475,356.7346710447518,88.5341885130224,68.41821144175488,57.87979900559274,71.92647327674399,68.17858362269662,83.49112072112868,363.13721343613224
0.4714708418792551,356.7742771398698,84.84492412015936,70.92357691715827,63.59435083237925,65.82052703909251,71.44951209213716,90.84135597096179,362.0501512303593
0.4714708413871075,354.089372604779,86.78356120138012,64.90134790417531,65.69153859983729,68.39494275421974,70.57175777469675,93.3260213953139,355.3870001753913
0.4714708408957108,345.49499601447354,81.73748289129026,65.75025052005091,70.2195077282699,66.85417696291532,67.84459013342673,83.72206907858242,361.3198059305729
0.4714708404050639,359.3172793866134,87.88350005984962,62.33595428812576,63.75942716639322,63.495248582678634,68.3336517440173,88.87602792330648,357.90243745904917
0.4714708399151656,354.9285006415258,83.92065155370672,64.58771157910478,65.55535981379961,67.92872044447418,67.65005778172085,89.37457570405245,350.8875883658375
0.4714708394260148,352.7270257540675,87.05907362580639,64.85255740070977,69.57225644667605,65.47645965055109,66.82036970912618,89.57967492402547,354.6814354219251
0.4714708389376104,356.0429770326176,91.60163728507469,65.17199262759515,66.15161378472814,68.88864520778213,66.8941231951775,84.37094041023117,367.175888286445
0.4714708384499511,362.13493850205947,84.37118557077555,71.43852534425186,67.15185783945981,64.0925862105811,63.51459953165129,91.0548015399402,365.315006761024
0.47147083796303585,361.3539978823615,87.12174179702646,66.13988315718815,67.90038993985196,74.57398440631069,72.08872799340578,85.44685686169379,356.88531807665566
0.4714708374768635,354.9329129006763,87.22768535069575,70.52417365476603,69.56834475606797,67.53370612492313,70.27503552021335,90.0491191367189,360.6206926279651
0.47147083699143305,360.9390252219755,83.72895549125941,65.82432089408125,65.82089963344612,69.03728301635105,68.24203282234517,81.43356526817279,357.0106594383465
0.47147083650674315,363.56781767943954,87.61784230471729,64.71237846277499,66.12291360576945,63.82580045747121,69.19031676078617,84.18107069280816,358.416586200801
0.47147083602279266,355.84247590236237,85.1748819461433,64.73726180401304,71.95389932227305,63.081412774640256,70.45819775118935,88.25044936417841,349.1509310953162
0.47147083553958063,354.667609851942,87.35020156650353,67.14000467353524,64.38451502687953,67.28565851478845,63.4139267566553,83.48908827333048,343.2790705130259
0.47147083505710585,352.41966627397056,88.51316540219412,62.35471840457285,62.890738250387436,69.17918607802385,66.14588777056815,86.72098938431719,353.7840181978821
0.47147083457536715,362.00253807511064,90.04364804760876,66.23257160075579,67.71324776251464,63.389607727854674,70.61890288858515,91.91770717515475,362.1469227377251
0.47147083409436347,352.52104495944377,95.03903220141085,69.51696717082355,68.97361620114678,65.22232982668709,65.15271360935367,86.1492578080973,358.4229727055983
0.4714708336140938,351.8565085370698,82.84442235789155,68.00479320101083,66.70027222512287,64.24627403745065,67.23645144085519,90.19628153283257,360.3181775724519
0.4714708331345568,350.7556442863798,84.2965191096935,69.458616010633,64.78628924349866,68.26924779488452,66.21628056049764,87.0526736330309,354.93235860304947
0.47147083265575157,354.3090918787496,87.04706180555723,68.88641502322896,67.60942999720645,67.03676186568232,71.26219154885482,91.15384496432522,364.1742832887592
0.4714708321776769,364.19666396236585,87.95262273464076,66.95532074770139,61.641469077342435,69.0117950679851,64.29954664633462,86.82529853665714,363.8115935965186
0.47147083170033166,354.7632475908803,89.01342179918639,61.283282431022194,70.2584068656588,59.620705774105105,65.7943736163365,84.11759788413993,360.8285693615938
0.4714708312237148,356.879744851316,86.94076588256236,65.06437216509553,65.6211770606323,63.776334305676315,67.74863070100179,85.31689451452087,362.7537607997671
0.4714708307478251,368.5101950766696,94.1253564477701,72.07930010824214,63.32106182284692,63.40837332877047,67.80748927655408,91.32324596194844,364.3740602253524
0.47147083027266146,360.32731625372156,82.07049256409213,66.62477096036214,70.1706476973677,66.42905648684207,68.4454732020294,87.5506296020837,349.2087227322932
0.4714708297982228,345.5339682525013,80.52650391520397,74.17741705136275,66.44832127660575,64.87977641016974,62.55160421150951,86.12335042947737,359.79265136635263
0.47147082932450807,363.2951495664643,85.62332110617297,65.83696479931804,66.8391163159323,64.6343643307805,65.90973465037236,85.10764011183007,349.7222911664608
0.4714708288515161,355.79030601458334,83.4193635945298,64.01879598091755,66.1050046498892,62.19919340555021,65.17897261666418,91.4004701952123,351.97129909581446
0.4714708283792457,363.97420072523806,89.33726826569172,70.2036210656752,63.94709171635987,65.96511257209495,68.78182652975532,89.2819822452288,355.56173998450276
0.4714708279076959,350.49056717048455,83.63893625717913,63.6464955667155,64.08434351053378,67.51649242465749,65.52992849678964,84.23864204464299,349.04515092313454
0.47147082743686547,343.4172230681051,87.56746390777067,69.8046980600094,67.00866102925944,66.90293653057722,65.21128057040401,93.43696571311591,354.1395239880601
0.47147082696675346,347.24551052264525,81.97882671212656,69.01258109166542,75.63042524046196,65.60624400201071,68.61534344431678,91.63475006548498,360.1757302943168
0.4714708264973588,350.0482033103683,85.28352174330116,62.24843244024944,66.37646972637387,64.26564891769567,67.06686515155452,87.67768954984635,359.8872839834485
0.4714708260286803,358.4499108622251,84.49638138142919,69.69301344955069,65.78399722180149,68.75557700155407,69.42681435945651,91.48598582403943,356.5335738186168
0.47147082556071684,356.2948627545395,93.77933047702264,67.25882175531474,68.08513620106038,66.28811710066591,67.55337480575761,89.13962988541815,356.25556625052155
0.47147082509346744,355.18292915480396,88.45317074149987,69.41519426676012,66.7649773506555,66.44885390514487,70.0323418092829,88.91633647051611,359.13328905812364
0.471470824626931,351.4736759085882,89.79168900152824,64.44607974624861,64.60283522617199,62.38489059180351,64.54984692600408,86.58352236995624,360.0247468335689
0.4714708241611064,363.4403399319455,88.10992209894302,74.07436037447731,67.73799689272373,68.32465423010474,64.15408668664647,88.4178966834463,364.18541120800245
0.4714708236959925,354.2856708311173,84.13518516953823,68.87968516112197,68.62119851137795,60.86049422272567,65.59827702807296,88.32468160911495,365.75897667947197
0.47147082323158823,347.89530731149875,89.51033525664758,66.87265890586498,68.6988350207889,71.34868888891964,63.42384886193086,81.55389287249493,348.6663925423453
0.47147082276789254,353.7247309112443,91.2656988117384,60.423884660413954,61.500960961228955,64.95076774609592,64.8515946726936,85.23666795450805,364.27230801906063
0.4714708223049044,359.644521327698,87.42080910367913,69.87185506632972,68.48613691403666,67.5983554499835,66.94346223658174,85.27033571647596,353.3807112231028
0.4714708218426227,348.34952228182925,82.72683141521067,68.6111814972706,61.111128377201815,63.72070005159171,66.74557736979749,87.20786458653129,353.949630754616
0.47147082138104623,358.54606931579275,91.25254237714854,65.33432392308524,70.23853790860073,65.13858190979204,67.93532538204391,86.95212121601445,352.88166080095976
0.471470820920174,350.33650100912934,86.9203861037321,66.95516083201693,58.72056388551502,66.0264879728775,64.28147235786253,83.2029531786444,361.0691367791046
0.47147082046000494,350.2084008172474,88.9877924611283,62.46552067950109,70.965742861285,65.48879095429292,65.58853712325137,89.69087492820013,359.71220560045833
0.471470820000538,359.89517889330165,80.67183110845518,68.3955856022764,69.98328145448804,68.17059429420955,63.058297988656086,86.47756675972587,368.30127314234636
0.4714708195417721,357.65312085706825,86.74379074864557,67.33071040231853,63.017206798119844,66.85180888897548,59.158039446389644,86.35124865529586,344.46886720338773
0.4714708190837062,353.83798072572637,83.290533329448,67.03154061190465,63.48792447463974,68.84544608571544,71.47535266452411,86.34028015080729,356.98155092689
0.4714708186263391,358.7419761415582,90.7063620385254,63.37878333632724,70.74693452643058,60.54080188175271,66.27604890394024,86.73880668628324,364.77889599076076
0.47147081816966985,354.4616586303941,89.41231164441643,63.80785109398316,67.84586253623601,68.06043977151107,65.83177137452202,88.91085259133867,355.4685431650176
0.47147081771369753,351.2835830993739,87.82968922759159,70.73803928194519,67.6005303698375,66.28882383616074,72.58495813525822,81.29381717280579,361.91269964336914
0.47147081725842077,350.86928584231134,87.92061225019623,64.679021250392,68.92438879807759,68.6615527945245,64.38052832355795,88.74518764110601,353.39301887039363
0.4714708168038388,350.4386126218408,81.91605376910753,68.29057768457481,68.44985881501295,69.61927356417358,66.46769374273657,83.54743363818059,346.24716765232023
0.47147081634995036,357.2383270531693,86.27616360679295,65.42360007361941,64.70182693116902,61.34026156191825,57.728102814177895,82.7642132284894,357.4385622431605
0.4714708158967544,353.6668209404009,89.99194773312813,71.05966528969249,70.53379474786793,66.00351416827141,66.60784276139783,87.67762653934163,364.00829449075417
0.47147081544425,356.5371116916198,88.18062390372059,63.64959224086387,66.11750179798526,67.60104657825751,61.72020511439179,86.93734030636185,354.7324813107914
0.47147081499243604,347.76986058807427,85.67790277414836,66.35579549797546,73.2850622830153,64.4361199535557,71.92279205825767,92.08477522628807,364.66609381648743
0.4714708145413114,344.7774476579235,93.64360950771012,61.99290468957732,68.9336880436484,68.21413831178388,71.5350615157724,85.11847812309155,369.74541437050823
0.47147081409087505,358.3411081996721,85.83965504321225,72.56585971923663,70.37042102401546,72.70490621009208,68.14686182473855,89.68302981714662,365.48583861653105
0.4714708136411259,344.22572244928153,87.74662796912034,65.63747734832803,72.82394350638442,67.27083711609946,70.11581917983578,87.05390546321713,357.7465822777266
0.471470813192063,356.96696877655995,84.05825148113557,60.11074079914047,70.73988496499413,71.94598290647315,70.685083907932,89.31253047469635,358.86545256886666
0.4714708127436852,358.0830837027004,93.41750457777785,73.89801582409066,66.34204001673677,72.24018851213457,67.88374108321575,83.16210882209356,362.71012658426184
0.47147081229599147,358.42561543104716,87.2258151571015,62.76189888880197,60.782473467783426,65.02432946359176,68.27014742317418,85.58052595616397,358.9608728844067
0.4714708118489808,354.24688298983267,91.53827310639649,64.59503491142264,70.19453045449724,66.98938717169382,64.48023269218108,85.6994505721286,342.7973770771682
0.47147081140265223,357.76283291333556,88.82067739368209,71.8795419656058,70.23467072315226,63.4496709297419,70.61751884913235,91.200305843016,364.4790300700912
0.47147081095700466,349.4611641118884,86.86920498684192,64.77700127923511,66.31198740960744,64.00658776832125,67.13342513085729,91.32757311290105,368.23716094762295
0.47147081051203704,358.4179913135375,84.99584700119648,66.86539430923195,61.279300374489026,64.87470351435624,70.85289903780351,85.54092486565455,356.9899785158885
0.4714708100677484,373.0914765989138,87.51024952745085,69.48331887146179,68.90228711298563,66.91688814398775,69.62668582321838,88.65721308485679,348.230911368901
0.4714708096241375,362.6744811056298,88.74280890987404,63.68255711301786,67.6415742523456,69.0395926773993,64.73867899308964,86.36279125585062,357.98170084308964
0.4714708091812036,360.8247496213448,84.4983713322443,64.76720901695697,69.39735173654948,64.15561975645666,73.76912797596098,89.40218934722695,360.6613419627743
0.47147080873894553,355.1510522836454,89.39384163935254,67.62103793380386,69.18411187050145,67.3735730917927,68.94151343458357,91.2998219244081,356.5921856917274
0.47147080829736226,350.2241034917694,91.2862159726613,71.82160850863943,70.81967520065037,68.56914256252729,67.71208740837825,85.03665964536641,350.37312627643297
0.47147080785645273,362.2486367920219,87.7271270048013,65.75278658426753,67.74262672027912,62.61591970822752,65.83538957978767,83.02391252710716,363.74386600528857
0.47147080741621594,351.44046940082706,80.04090183291422,66.53376409901716,64.72820920033713,77.0276429599868,68.05769744456403,84.94882495509482,361.67905932834304
0.47147080697665084,349.7335823958856,84.79557508644992,68.2676812567219,61.579458915978975,68.38351227954081,63.94030877235859,86.04613201282596,359.1837540501501
0.47147080653775636,352.9788738431772,88.7251133458129,67.30634876262857,65.25241684053208,67.18266652343348,72.90432762955525,91.03907534538479,368.02616995495964
0.4714708060995316,346.0858988418242,87.71565689940759,64.08849456869017,70.75691549268998,69.52798162844542,69.16589858026235,91.39528931951632,359.6535789005326
0.4714708056619754,350.1695087402872,85.94410828689206,69.6892980652847,62.65852673095681,66.55297045839346,68.50832147170043,90.59458248551131,360.7399125153036
0.4714708052250868,364.6637884652927,91.14621087652664,69.0124213177704,67.31856746282484,61.51044592976559,59.5366267284115,87.19398646438012,361.58541011447716
0.4714708047888647,359.9469797201502,84.37009401126511,61.516844865797104,66.26040584655539,70.21845333429545,63.828963655144435,79.46445281994524,360.6671476238221
0.47147080435330824,359.46213170724195,91.57820431230488,71.46864692328367,69.86549142028966,61.676373957936384,69.15946708312093,88.5774908849295,353.11333051590805
0.47147080391841634,356.44653888449153,85.84427359057246,65.14283980635632,67.16404013263794,70.76533479448376,64.45988484661935,94.13644778735292,358.5652261949171
0.4714708034841879,360.77808739480156,89.7884048527812,67.83381595983649,64.90633267167742,73.87261979379853,72.23793839943978,87.3988065421851,353.63372284719793
0.47147080305062206,346.5197176304059,89.98086052281029,66.67753299961052,69.8772981358842,69.2512555341779,65.62020635509352,83.30206702116062,349.67206487694165
0.47147080261771773,356.66635995672465,83.11918461804086,69.85688424621537,67.36530871831924,65.90811796081931,65.09262464895437,82.78029746269543,360.23256713215073
0.47147080218547394,357.863401031745,91.31353196601566,68.27301749667714,72.25893068262934,72.72929450485059,59.74705989634507,90.46159287563898,363.16392731179485
0.47147080175388967,364.92850291470137,87.3282385466382,65.50275477865738,69.39934498774477,68.56040085269983,65.9043168231091,83.53300580591244,343.3747259399543
0.47147080132296393,350.2944682314714,86.69842939784931,66.84282882941824,64.12039549294444,68.24388951223922,63.88177350682567,87.3627840857121,345.9977458838484
0.47147080089269566,353.2331029247535,91.32744696790013,73.57981686409617,64.81156030305041,71.4541766447916,69.14066736729461,88.10056338755409,359.9792787404127
0.471470800463084,363.9911629918379,97.60242958382118,65.33407239786403,69.2598991096137,64.1429513915996,70.6572421742221,86.43165939604101,348.7350507789943
0.4714708000341277,351.057775333812,89.00386834977301,67.9226683667467,69.31019760834052,66.24824732856229,70.14387421765832,83.67364360847054,355.36290301109807
0.4714707996058259,373.2038051374105,86.68070104276416,68.49007216179817,67.86865720801977,59.86496305487354,60.38957698347733,89.55185296571796,356.9423765306629
0.47147079917817764,346.3874365138506,87.3437346461437,66.28217858093953,70.496729066114,69.41041013681188,63.716752574996846,88.7802239555969,359.7431718533588
0.4714707987511818,353.95384434156244,88.35149897837921,64.4745837226967,65.21870969680262,66.89023820982763,73.35813332752518,81.09195465219653,346.24651133557165
0.4714707983248375,359.3788587432521,84.16452867277023,65.14384189857365,70.17218394985969,61.804202420724536,71.56448811727803,88.20553225157973,360.1210133976272
0.47147079789914365,351.29078231347194,85.05473481206695,69.0331223623033,66.47677398150141,63.60088652257491,68.58617229025525,80.01190079904013,340.4871836171385
0.4714707974740992,363.62869486589005,84.81471610594598,68.63964209948811,68.4089173860934,68.44064732657806,67.90497783701501,82.53840459471618,355.4476410479302
0.47147079704970335,359.5065161037772,87.7502126925697,62.484048912092355,68.87285096887975,68.13027731042497,64.25672915562775,86.5127689930599,364.86987864498013
0.471470796625955,351.10428782938516,91.53626577241694,63.33711569221254,67.53841625485897,71.68976341412964,69.05395863146235,86.88390408286172,353.31530236979194
0.4714707962028531,364.16148641151483,81.30775409314211,61.89061660150081,64.68530808858705,63.905244425982964,65.16925391341756,91.82205201426851,363.596283738554
0.4714707957803969,361.39774044940236,88.89965309291829,61.310965440650165,64.74070430343939,68.17874957343571,65.96877051581254,87.27211650339888,357.0216799932514
0.4714707953585854,362.0437395408996,87.99422563327533,68.06705369789972,67.58367659864187,71.31031467776121,72.91640181809227,89.53148561426156,362.3956299370978
0.47147079493741734,356.7210672313242,80.32269252988584,67.87048248221362,65.62159986452461,72.85372242734418,64.11823505979267,81.80910116193023,359.265782397594
0.4714707945168919,359.6096415287653,85.24246358800167,60.62460862391625,67.51625195550491,65.99441641139227,63.234899829394195,88.18065111452121,353.5290662451083
0.47147079409700815,353.99436620516866,92.15643001518083,67.09105883107212,70.79256073886503,68.258789548624,69.18708633549767,93.44917702378505,356.8290280111271
0.471470793677765,360.0163128902515,85.21485163098208,74.14533889677448,68.86062733307986,68.4610787980959,68.47354315097171,87.2284284796301,346.7885721951993
0.4714707932591616,363.3945334713948,85.2724520525204,64.3624414390962,67.61383536810375,69.80685437340054,69.33115973017985,84.79436949072844,365.54377572411784
0.47147079284119686,362.3480920192905,87.9708275768421,65.00110117940518,70.94788259811129,65.46510524937263,63.435380938880165,89.1931610942309,353.76428240531885
0.4714707924238698,360.03222210131327,93.25739796162857,66.75878941112967,65.83934057224077,71.01529230445216,66.08617463254774,96.27597407281526,354.9088160540717
0.47147079200717945,355.3272885011609,84.70038193123277,65.70305176445177,69.67188894732402,67.2171117503399,67.9967739043292,88.5607319930915,355.3381542207252
0.4714707915911249,351.68891852252915,87.53855520814912,63.67716619779262,66.3360664741143,69.72618193803729,66.76062779330371,81.77462033263058,344.1897918547039
0.47147079117570506,359.62021630336824,86.38709430323605,66.9116001153203,62.89609079185665,70.78173731597855,67.85092169306004,88.68095674695105,355.53756381698145
0.47147079076091913,352.27836220257655,82.37612169665643,67.39098091751754,66.98266791302356,57.77802181714276,65.60843284188783,87.3380308967666,352.1884116102768
0.47147079034676603,351.72629677385015,81.20873077621724,70.76652657133998,70.47567203093526,59.68460753190638,68.65687687362426,88.20221721128512,356.1631822027394
0.4714707899332448,355.60474630388626,84.75776433427805,65.66732504704652,63.556848146317634,69.71984439951918,71.85657034514792,81.90375818517602,355.0979049067516
0.47147078952035454,367.64293080912233,85.24062601921487,69.60303806692767,59.56018308798997,68.09245433218202,72.89220884900128,82.24949947381238,352.7560542958043
0.47147078910809426,359.5535696256273,81.48926156759389,64.56960093973773,69.03394702871131,67.04468667790675,62.10672199549822,91.12507625145176,357.4833164015517
0.4714707886964631,353.19605034926593,85.26913260394332,65.62772073053475,66.85366138485949,68.99735726760674,71.02172405749386,84.01404579531942,357.98972060621884
0.47147078828546,352.97661925549227,83.44061249138929,62.928139739682514,61.24178515475422,67.7669532784425,68.31447028174291,83.59164367065135,353.9541645364663
0.47147078787508395,352.9436114767243,89.48177499248419,70.51862724754496,70.19751170899644,70.76816731747643,70.90153033638892,87.57629477570367,355.72407295993116
0.47147078746533405,355.11038213793654,85.36168772214334,62.522019011637,67.08380139308376,62.02663919472759,67.27035643765615,87.14981643799061,355.8965575229474
0.4714707870562093,363.9951982227105,87.56779405867223,66.49936132129406,64.5696216479637,63.64898172090342,67.16704783075141,84.52262721711682,356.98379388007714
0.47147078664770886,360.5294177501232,86.60955504583856,64.38568521705628,66.50397328041362,70.22824267387821,66.09970522199492,86.6347015808968,365.7852495373201
0.4714707862398317,355.39183467053624,86.34331121108781,64.89308398365331,68.96005341270215,69.90769615448312,68.90624252205892,80.27298240477792,354.4999632747091
0.4714707858325769,349.16224924745006,90.49502638991964,67.14143741455315,70.54552054228932,66.50779499327679,71.03866370036384,86.62132945751326,360.4610028287987
0.4714707854259433,356.0799228315142,91.74557172606085,63.56563764134444,67.44769163020088,70.43576988715131,64.36295826371051,81.55975544442437,364.852814271628
0.4714707850199301,356.6532702862517,85.91926633778311,65.58787230491643,70.70645078476852,67.51400207760607,69.50216011302841,91.7022481343106,356.607611392146
0.4714707846145365,360.6322407821758,88.84697381571856,68.58931918110099,60.31328848099864,68.07793774175354,67.81021841961287,88.21633260168211,353.8089698628275
0.4714707842097614,348.9832830217803,82.8840588562304,63.48322184513159,69.555015085153,65.90831338542299,74.11265878711487,88.76473981304261,356.5905205989471
0.4714707838056038,356.5300099080397,82.09166727671406,59.2547124235219,67.2844526661514,65.35676716543853,64.61724812842435,82.91192466537112,353.77225227429454
0.4714707834020629,355.91984487548905,88.437852805178,62.79631916392557,73.1480980725644,70.33883383953051,67.41160042626765,87.93097231061832,357.42992910350904
0.4714707829991377,363.63402622140285,87.41024840612295,67.45653718984083,69.9219674469311,67.60460909981265,61.87344253311214,93.25997808422922,363.51377795755536
0.47147078259682734,361.2743300797526,83.1783484386147,67.28163421604422,65.10899228839857,69.80617198459069,64.85973115528174,87.1809549874072,351.0212581077988
0.4714707821951307,365.82003250847873,87.37486948011227,68.87683725596852,62.068408428376685,66.02083160434856,69.84506186207888,87.38971088977313,364.2293653437054
0.47147078179404717,351.3671778470358,84.77688019872421,70.21331910912284,67.4918077982395,69.71812908166497,64.09832243538231,86.24461828330027,353.08158502550594
0.47147078139357557,362.89723091976515,88.02102703899058,67.33925176367738,68.16453409888429,67.08919996518648,71.80454616629756,85.1541834925551,357.46077595724273
0.4714707809937149,363.6335966225863,84.17848393656398,68.51614372968227,72.35158494849956,70.12425294593535,69.9805668829511,89.95159478271509,358.9605042378814
0.4714707805944645,356.7764436781544,88.33089610573853,66.95938014686223,62.66109513373533,66.83093452606269,67.12191148630473,86.70206058695133,358.4648372396403
0.47147078019582317,352.31868346096854,86.8221047637497,63.35480185264179,68.26898685428549,67.50995266684815,67.7335191882056,85.34666120342516,367.1865926763316
0.4714707797977901,360.30659623419973,79.80926659696505,70.84624355129645,67.56848867822886,70.5813996232034,67.16523649805116,89.28588319454181,358.4271745817856
0.4714707794003643,359.7096822843254,91.99798426946981,69.53793965827033,71.91552205522514,66.73363892930449,71.5379723247707,84.26966727024036,360.8997850026175
0.47147077900354484,356.4472891643089,88.4208785429239,70.08626292760174,70.97654848996793,68.03944674502586,69.86649758585823,89.7248788606693,352.4512136746893
0.4714707786073309,369.4338692953961,86.8258004097791,69.02287991041433,65.26679644171475,68.34717564351952,67.24211773808432,89.79604689820587,347.739340497048
0.4714707782117214,355.5708989863857,84.17215301772632,72.37546370034777,59.86652250585606,69.48920787013984,72.40769176333681,93.5989411870814,353.1394117330785
0.47147077781671554,358.979557551847,82.74416149103499,69.08188231063288,63.3758722668233,75.03912930017378,64.22886023994197,86.88584917963577,354.84601037656347
0.4714707774223123,359.12244394282226,87.25693254643521,64.22388363802183,74.17777493343567,65.0857272285496,64.84417461361679,89.27005642324536,354.8192625165112
0.47147077702851087,354.43200165357524,81.42167794413196,64.0229188757685,68.41508878299663,69.34451907746781,59.08096756085303,83.71842401505079,346.89997454443926
0.4714707766353103,357.1572958297874,91.25250620902395,62.8288063064564,66.00070969316354,67.9943577586113,65.14222014483117,89.24916561302068,362.8317137640854
0.47147077624270955,346.546133721597,78.59068830708094,74.56097495629196,69.89812409473807,67.06936792065596,68.41167641637281,83.47614016015409,349.05181764542846
0.471470775850708,358.956084861504,92.13218349126119,64.26549028595595,66.4514887123572,66.67187910019659,66.25042329843889,83.800572247671,374.75031780487046
0.4714707754593045,356.7304456522573,83.97223865989605,63.5162659765538,68.17134204522412,70.86422281430801,61.870223300154706,82.12759161362132,354.2825609557847
0.4714707750684982,360.8398107317952,88.80663608582636,72.9708122687744,63.62000184042573,66.54135389366435,70.92067640940805,87.08461908989793,361.1903693629397
0.47147077467828835,355.95218812832513,84.0566373440192,72.43008353845066,66.47069738728725,64.74295183935638,68.64564230058741,93.23924942475075,365.00714311097045
0.47147077428867373,365.9979283950947,91.22643083104796,63.824221705656136,63.558326723794764,68.03797974204765,70.04273835181185,86.4310923039284,352.7481149980958
0.47147077389965364,362.3852912417519,86.16871742270042,68.29381509654894,66.97208201535736,63.522669826842225,64.57087320049712,80.77009729094556,344.1887086425477
0.47147077351122707,347.26124921551906,81.85229004899664,74.52346012708283,63.32482127210749,67.41601490183582,66.31457209564499,86.88644809012848,355.9079806297367
0.47147077312339314,360.1428975707228,86.29968296777315,72.55205101144401,67.2672723807985,69.6653523602221,72.15373337024702,90.57138263107765,361.98664812104005
0.47147077273615096,359.94889343877304,86.85194507301136,67.60789350667483,68.73220240838363,67.78445292125147,67.07126571678432,91.1101620193119,353.91272491131355
0.4714707723494995,349.1654044146224,77.6840867864492,71.37999076386598,72.61297830500797,66.50486535968224,68.1243212277182,86.30593780028086,343.5847918416557
0.47147077196343806,354.68161086475106,88.063612270985,64.56105976146449,65.69410342633537,69.38144975685856,69.7600361608736,92.42004453787749,351.0205152957
0.4714707715779657,362.48575959957793,85.00510871375437,63.062405287443205,67.3256542919116,68.54650114955395,71.48976355997307,89.50140912147371,357.99857747749456
0.4714707711930814,359.4183018308099,91.8675686416203,66.71255514912745,65.73740696427252,66.86708879904441,73.83632260454544,92.0796445530585,355.9031264924229
0.4714707708087843,359.1799263041534,81.4273115889213,75.85745025249399,64.66903968150771,59.895006579571316,70.63191278879945,90.23594394194822,362.11652204435643
0.4714707704250736,357.1900715828651,89.25596939271406,68.37513883282735,67.48536509485513,64.93470513260601,70.57153854418718,86.46687542893862,357.34340441832904
0.4714707700419484,357.4638229421,85.72115732152761,66.70579388457742,68.47922209109387,68.8742455785968,67.55681141741282,83.40153035718417,362.7049088885459
0.4714707696594077,348.51517720299336,87.8620184503055,68.33234509904428,71.67205755309688,66.3119332838999,73.01801071203796,85.19799240370443,352.18773702710274
0.47147076927745074,370.5674041510499,83.48859479189764,64.86804003574692,68.50831486362772,66.80638131496544,73.2550865798488,88.63796976159162,348.0628002460449
0.47147076889607653,358.04324842481475,90.42165414202933,64.41920881145946,73.02361712987084,66.42131427755606,63.10140292877705,88.80771556591402,354.9528686584494
0.4714707685152843,345.7932104819715,90.65493102520207,68.91744703067816,67.25911204404144,62.6805373814581,60.96363194149503,87.26905743182581,357.07570609393355
0.471470768135073,354.1626833342994,82.4415809325694,65.66906101245539,67.08121019504841,67.76358033381274,64.47431123883293,81.29783531681555,355.12440616999015
0.47147076775544194,360.34977746304975,85.87016090294223,68.91735505872735,71.07917955722104,69.5845924077634,71.06306408114199,83.35631384831379,354.89503861391904
0.47147076737639004,360.0990677080931,86.47408153322274,64.87193918333591,67.8118777069252,62.101385335018364,65.64094742598347,87.84083292196672,355.90056670342096
0.4714707669979165,360.65221398657224,84.98339580967036,65.07615613245991,63.65553864580693,66.64495014332745,64.84022028426018,90.81816001419618,364.3334907690589
0.4714707666200204,353.73710048917695,87.71186321137102,61.94683602759539,64.61994269944515,65.26895420334834,65.64314912508031,79.57541586301407,357.7115322878256
0.4714707662427009,350.0388734772871,80.76559245160543,69.48062912510143,66.48696275254147,66.54461226521371,66.03396856652921,87.04736854526848,356.0080130757441
0.4714707658659571,357.95403100927206,81.10658012010157,68.71453911264786,70.88905146516618,68.14976909747499,66.52274671166425,90.00261080772871,350.99578871784576
0.47147076548978806,354.7205443996793,86.01890419139909,65.88733458375633,68.98617491573911,70.7711560975687,64.7387829614611,90.20036870743486,365.34806086613526
0.471470765114193,353.0824459219065,90.38639455156282,60.9791611070755,67.19938287348947,67.37463759182339,64.25332624329228,82.62698467955363,360.13398193510994
0.471470764739171,345.5260840056567,84.35349684514013,62.491495634896204,66.28476890953254,72.25154846321279,72.02011869178075,86.15457546655179,361.7857897909365
0.47147076436472113,352.76810029188925,90.0715813504486,66.61129839090201,69.92381849920184,67.40334966530402,68.42450862178839,91.98203198940001,357.57660953981093
0.47147076399084265,364.31623159402494,88.22468634880906,66.2688443273251,66.31175085867523,66.16751100090812,69.36064019045922,85.05703504338442,348.4488557867266
0.47147076361753454,360.6037141213409,84.7565219413296,61.303623493007514,68.46008737299391,66.77440561158862,68.0492144267499,84.43543972401116,356.02800035298554
0.47147076324479603,364.1830137463084,86.1249596038174,67.6788943830064,71.47656462261598,65.13415726301812,63.49071743259642,83.99756632437673,355.998019814534
0.47147076287262635,355.1194111349962,87.06948532448955,71.132547620307,67.52864517463458,66.5003855204403,67.60461652132103,90.26583252474566,360.38640994704474
0.47147076250102454,352.307757173584,85.56491040699757,60.738929986287026,65.87249324420601,73.19286711702938,66.66703918562406,89.32486458312954,359.11715408792696
0.4714707621299897,352.3502174579669,94.42328983812426,65.64032879362723,64.75824821850088,66.70716413488928,66.20055864492804,86.24253409991087,340.95962967335714
0.47147076175952096,348.89210343099904,84.37170534141939,67.87572383077988,67.65823234053569,63.41053485210373,68.2745708333556,87.73514074752441,349.51664674231927
0.47147076138961747,359.4137764026476,84.50575917041246,68.13969158554325,66.19499950040507,66.08263637678098,65.30577724292137,87.09454797718972,358.51142415237194
0.47147076102027835,358.7720011346138,86.76060299068143,65.50169818612126,64.96730234464673,69.20643665197194,63.26343645747475,87.61943357061807,359.63594406264394
0.47147076065150284,350.9556881066744,88.0369585739988,70.35817644232964,72.58470055446601,65.79602212728726,66.81890984267274,88.59544501857869,362.396927125473
0.47147076028329,367.41538158901307,85.44345714871112,63.08874303755138,66.18541269324268,67.48686760486109,67.60094776197838,91.51607757168574,357.1465867270865
0.4714707599156388,356.00437222043456,87.97930688583976,62.33015931392616,68.20646759019617,65.38314828691807,73.4496114970795,83.36023925497824,359.24689419097115
0.4714707595485487,357.35078041159835,86.16961877177987,68.95374418677777,63.64303082022301,66.74976500818605,67.20806131566695,89.61639426885806,359.1768893532614
0.47147075918201864,349.4254359686565,84.3799603080404,67.23106356144247,67.96492004471769,70.96171169961706,69.40135581446508,92.30787562508391,366.205649900702
0.47147075881604783,363.4917748435456,83.64383632762706,61.24408787535852,67.20739835822269,63.82426426323149,75.42333111293465,88.8133701341467,368.5071049167086
0.4714707584506353,348.82626092155556,83.0393728645236,67.28106269011886,66.33034063845946,66.50892163539478,66.50447047706582,88.0253090782485,358.09777901767046
0.4714707580857804,357.71256463400147,88.85529782124878,66.56713974601816,67.03940245320634,69.90374171924789,62.19989758573487,85.5231093071236,352.1845717198692
0.4714707577214821,352.60378544381075,85.37997354456701,68.31869396945399,66.23754616808557,66.97336037641244,69.15746192555724,87.07676285144564,351.5223666321069
0.47147075735773974,361.8899927153049,88.26719768270807,68.7714898576231,62.92255644355021,66.79402163987146,68.49565852594041,85.29938891214825,356.7330037151366
0.4714707569945524,347.8610526059824,85.01381166248977,68.09320842635898,73.59111743074092,64.85757238522297,65.79455581068295,89.43594150698607,361.5044948499757
0.4714707566319192,354.6990289303634,84.88748565477226,70.68135595497321,60.47817099602752,68.76709868244369,67.6693524403301,91.50328624596433,355.10140595046954
0.4714707562698393,363.8739088279419,90.4636385051096,67.57834799390126,67.17302210653733,69.72215412546781,66.90551251110708,90.80529215683477,365.8999323097069
0.4714707559083119,353.25834332555655,87.33225652728406,66.82204831702457,72.79384173556542,68.89622377648114,67.52025154246829,88.68070303450112,360.44253556613944
0.4714707555473361,362.4512358660449,88.10748904600743,68.65186113219733,66.74439973025613,62.311372577175106,67.30463446920626,80.28988089075229,355.0574246779585
0.47147075518691106,361.7594166788842,84.63694686302333,62.14438544438357,68.37941011402258,63.379922109122596,63.79915531900376,86.03671608061461,359.6521278631268
0.471470754827036,353.9577909143566,87.25052080473444,70.50517182579138,72.42719519124394,64.2556267598487,72.58585276802067,82.81069972341982,351.8292523752026
0.4714707544677099,369.6223540926801,84.24666257341023,63.48596271491784,63.622435963242864,71.09322166699363,61.9116063387387,86.00324962912208,357.98176000466356
0.471470754108932,359.91082596446535,91.19100872971683,66.33177007598661,65.61720293939982,66.94914023698664,66.68395688754337,92.24848459164677,360.4242175155997
0.4714707537507015,360.30512224343937,82.36866555129336,68.045862548873,67.26101665434811,69.5490470477575,65.50415367335842,88.94037246741958,352.02252442651445
0.47147075339301764,343.80647569131486,83.81353933582972,66.14770566007165,64.60248605669044,62.88770761161775,69.78055647678977,82.52754317173273,360.93406627727217
0.4714707530358796,349.4185148381194,85.39592326099437,67.56139970356543,71.89286378590182,61.91560449415056,71.26212225507025,87.70725174874138,364.29501928566935
0.4714707526792863,345.3869047853108,91.63426801027312,62.22166384996967,68.39654912627995,71.20095711024736,74.4495731683683,84.98938690184738,353.62958936531356
0.4714707523232372,356.3993769578624,83.28702851685632,65.33533436368405,69.36438370209181,64.38148425016915,69.30702699144143,92.34192816135652,363.54824144131936
0.47147075196773125,363.6651515472984,90.05369109813364,68.27120732180889,66.39775570579934,68.88979800337422,64.23744450851927,89.41287659660844,367.44774580351043
0.4714707516127678,356.3049618584313,90.10986750729509,66.89891259397508,71.12856120460141,64.7478896485809,61.589979215988265,81.96651540443035,358.94286348125763
0.471470751258346,355.28154048525107,90.02199247452178,67.86873960229977,61.89582234789205,65.97041003333308,71.76593535217523,92.71415765762205,350.88992296803576
0.47147075090446494,355.7909452015854,85.42063265424895,66.44152989777771,65.54856809293703,69.01279865551349,69.09713614719945,84.88721999439565,358.57703590071424
0.47147075055112386,358.3427896990191,88.15724149089185,70.05240705366252,70.03557146103265,72.72557032422077,66.16171982531772,85.64420085990267,352.93949893142036
0.4714707501983219,360.87755350146216,90.90335914461069,69.23220589070596,64.71730253767402,73.02751768589577,66.22637879433894,89.1788450722302,346.7071177903803
0.4714707498460583,359.8096509712407,85.41821760118529,66.9381657673742,64.53153052452811,63.786585379870075,68.39538752375148,85.19531555549129,361.1520293067391
0.4714707494943322,359.8041349054362,87.4550887044392,67.16991814946886,64.85640486057885,71.4654773542263,63.659123488309234,84.2372803867543,359.48763539979063
0.47147074914314274,362.2190606443156,81.91311431770943,68.17085653117091,71.02121881362967,67.35599355632111,66.5803224627594,89.53895157417685,356.96401890071434
0.47147074879248896,359.51070141603464,85.91943531270519,65.51004666318113,62.64659771402287,67.8535028965553,70.57346650210144,88.75394470009986,344.81958275132695
0.4714707484423703,361.7448730136711,85.88352168467124,63.79890734598991,71.59388117593159,64.42968211766647,67.51627748552707,85.15681111592492,352.605224477525
0.4714707480927859,361.99645547584674,88.10350969326488,65.66366682487839,60.75043680653319,66.30129804625008,63.409078406129865,92.31065398588342,361.47732108256764
0.4714707477437347,347.55727017427756,84.71893085888364,63.65523323091559,66.5792766309614,69.01165787308283,67.87267461744584,91.28738006191632,353.32952232409593
0.47147074739521616,359.23255424335196,87.8723552466479,68.02662599213885,71.23953301666776,70.3884994628284,68.5559847977459,87.25679766995545,359.73625770325975
0.47147074704722935,345.83232948049556,90.57913926205745,67.60682612639224,63.172692351353675,67.21765585927845,65.55181889349205,83.16842316796247,353.59485142434824
0.47147074669977346,364.5668493217032,89.2397969332686,69.08776101840076,70.09721049229857,69.46138460867391,71.81810789814735,81.14456731643077,355.41927434502895
0.4714707463528477,357.8219835623991,87.47414306585235,71.5269775562122,72.41848693811527,66.28970199618757,63.68743967575536,90.45365190768501,357.4556330093372
0.4714707460064513,357.26003089603097,80.11416819716285,63.30173738259705,72.15532626853923,76.88790704333793,65.72105260410687,81.71065886714825,346.2167641526775
0.4714707456605835,358.0636643226246,83.21516444801603,65.3608120013861,66.48179240229372,68.61912013459282,69.35855315825069,85.88531641340384,357.0356648987227
0.4714707453152434,356.38741763648306,89.97463349716503,63.583170295311135,68.83044191239387,64.97594964147626,66.61145141706156,92.89626408254567,360.23953253905216
0.47147074497043023,338.2429523521115,86.69782541522096,68.09118673996582,66.89605424038908,66.32767097503293,62.81533031645959,84.01471409310665,361.99706790720563
0.4714707446261432,353.058216042047,83.43836419616193,67.76749567531685,64.81511815021176,71.16781445541176,66.65232096869214,90.20822941459836,354.17278281235866
0.47147074428238145,363.4187618288523,83.14978329723077,64.34009614325252,69.13700050555646,66.96654539863324,68.20372033852146,87.68999222876393,350.2249334202148
0.47147074393914423,365.43583958588783,88.0301449969678,65.7020988422898,62.28983796470116,68.1929634357519,64.75651209071701,90.74973374216115,359.8673591611623
0.4714707435964307,358.8212327900968,86.52675712899669,66.04560238269016,62.63234748122585,65.63909174187054,67.11829986392547,85.3564763759817,374.29204233926504
0.47147074325424004,359.60731810991194,94.45667637321993,69.28744066716673,64.1314077407367,66.21232632419647,61.87663884240634,89.35365352280648,357.1341815455393
0.4714707429125715,365.79016257536745,89.51707631534947,66.96122783676167,69.73023228055328,66.67569487984068,66.73714247502281,86.5724382774162,370.1483057856897
0.47147074257142424,366.49861936606027,89.93759233051112,66.56191964152374,65.27046277503082,62.32978357870659,64.85183410842494,91.54558781111362,348.31539942102415
0.4714707422307975,347.7408079063229,81.06818849113547,69.14925080011977,60.14261472665737,67.32690876075328,62.25738423101091,86.89999760973427,365.2156066505028
0.47147074189069044,347.39154035698806,81.0936142646467,65.44977968725901,67.84151686630601,71.76498233546329,62.79804601095411,84.02385818299028,356.63367649291763
0.4714707415511024,365.9036546042063,81.1718867587567,67.06901918490188,64.28691646104072,67.66893347189396,75.02012808995524,88.25002741036296,363.7043315984265
0.4714707412120325,359.8984516408215,88.0014535056458,70.43352765389065,72.36902296171596,74.49432641444814,69.29221707202447,89.22478714967949,362.93639304781334
0.4714707408734798,358.1526396604271,86.54547186411138,66.71356256497046,62.15131308742942,65.66236574342241,68.9237152354632,93.84793862397751,364.41298445054935
0.4714707405354437,361.80803105419335,86.12620652235643,68.42559505521365,72.06301140775942,66.55127444354511,67.60141901523215,86.75861475760274,356.2241516447408
0.4714707401979234,355.24335961535576,83.28823880818013,71.2287139712939,66.69731558706361,64.62840429665303,65.29112080332943,84.29607231538134,347.46893586653056
0.47147073986091814,350.92652926219733,89.89666107709137,64.32045591893875,65.84291784243496,69.43381074605126,71.6244624952312,90.02973151849763,342.3845064156626
0.47147073952442714,349.1878554802535,90.56501612414421,69.885429596921,65.9901880859671,73.58267038517909,66.89840201718282,93.68496853373347,354.8248154413474
0.4714707391884495,353.1272877422802,85.51184896320657,67.01471829857769,62.62395412672819,61.481502675520225,68.15505740584783,88.79700977986042,356.44789799958295
0.47147073885298446,361.69899410645877,92.75658456085343,65.68093121772081,62.951924435030314,67.97395728802269,67.93232017694487,84.19557367436845,359.9748325624001
0.47147073851803134,353.4879351709439,89.71291326683979,64.21601443123564,60.120749297629374,66.90987724925445,69.87962806792173,88.13554884303893,355.78202688332004
0.47147073818358937,347.31367006671576,92.6574742943223,71.58982674049619,68.94693198782714,63.77668837206255,68.56508688887403,85.19927361017247,362.09765315614385
0.4714707378496575,359.43401341484343,87.49655574399448,69.25728828177311,70.67061338511542,67.56004593794272,68.04711035073491,79.43489458965365,349.6358194084737
0.4714707375162352,357.34255196071064,79.11172099370998,68.11989835769567,64.66497138246628,65.60852040356289,64.71476863729922,89.05355431989071,353.83499681386786
0.47147073718332155,355.3098382549227,85.6032903443638,66.43290232752057,64.28520719524718,66.69884323771764,72.05751703886017,89.63521667919395,348.9989972741443
0.47147073685091584,350.7659838567434,85.14937477202608,67.8873391781045,67.47688987146252,70.20097735211021,68.12519059006667,93.00511021742452,355.5478501686797
0.47147073651901733,365.5155323249934,87.61042914967214,72.75362219290382,67.22976580951762,67.62859144890352,70.869148152643,88.00656033941516,352.98550016238
0.4714707361876252,346.14636180298254,88.8242839003407,70.60755752953007,64.75141746378966,71.3187733727034,69.58117653322908,86.43309391247534,351.1344195710481
0.4714707358567387,370.55226417701886,83.9223862297844,64.32694167759361,72.3227105434793,70.14698767601213,70.23654114981915,86.85097478632251,355.12776229791115
0.47147073552635704,361.9242807479653,88.6428919350768,64.71811398591095,69.42864320671754,62.532319618843175,64.65244394649442,86.40821351323258,349.4168387454587
0.4714707351964796,362.54835443838033,86.77355702779052,67.48452104203386,68.03657299108087,69.09383364087127,65.50056571669566,84.34048798467168,356.10237118243543
0.4714707348671053,366.067851842639,85.4304026989243,67.79925270271526,67.78466866112664,65.75540858018472,66.27551153687928,81.83903913846258,364.7032334924391
0.4714707345382337,359.93577829823795,87.32681888181581,65.18865033694135,68.8058626172374,70.31943165125413,68.10034002946028,84.56527006219106,361.3567209167658
0.4714707342098639,351.05181024176824,86.55647224797679,65.76513998662607,69.08418169224431,62.54910679066222,69.40158308613185,90.27102759706769,359.22749555816034
0.4714707338819952,350.57272186218836,91.74169435896569,66.17108891060484,72.8151300493112,71.04295125565153,70.61643571226463,87.46310666685885,359.4401070220829
0.4714707335546266,365.6070743736939,84.35985406699623,62.370228554145946,62.86499943317366,60.54435750123868,63.324916573490725,88.20563312909235,353.3781267666274
0.4714707332277576,364.0206407149977,88.73118173024291,66.77445389411456,65.94958524524581,61.221395249169035,69.20652899161732,87.56889034763299,348.3488360487284
0.4714707329013873,355.8968597353266,90.61581731567766,68.4729672883321,67.67239284054355,64.00100022335533,69.33186060745936,88.33135276186847,356.8743590789667
0.471470732575515,356.45910381787473,90.94492699644327,66.87700806487186,68.6369708723583,60.463652861702634,70.57764635576132,87.68731980947535,361.3112982900401
0.4714707322501399,358.24255043077596,89.1828266471756,72.55033749449113,66.496133774622,62.82796102026521,66.4509769698405,82.11750657404966,358.23296426004447
0.4714707319252612,347.85847372645065,90.7597777233486,63.34117938555306,69.2631146095005,66.43680517359464,65.41476970826258,89.08051937534486,368.206624434876
0.47147073160087816,353.0053944509777,91.23451413525433,65.44775670064658,64.17441025167275,68.73251629404946,71.11662407010493,86.37566669769316,367.3392564548219
0.47147073127698996,352.6356648471661,87.06111657429824,68.41989086633355,65.1862432736479,67.54460525624516,71.18951396296292,90.66423594161151,357.5596536404114
0.47147073095359604,364.41958317157537,87.43131177457032,69.52576874200805,66.39407571647259,65.55481448245311,66.87872236762324,85.68002697817792,358.1538777105308
0.4714707306306956,354.80891785316567,85.44858359042442,68.36827196922344,72.05446222877765,62.850481212222306,69.65371316962944,85.2213666352158,363.99289724748775
0.47147073030828773,360.1421848831379,86.35216363605801,72.24493353429096,66.54648006728804,69.97774138180893,69.97135533275386,85.73035472891539,357.0299002649559
0.4714707299863719,350.74974547365423,89.3143995473976,69.6523292760008,71.50869487958832,70.77061001482755,70.08556227774683,89.06331207570157,352.2154534995722
0.4714707296649472,356.9400756294034,85.54055388359353,71.61086625566755,70.21805752394378,63.54996103197355,68.52628715195141,88.86637220252629,345.07996022629476
0.4714707293440129,348.0720074914756,89.80019697222676,67.26096424059799,64.93347108476304,70.49614023592939,60.417835315691065,87.37163075229623,348.56731199774066
0.47147072902356835,357.9666359476305,90.01215727482183,68.18580450261263,64.53304834647872,71.75224320641523,68.90381406259263,84.74678267813651,360.7169964415929
0.4714707287036128,353.9512316520786,84.66762289848106,69.83819539741853,63.91759085211655,65.01098769170439,68.19825516110313,92.45940870119686,358.49958898067786
0.47147072838414533,356.85886151189374,88.42964919223782,71.22388196435051,71.53276178897798,68.99009932241113,66.95203932617265,92.64552068077114,351.2173492438367
0.47147072806516527,359.8895710149632,86.43717394081715,71.06942893128983,68.32350437651809,70.94143869147665,71.28875278276053,86.70508465255712,346.33755038460333
0.471470727746672,350.34029200042465,91.49388866345089,65.32300196476098,69.53880446297352,66.34290476417668,62.56902814156746,88.94857449777041,361.1946209414828
0.4714707274286647,367.8790550136281,86.47725612393698,73.18623297554109,65.20880110561667,64.238384408651,67.39523252539314,86.25294334259704,353.6285670080081
0.47147072711114263,353.9084659529951,82.41583938277006,71.26886288671191,63.488921056812174,63.53662495897363,63.33545681721654,92.22121050851237,365.0228726556789
0.47147072679410496,358.2104810801298,80.5566188943302,58.92870820803283,66.07654747813807,69.03961734188545,67.3472323545634,87.82111384457963,350.4404143348476
0.47147072647755106,360.3290371953934,87.76210114353651,64.99023362717953,70.89923001865257,67.72899488438246,72.67088029089851,86.70888405882957,361.9989808389948
0.47147072616148006,364.88551422782893,90.39664384598966,67.40674841182029,68.80661863411221,71.08349388599181,68.69748386674526,83.23697748488162,361.43436589199644
0.47147072584589134,354.9296307397975,93.75807247952574,70.62407797871228,67.94029914597554,65.06108197234899,62.204201692662195,90.56622905039934,364.99973754740716
0.4714707255307841,361.5112583702914,95.53423613238627,68.01157663410001,69.8457896040178,65.99887011403277,61.41092760405162,85.44875509011277,344.9931812144714
0.47147072521615774,353.30922755615194,93.26113870692276,68.55513744509015,74.05663661118273,60.604678329618366,63.72137586324173,81.4603058174628,358.81170341211254
0.47147072490201125,362.2546376060874,85.24812698299205,64.26605787730797,67.37383047932148,62.80598946748479,65.59414733475042,85.56435295170657,348.84298709980214
0.4714707245883442,358.17598851718543,81.4571501792477,68.32590047650467,58.492112752636345,71.17917609205982,64.28818097291015,86.45876854769054,347.98572130287306
0.4714707242751557,348.7376382420006,90.52213792827926,63.36049772154058,69.52477402302117,64.10679736176645,68.38574278456441,87.96324459353492,348.97755617181514
0.47147072396244505,360.05739514248046,88.09248403079022,69.91890991527954,70.62913352527731,67.46172318481473,65.49304621936865,84.50693945402914,354.3044916809534
0.47147072365021153,348.7980979418137,89.59647888770948,71.48270344343233,67.38054487546056,67.80420615821623,68.96080707664183,86.73260294907482,369.4188422691214
0.4714707233384545,356.34845647236045,85.56101489328039,66.0440528411927,63.78740050824718,63.68357162711166,67.84523254485076,88.1356030557268,360.08208901852413
0.47147072302717313,369.26368679965833,84.77237176958056,64.49985351532224,67.47682668893947,64.30196706671161,66.18152878819699,89.53818456108692,358.87906732044524
0.4714707227163667,360.3286894213678,83.97219730721304,74.75442722070345,73.54836368828893,69.53319841307234,67.90674277593496,84.93194256732852,352.2089898611174
0.4714707224060345,356.0029946389477,88.0988802817802,66.98600441594682,63.60835963546455,67.05557874512515,70.70046428232446,89.89733767887826,350.65825974676943
0.47147072209617585,353.12867847430704,86.97152426507728,67.1145714709695,72.19875025854095,70.38466158235907,66.1226533720925,88.79258705412063,354.40901125051835
0.4714707217867899,343.10571230362257,90.5159276874758,71.92059294357959,68.62797149660226,67.17674269290337,66.85553988064912,87.95782801182172,357.99291728072166
0.47147072147787616,358.4633710066134,84.49398830826682,68.52682233930996,67.40968775474734,68.44095832152045,67.31664872036322,91.14593421939765,351.5882779066065
0.4714707211694336,355.48948597392297,88.943461887643,64.8776394189551,62.43539243567831,64.61909775385749,60.18003018155545,92.16904826640346,358.7538116757012
0.47147072086146175,343.30010369402703,90.51924589123807,68.51160958983144,73.30675175709365,67.74496220803208,69.21385090228671,84.58801786367783,363.35177196396654
0.47147072055395967,356.2006762271938,89.48954770089084,66.40979045383368,64.33221864037813,74.09282586821543,63.09073780947261,89.78729741387288,361.75325783703175
0.47147072024692677,350.5921168574936,90.88923232281944,67.99018611688841,63.4366745675648,68.12852758794119,72.15640368120032,87.3522654477189,356.3847920689257
0.4714707199403624,353.88825637623864,94.37285773695857,63.49951811050702,66.14813881285998,62.60543171585432,60.905597572935015,81.76399081896305,355.95657115637624
0.47147071963426573,359.0660199269407,88.54868364453706,70.84856854589849,78.24145202800025,69.1746630186032,65.58454119194697,87.35325447303904,359.37622015236934
0.4714707193286361,360.83548346948703,85.45313548878445,66.92677900332063,71.31595706353932,72.31274702109329,66.95227104036968,84.9696242107058,363.79955053855144
0.47147071902347276,363.91028411189836,85.10811620818832,66.57752545105296,66.22769259329785,68.06763961038462,63.115395625048215,85.46066736020786,350.17204704348956
0.47147071871877505,347.81353380574643,81.9393213374711,64.78287661755479,69.50342286163068,71.76914549399537,69.58340530756692,90.55918192355554,343.2098744003863
0.47147071841454236,360.5754537834159,85.4344905962534,70.38828907167466,69.87852064790862,63.66165662938051,64.98862322405748,87.08552808414636,362.077627844815
0.4714707181107738,351.2146764755902,81.87366530342626,69.64924643612201,70.40577384803453,66.6309645870861,67.49698766125172,85.41736032134344,348.3031157440589
0.4714707178074687,353.6127711226913,88.77710661534917,67.80148588677515,63.73712481611485,63.647882046578594,70.28250743227701,85.66687795861816,360.5263539438946
0.47147071750462644,346.4982222962454,82.92359945747585,70.04404945125141,70.65172168289816,66.86499533256453,72.32194789325565,82.85118182172282,367.6991982269062
0.4714707172022463,358.5269230793281,85.197732483615,62.22907506025958,71.00594219412073,69.0178004032653,61.24055694658514,83.4764243875806,364.71803612502015
0.47147071690032744,348.9588709733636,86.27036849537897,66.38294678352945,61.94271258550584,67.0310900422577,66.82304853276909,88.30709551969804,367.5585224178569
0.47147071659886935,349.9377622592587,87.51953507425445,69.94309346140652,68.22820896349997,62.945652175104605,68.91960262545973,84.90189649897597,359.8600713320763
0.47147071629787113,354.1922630058794,83.82740810302495,69.73884119402952,67.36325233783839,66.61994102347275,67.15057685878769,86.57738918322958,350.17720427543753
0.4714707159973321,350.84161941412697,90.80417053693243,67.17458710027591,61.66331153001718,71.47422230755032,72.73684710091696,87.45864329996837,352.8726716569936
0.47147071569725163,366.6112157615921,88.70111257464393,63.359985939389766,66.55601397502232,73.16246398573615,69.74029253584233,90.97692829704499,356.64360946196155
0.4714707153976291,357.21517495905584,78.06109037707783,65.36364667171213,72.12108792014193,68.19430715142265,68.48868750251343,85.61737885450857,356.26205545220444
0.4714707150984636,363.52161477198774,88.74794585685936,66.62401360219349,66.7424577947706,64.00141064822341,67.01636028117561,86.74033556812358,352.51630398661854
0.47147071479975466,359.17519598548563,86.60959234266747,68.2390556340243,68.04781989065857,69.09032458630193,67.87922760733164,88.65913999506807,372.9850640458952
0.4714707145015015,363.7772405995228,84.05584784363795,70.82026268517725,73.80539990726527,59.52274484137799,65.56335561050156,84.41383661517358,358.8973201668925
0.47147071420370346,358.4078223310761,84.16184561781549,66.18190054564893,67.25388685962545,68.00634488303233,71.03795781824344,85.27659495423961,359.99624733991817
0.4714707139063597,354.01777321974504,90.54549783739792,67.03405468331222,68.72127271489572,65.86790536504043,67.63712460279528,86.22556265086342,358.4876819620766
0.4714707136094698,361.5348334670344,95.86108931334041,70.42898993217075,69.08702316428885,68.98082434929415,62.59132817346465,89.66308320476399,351.62631385699814
0.4714707133130328,353.0479706106555,81.32670907014591,72.08283490785226,68.15398021895882,66.21592812116323,63.391328648444556,86.69633340931544,349.80192938066915
0.47147071301704807,355.278109783571,88.83898602481773,61.301908473396765,72.89028911835034,72.24912084869577,68.44349323980205,84.94534572329376,345.4700346110489
0.4714707127215149,351.9959320043568,89.84083022942448,70.76987042243432,68.80294860058385,65.94151230556227,67.62079952991218,84.17609500909572,351.68685741331933
0.47147071242643274,349.7204985693365,84.62204745808117,67.74689666694576,69.58864935132704,68.61668496757564,70.96997963445354,85.84092841926314,352.2153995491015
0.47147071213180086,352.4013165867111,88.14261590134865,74.13251803912087,69.13173439409952,61.949035304449296,67.09285788423888,91.23121360158122,347.09500907578604
0.4714707118376184,353.71516059400517,83.16530694706987,66.91422681176029,71.55528187585755,62.57317434031037,68.6137751915752,78.81265627327825,365.5922972985261
0.47147071154388487,364.1233485894023,85.02948877657593,66.82650976097403,63.898194959580906,69.68563768053549,67.529331797109,90.53071912437586,351.7168866810647
0.47147071125059953,359.9696812967512,86.76778680013153,68.62160619623816,64.04691338510283,67.92643338827196,60.43063262755199,85.98989763436472,360.48310993690245
0.47147071095776155,346.81624722043443,86.46559066970087,67.64774744923942,68.44246419825927,69.77156199667213,66.47383151195496,91.06717590407996,347.380219523796
0.4714707106653704,361.8715260823431,86.50262355711028,69.4900044086301,71.19371500348025,63.726589567539,67.74290355068385,88.63014007629086,357.5455424271173
0.47147071037342536,353.28312494283307,87.30900142093151,66.78148211586142,71.98062223841762,67.11773648781924,64.68622709375337,90.09090131961834,355.0382947592155
0.4714707100819258,351.8586493379602,87.45024304428708,66.09993769160016,63.6397483384073,61.678500549149,65.2093559172293,91.60638253145876,355.9545334390164
0.471470709790871,355.55973792143664,84.2291836982014,66.2266106125832,68.68378640037473,68.59496358744632,64.3535520684949,86.60632999042939,351.36082135262154
0.4714707095002604,357.3891130871872,93.75487623540442,66.8480181604839,60.24945529178864,69.2952518706895,57.58301287959073,85.89444679983771,356.64289446945475
0.4714707092100931,356.99753560607246,84.66049502217663,62.40779376359498,68.50261717305385,67.38422811771028,64.92761359996861,86.29957496218775,355.306386223676
0.4714707089203685,352.1208898152982,82.72250819725731,68.40637456508048,69.57835365344926,67.39822909750255,69.72737098765054,86.59103268638218,362.5910651400023
0.4714707086310861,362.6064228675168,84.93318484694404,64.26706106019337,65.24128800153564,64.33462611292725,68.15987532121073,90.61602404713857,356.851978140681
0.471470708342245,354.0670107552637,84.95134787847311,66.13466255194734,69.7270747615481,67.06425613065159,71.78729733795826,82.43058115450015,361.04818360138916
0.47147070805384467,347.71649603255275,81.89296194733073,67.67615692413989,71.04864197592075,65.50821646275892,69.34035932643965,85.16658833231905,360.502802413488
0.47147070776588446,348.5413866214019,91.88821832068268,64.94813978046093,63.309729774867215,65.43365409732506,62.662452530435374,89.04887838797538,350.3988336315874
0.47147070747836356,351.2307712223389,83.68226759072938,58.90461548661631,66.93697990089888,70.1277802640297,69.58513832902685,86.78441872954058,357.38663185516947
0.47147070719128137,356.57005023985096,93.27894103027045,72.37094240945251,61.9028521066235,66.62649231098938,60.613377340080454,86.4965622527475,354.0169817880433
0.4714707069046371,357.33086315276756,85.24923952432657,65.08677486900521,72.012597896845,65.9805675715964,65.91921462445671,88.24862279136042,367.1256465188961
0.47147070661843016,352.106710439395,89.9145269562475,61.76341703260801,73.45871685759418,68.74018064096336,71.7198455102639,81.94650330259775,353.55252046800007
0.47147070633266003,369.29025652685044,81.19026939876746,70.79100428444538,68.59843579527862,66.08851809575236,70.1389227695591,92.19966407333312,363.30804689775107
0.47147070604732577,361.52533710701636,84.43476043339749,71.83524687813862,70.25329222272504,69.23893489195503,66.57710720511021,88.23246905272207,355.2768371323968
0.4714707057624269,357.38672072628736,82.10241910631329,67.19196667626593,67.9800438154611,67.30910652329231,62.77939693486036,87.17021926390218,358.7382523223891
0.47147070547796277,351.65517762615167,89.36027824809824,67.66777695996254,62.814465807548046,69.63465086128294,66.8750609207419,89.13925559087706,357.53074405998433
0.4714707051939327,358.59978209568044,86.50456631633183,61.849260781310576,67.07624361635719,62.08645055635213,66.27566260657498,87.13842107673663,339.7186899039103
0.47147070491033594,346.68349205700656,86.0008838249331,68.33439019132815,66.14760637634816,66.53289257368846,69.49783935014001,80.47232901457359,362.47685574463
0.47147070462717183,354.24814232508453,81.49527837289448,65.97065522302131,64.04181824247779,61.58446810758584,73.10301254330709,79.81209573569132,363.94748306901374
0.47147070434443983,353.36531182857254,84.01641091220314,70.84387346329468,70.8699771163966,62.63836684803351,63.48966066750164,86.59961673688447,360.56925059388186
0.4714707040621393,345.63875368534946,87.89010376812816,68.3782799493179,65.20395245294333,65.15763598812308,66.26051233096939,88.32799580289571,356.47841443269414
0.4714707037802695,358.30208152164414,89.2145583983929,69.06157628119713,69.35282584177139,65.44386065626226,72.6903970865527,80.94139746707823,353.79555759249644
0.47147070349882986,364.3616252739241,87.45348147496463,64.58815484901268,64.33170534691978,64.27272386205193,72.40923957518612,92.53460717332472,363.5061955776426
0.4714707032178196,360.6702756006206,83.51617121957665,67.84608390782765,62.81367546321467,62.945682745166366,63.699280169053274,86.18524452323283,359.74533904702474
0.47147070293723803,348.94876577710176,88.26587366045972,70.92368022793013,61.677954581069784,68.34850637671715,67.992424743112,93.62374670841565,361.1159262878126
0.4714707026570846,356.0967708095996,88.8055487094891,64.2457405386314,69.40181990317654,65.05182434462041,69.92320698682818,84.70944886330756,359.6463451480281
0.4714707023773586,348.30404034783487,88.95724544704657,70.00726292219288,66.55089169122239,63.860316384003475,71.10054956143492,85.2720136245753,351.7871345162161
0.47147070209805947,352.37130142764056,88.2216585807725,66.05280564224566,67.7357174380606,65.06656190192832,66.25935757173585,86.81104263647674,360.01162190264074
0.4714707018191864,357.4234360002331,87.38997482810576,64.76147690142517,67.98058058566033,66.62169043256057,65.85244956239904,84.70440316380265,358.0993230752184
0.4714707015407388,357.0852601320117,81.49670499174456,65.64714209079072,64.34634296118855,70.30233415714633,68.31547016835023,81.69117589088047,358.1701007647098
0.471470701262716,367.3668547779984,83.88493882114659,66.35038591586418,62.660535843188065,68.63336257266339,71.53423845680969,84.14717637157233,359.9034949187255
0.4714707009851175,364.33292170795846,86.1003739867865,64.55747933262249,64.67119531901535,70.18393985331424,68.89768358840438,89.8010384440746,355.97776426663876
0.47147070070794245,361.08133448869285,87.8136627669268,64.11348918993603,67.89356251648046,69.51597381204517,71.6314483845026,84.56581867911318,358.54024000441433
0.4714707004311904,354.4819599319021,86.73099293485657,68.92676082950467,60.89789673230892,70.2070203984249,67.98519758775136,86.4845027480784,357.79565575703197
0.4714707001548606,351.6826921314844,85.38204082202635,66.94817829320719,66.17486768361121,63.61596482781394,62.34103742535591,90.30693110617888,361.7119526459995
0.4714706998789524,353.01417985837094,83.22566633572883,68.09321557937095,70.25904957826627,71.31917079508855,74.44346445212159,90.75706095661118,360.07318266266014
0.47147069960346527,358.7764305407174,87.53603796967893,72.41195962504973,62.77406287997463,66.55726290490685,71.44694755162179,89.27910910660285,363.0645343231377
0.4714706993283985,369.51258217912607,88.30510584134201,67.85267799908182,61.142459172572075,68.87434462347372,59.048899204093914,89.10893684255615,356.9831555469834
0.4714706990537514,354.39273914057407,91.77854904903921,67.95733390468754,66.84940960122914,67.73892245392285,65.0252012515344,88.11703398622326,354.85748948080777
0.47147069877952336,352.6842571398091,93.3249782961013,69.79099363752734,64.23268573238131,67.65068962738832,74.51960511071863,88.24391533236671,365.5121459378028
0.47147069850571366,365.94640490404987,91.08507163223497,70.2629725930612,66.46717782394983,70.34118019296392,67.95204702205203,88.42391149398402,349.40375258539433
0.4714706982323218,363.6588364268123,88.27867066242274,61.58969177473296,73.9887141555308,69.17641236531692,67.54553802263362,82.98138218112013,352.85545255897114
0.4714706979593471,348.2485703635912,93.32632728497963,67.59690300715431,67.1758482426348,66.35203720926,67.51127117046717,90.44850930747971,349.7484142508575
0.4714706976867889,359.2056359353096,87.27184276297683,70.34978896025541,69.57468412983796,67.71933147367851,68.95906012662674,92.42860410167653,351.96077891807533
0.47147069741464653,360.023675963851,86.6385546527433,64.42345493468721,63.8460176730832,61.43109846679498,66.18204093947973,84.5104123007068,374.14338425109645
0.4714706971429193,363.6858674530548,85.75096692913094,65.40547491201883,60.356250878932684,63.71617376110096,61.714635127168776,85.20332728333611,346.9014499514759
0.47147069687160664,358.87507814589765,87.85449449138028,67.41295870764988,65.69580135227437,62.89806664664566,66.78331183268713,87.44292339300362,359.06933531960476
0.47147069660070806,353.17726619161044,80.99980257044693,65.22470167663,68.02739045822248,68.38520598720022,66.37382588639944,84.3372144245465,345.0793577882504
0.47147069633022276,357.54138601064665,88.4874897164008,68.64176160428664,68.87920603012611,67.12168571917789,63.21341761978867,83.31736689482844,353.4004001807403
0.4714706960601502,357.2649461947862,84.494978512323,70.55235979266295,63.59007855254974,69.68142122033392,65.69514862204741,83.29263177218719,366.6708144085789
0.47147069579048967,358.52524529830254,82.77896343446545,62.99919046352014,67.63147516108911,66.65786479970583,69.75597533299302,94.15403592052358,355.7474403704308
0.47147069552124066,362.805197006742,81.51565260080997,65.09457232991086,69.53812543487074,66.80520924666064,67.52563548274294,88.18529219297334,353.0713584103549
0.4714706952524024,354.1492023867306,86.4825086274602,66.2059992266334,68.38888518833453,67.30325700775873,62.60672957626866,89.09286271353882,349.21682865346156
0.47147069498397437,355.96530892445645,88.86192569585175,66.80470467449354,63.4649427591417,65.45398035629817,70.12819576286282,87.3471656808065,354.0455273205552
0.471470694715956,367.0990014662863,89.72654001741503,65.49467208790686,66.74965345766047,71.02704971295728,67.33293246716741,82.49841998031718,345.22435308943676
0.4714706944483465,362.0189839680369,90.05533649277534,75.12400578802905,73.46286874204893,66.73398527201381,66.99179038501599,86.34744025474666,356.1210481500597
0.47147069418114534,349.3639737618255,86.42297356180913,64.59535422341978,71.4910676654124,68.31862702209115,67.76881822963117,91.16761924663463,361.1064852826105
0.47147069391435187,354.91258888430815,87.36757586525387,65.63104697308304,68.15984910322356,65.34758319627068,63.629728590787764,87.9383113840925,362.56634770505866
0.47147069364796546,353.3343411533869,86.22607108282955,65.85041074103081,67.99975294722273,63.49446183004428,72.27176153462632,87.80178954346614,355.7267383231522
0.4714706933819855,368.99645170696084,79.82008361602341,71.45654272237647,66.15996764900083,66.81926697635153,66.57398570392021,86.61400840866767,358.3833802274316
0.4714706931164113,352.1673649541095,86.09712286396545,69.67025378185153,61.751273602824874,61.78281768353451,69.08210958083089,84.83854861062979,363.71585240714865
0.4714706928512424,353.94734073996636,84.71805490258824,66.47026356926352,66.14267529419267,68.30685957781853,63.22542069013705,89.78601342304437,355.4801388709505
0.471470692586478,361.25264029588,87.38723107635161,69.42822024030819,69.18003017297598,66.29033360979108,63.50804004734913,84.74648563292588,364.3110397196616
0.47147069232211763,358.6683429454147,89.16633954030827,66.08269111948464,63.057482596401464,71.96241230320865,68.30770771933881,92.99344891967587,361.97681625466015
0.4714706920581605,352.1370746253908,92.3136170188297,63.59743921283853,69.74117263945975,64.30884645395038,62.42860976196285,86.2699336421519,356.44861558033585
0.47147069179460616,354.983663327288,88.7775563857877,70.27689258756901,67.52493917178191,67.25262735803001,63.618980812565745,83.8945328686947,360.00444305023996
0.471470691531454,353.579843283645,85.49730447658908,67.63554707119587,68.32798760427019,67.22511394032018,70.55002046037752,85.77451700328547,352.45735881628104
0.47147069126870333,345.6776485269141,83.00613432930103,66.38386105110818,70.83813453625568,65.69371890668617,67.1634434981999,85.67860882587355,362.64091671556264
0.4714706910063535,358.06282865498974,83.74307919712538,67.08535444065875,70.18174495159782,65.45323408321953,64.39100988736057,84.68338352731408,358.41272245146666
0.4714706907444041,360.16045276484385,90.11961921986655,64.68680059640148,64.54910349211823,67.0956998446883,75.50933751156299,93.61941521951286,362.3020641255812
0.47147069048285445,347.88099329026466,86.08195015749068,66.41446919137532,64.652134521084,68.36324197305328,69.64872145055915,83.5090266663241,358.97724429451046
0.47147069022170385,365.0240306120235,91.64629986096297,65.89237241111374,68.5124744782431,75.7998815244078,64.70406415575346,90.80526060128547,355.3906760852258
0.47147068996095165,357.0390691737713,86.78928975281987,66.73240505649001,68.2921386704175,67.52651062246827,66.26788755416528,86.50049703665066,345.70048528278426
0.47147068970059736,357.67073816462346,87.28700176622593,69.34069688271697,70.70832199011245,67.35255597723004,68.75187293998054,85.2219006617848,354.4507667358317
0.47147068944064036,352.9202220478925,88.76815490181306,67.52518840275933,70.44005933101487,68.6389172571505,64.73491953601341,85.91547507420206,360.99670311007736
0.47147068918107987,360.60738272029613,87.27123904185714,66.87037210587094,67.07292786158203,67.53989685019172,63.81452955728958,90.45258701999596,354.01703492906523
0.47147068892191546,364.8781958868608,87.08708106215764,66.11280914109116,68.99370803374028,70.18552095953554,65.69326356711511,89.49196025798148,352.513294954224
0.47147068866314645,364.6941672776652,81.66895749577198,68.37722515726605,69.2453491021637,66.35528049953977,66.10365931660755,88.26956886745467,367.5595758002182
0.47147068840477224,364.36322255831755,83.31408466185758,67.74918908952549,65.17455182653843,70.98464802548317,63.01007982572308,85.52801228455209,366.9688282339097
0.4714706881467922,351.86239357404,83.12723865893457,61.140280003406914,71.27356108958115,60.589082759561904,65.16698959202273,88.16592730411115,361.6095220916808
0.4714706878892059,363.08877962012673,88.1677512348875,70.64312033133837,71.93683761694588,68.87224864810996,61.76286665423825,81.64893896928,359.06173459706565
0.4714706876320125,362.004660763925,89.7672078177796,67.64799666223361,70.82785886000084,58.846607976988125,70.9400825957226,83.75686125830158,363.1598095417232
0.4714706873752116,359.3446416696211,84.26407572515933,64.49387866023984,70.22373637970365,71.04890828478807,64.8980632078802,90.1368506458412,354.79307148239815
0.47147068711880247,356.37203359670343,80.09807809620305,66.3535354238023,61.650056020713265,69.64533789849081,70.18745194258297,88.34513018606982,356.4489480573515
0.4714706868627845,352.9472104322407,88.09380717787838,73.88398909375968,62.93723439265258,60.35167013460159,65.78331081771935,84.77747253318701,368.2184421104538
0.47147068660715724,357.4541586209719,89.19573959920551,67.88709964194592,66.16631665022126,62.70307665796026,70.67504406203956,90.60698474230513,356.4849242573855
0.4714706863519201,362.0744312678233,95.5443295568919,61.1872173834636,69.74227351625467,64.5048037416059,64.59547782495926,89.23812319284525,357.71637726543173
0.4714706860970723,349.4362768017818,89.19608037672731,65.42100986119898,69.02427778809341,66.24133558402066,69.75013610330684,86.58955985006538,357.1339713768276
0.4714706858426135,356.70018599029197,87.31574761612791,67.72456518659982,63.229200419183705,65.35390407343259,69.64848979759336,84.88774810701274,356.4902283360677
0.4714706855885428,357.4728998637674,85.49596011956088,68.35717740526847,65.98110781365617,67.85725108026189,62.4726359218239,80.87261817010834,355.012778324582
0.47147068533485986,362.29337409086384,90.62583326701184,71.57938632364531,65.75514503082375,69.6228302025683,65.55661375456972,86.31021454497424,355.40274224983096
0.471470685081564,346.9115061088581,96.21698457738658,63.87741712755178,66.28446606261929,70.48987675479104,64.40883283704686,92.59550063039593,351.2062821892791
0.4714706848286546,354.1428272942578,84.55688460296072,69.44817864492558,64.084493567349,65.33277834514577,71.86268885794159,87.8626924694494,356.73598724361557
0.4714706845761311,364.7668521903608,92.8755628130299,68.94146532484227,68.20442670434763,71.03940965097107,70.54091472447399,89.39376841202956,353.1469940349613
0.4714706843239929,349.81803872391754,80.95988379702658,71.13102025339452,68.50069432217802,63.84571649148345,66.15169990460852,90.17663607049687,356.30806690836397
0.4714706840722394,362.70632169915956,87.45882179647491,64.55277295295902,63.52358769901072,72.99262615321757,70.24596766096887,84.99789034300704,357.8140411989715
0.4714706838208699,353.91485583654594,84.01620604159237,72.84291226558237,67.07994490352837,65.91671930831318,65.23220890513804,84.39243483639027,346.6634853171407
0.4714706835698841,360.44760062163544,89.39570053372066,64.1551510713873,74.76238037188926,70.41592408071062,67.44796131793099,88.72892203284695,352.75973562976515
0.4714706833192811,359.89692686576007,82.35256910745186,65.87182692363014,68.11950839328814,63.68641402632282,68.8668846502292,82.79594411607928,364.20733458630764
0.4714706830690605,356.08416670516266,90.52386138543348,67.18446547518259,61.02330284439694,68.02193234717244,64.83485714771994,79.46249852369742,355.2333928416805
0.4714706828192217,346.07972695854966,88.84692599207314,67.11257737378475,65.25451587439512,70.57315241540898,68.01941208411323,95.11721625659226,350.7874675572782
0.4714706825697642,364.7576828306484,88.12529348455504,63.419566380754254,67.71007829000021,71.35618764221282,66.66426533495479,80.62293816001862,359.8475171575436
0.47147068232068723,360.1808195823147,84.44586852964854,66.92124427510942,66.62000657003894,66.01182973518301,66.31730295973675,85.65619207605971,357.60426830163664
0.4714706820719904,350.6880067242081,87.84414926367093,65.98915781682727,65.83547573837528,66.69633599434903,73.81995748919957,86.74607901566411,348.8426485313134
0.47147068182367297,351.54537513306474,88.47387023055961,59.652998242229906,68.13524122923438,64.94351939576873,67.07896064581826,91.53610952042817,360.8076794688531
0.4714706815757344,354.5027499589857,88.76914875387793,72.91375557221195,66.38037948304246,67.60215504450574,69.70889717790917,91.01671827473723,361.5342057719546
0.4714706813281742,351.2291421514093,83.3116917490679,67.13325015081209,69.48804983150042,68.73793674101042,66.37526410979409,87.64105461410374,349.10874945425456
0.47147068108099166,367.931878727008,82.95972454158745,65.1347371171596,72.1334613414313,67.28153669812112,71.48051305602166,84.32956641423888,351.6335665665129
0.4714706808341863,351.90362401623236,83.0355457758281,68.01122898991565,72.30275878933533,67.12207054032649,68.4561892224727,91.75987541990361,353.7396592757271
0.4714706805877576,355.67146042964634,84.90699498355491,73.84936893279128,69.90722161756746,63.82706503093087,65.973839047839,89.23731948768604,345.4816258602748
0.47147068034170475,359.3198463563522,88.45618518570174,65.75419576689488,63.17251299200771,73.56714948812595,71.8959861713559,85.18192063763111,360.5521628160297
0.4714706800960273,353.29697673436976,82.72364070747683,66.19468487985371,69.1341181012227,67.30278956229563,66.94972407272351,83.49821554897504,355.34754361971056
0.4714706798507247,361.0850289202297,89.20874518080896,67.64904295233826,70.07750132103226,66.37856927637243,66.69186542630871,88.5924981266551,350.5194531918579
0.4714706796057964,356.0795361766756,85.65603797139995,66.31352146754988,64.31689952923539,61.137027200195355,68.84568411757776,88.36828600625104,352.7083962887992
0.4714706793612418,359.31464122477115,86.81700441881863,65.87776474530202,72.21451063749332,70.02031057453217,68.38053803955039,87.96349346013486,364.1175084435679
0.4714706791170604,356.4710172957539,90.84214836770971,71.62007978422105,61.961284061266475,69.13058598152149,69.76148171101369,88.12270379340306,358.31768445397444
0.47147067887325156,353.2785851349459,90.61570842590439,68.13913338487255,67.2037118068553,72.0188319296114,71.25105421049042,84.23846268109406,345.33644572645295
0.47147067862981473,356.06392365811246,86.29042478685265,60.8571781232476,63.74503850880272,68.93124428638757,64.50525388795066,80.15923454340906,351.30696063051954
0.47147067838674944,351.23405879297786,86.27417411745567,62.87361505982293,64.70719279194218,64.19277470077594,70.79616690688637,88.11043421762797,355.2977659401662
0.47147067814405497,359.3383031375658,84.67655906501628,68.42013970730584,65.57498371596671,69.34350261233338,66.62148845276486,91.15413551809975,358.1935069997002
0.4714706779017308,347.1565645986415,89.78332809112109,65.29859540656814,65.15622763038624,63.64898963409378,65.1525267757031,84.70097267001343,345.43252001735334
0.47147067765977635,357.11951667877884,84.48269956026554,65.52213235144107,68.85977338462138,62.6932715351762,62.02013645119743,86.38592925721788,363.3435797022946
0.471470677418191,354.57257132437275,84.98761926782478,70.90951267311124,66.19402495166221,66.28690296359468,71.51614298976985,93.70490936111172,355.5869733539394
0.4714706771769744,360.71965212816895,83.48073870002763,67.14004277909275,63.261643083002554,68.02373513255223,71.52425136850468,85.99571254086896,357.29358838160744
0.47147067693612577,348.9536148528296,91.00824940572157,71.22408412531539,65.27420899817848,63.42264109063044,66.94434469272599,86.71033428914092,358.5050308306382
0.47147067669564463,353.59816427053846,90.53279733772337,62.93143399192608,71.34586461603645,70.09075904268146,70.54831607006636,86.31376173896777,351.88962961724707
0.47147067645553037,362.62177511943753,91.23836520637084,67.40801929670378,62.373031425314075,65.76073142420535,67.57052591260774,87.15362715401997,344.0372891871114
0.4714706762157825,345.27002250487953,89.53390837214826,69.50726993378734,62.7627242277677,66.49157234645882,71.20786531182698,88.96297638632444,360.9128805325811
0.47147067597640047,363.29436899947115,84.32102354574961,65.6686219744428,62.90699880320078,67.10863451255219,66.18387833565008,86.77729031250655,360.4351081003419
0.47147067573738355,354.6724598466331,83.98538310850493,73.73489713418446,67.22420518584785,71.82358525325034,67.66651588976261,83.0032810168615,362.5078353768829
0.47147067549873145,360.0622485040467,85.16396103875928,67.43001143243252,63.399766066982046,64.84064655868424,64.03819469796944,86.59442528645148,358.5863067306901
0.47147067526044345,346.4090987102535,90.46984852097617,71.53225767790384,60.200036824332884,63.879147402536674,63.33613705049475,84.80217629702389,361.2300857994883
0.471470675022519,360.9009023526511,85.00789594646662,68.7472108011776,71.50366028570568,72.37354759662924,65.64672789588616,84.58795388562245,347.8609098854502
0.47147067478495747,362.48246714343304,84.2130046598277,61.78633089614343,69.54577330655806,67.04186458657499,67.68758772942853,80.50095386933138,356.02074130241334
0.4714706745477586,350.46933003466086,84.85285370803415,68.25949849756171,62.92804295660901,67.77719305088071,66.8305297867758,84.79371106176836,365.078808528574
0.47147067431092154,349.84226113118666,86.34370555841352,67.84391316138243,66.26064871889025,62.843495408443275,70.78749651527185,88.27662588607359,366.6577481100051
0.47147067407444593,352.2672972202718,86.27974177372948,69.30587805305375,68.38670068345606,69.81963626461233,61.93911707431397,92.85484750612218,358.87066047331723
0.47147067383833113,363.25588659029034,88.6503963769664,71.04738005788113,62.65451254549036,64.87962630526216,67.564840207012,86.91402998628983,354.08649770180045
0.47147067360257666,355.68639379610886,84.49052806972807,71.01211889975824,71.00011246015757,60.6114351974134,62.12637418831818,83.08056883099354,364.1874520384848
0.47147067336718185,351.34854697902557,90.58132229681927,68.43562855739701,70.29818267368682,60.827806419694696,67.15313586044412,89.46093220439104,348.6269919098023
0.4714706731321462,359.05091132230757,85.88754007520588,70.48095028802729,62.510504592608584,59.96128668626386,70.20240399236141,84.4492617415613,371.16203043027775
0.4714706728974692,360.2942062081506,86.32330734285321,66.68712414060616,63.58702740016317,72.45481008808817,67.68534209094496,83.92120127689827,357.7482438825383
0.47147067266315024,353.10294267307927,89.32741210989595,69.1579569835784,66.3219773593587,66.35981839932057,68.60783443248465,87.86029522668008,357.7174636833412
0.4714706724291887,358.36924442019773,83.10861831706488,69.71619727841365,70.09667639258761,72.96730826833024,68.56431454581355,89.93648992129211,355.5062878725327
0.47147067219558414,354.77995490146037,84.63027453840469,71.86509231685423,69.31262161113416,69.34638700993129,68.86867822321342,83.15634577498695,352.69615277221527
0.471470671962336,373.9438422223489,77.88332472855649,64.92279447071618,66.3963461152776,63.885849899423896,70.89512292490153,83.92337618003202,357.4609196633556
0.47147067172944374,355.5393840233821,91.33000404367478,65.25568884746069,73.26317444228894,61.0655282186864,65.24640126051769,85.61521886012167,351.58006558322296
0.4714706714969069,362.4021594570952,82.97775232235618,65.2192348720953,69.33251145124564,64.70001757397543,63.56378687763732,89.85039702299181,361.875848532488
0.4714706712647249,353.9869423360977,87.81593920823984,70.22288705099346,68.23426918384162,68.27926538767773,70.96566584559555,86.10480541455,356.19171582867114
0.471470671032897,351.49367676041163,82.44031002884101,68.67851512238447,56.068284029848044,66.35493804012667,63.34203199174097,89.80317339778878,347.1084973019953
0.47147067080142296,355.19359845899197,89.58854582197911,68.77875980123707,67.6512758518221,65.88572445563145,71.20496405507556,84.82478155324205,361.11840556704703
0.4714706705703022,358.2320555645198,84.35475966486769,66.57744704793281,63.677245619355475,63.448097619735904,60.11562896122669,87.62860275844533,362.01249715469174
0.471470670339534,354.82615251753293,85.57652634124582,63.96780493511107,67.150666846205,67.30199378945886,67.38315962048885,81.56413848142995,365.3307958908373
0.471470670109118,357.8546928915933,90.6185895379954,71.59265660615199,67.64232237551228,63.09143368486442,61.102633287970704,81.84373730020258,347.50111250867894
0.4714706698790535,359.11440658280543,86.7949559161161,61.47915351384694,63.03253678483866,63.23104523603642,65.83422214286895,84.85673690103563,353.22996361486
0.47147066964934004,357.27038071402666,89.44015569078118,69.11100520867109,71.32865389260532,62.5407141388048,74.58493634381142,83.5961757092794,353.0913256956956
0.47147066941997706,355.2807877280163,88.35256051854981,63.263170358069466,69.85378617169064,70.19008468238324,66.33296754947439,86.58484316159434,358.49474856801345
0.4714706691909639,350.1066302239034,85.12166779090481,67.49929084495865,65.83128425742818,72.39266735759685,69.64240606613556,87.01556213063006,356.76125975839955
0.4714706689623003,362.1401401814333,87.45138257651222,67.06088911514202,68.62875333720429,69.77488756626842,65.04873156225065,85.21702325242104,353.06559365122945
0.4714706687339855,361.42885500751885,85.36341849493745,62.82709511897447,71.76769195447454,69.53554547852035,69.73437405781566,84.30554325140136,364.10887572761294
0.4714706685060192,363.9543797270385,88.51486540255208,75.23087122366987,63.578335935389056,67.74858063799682,72.47702434372565,89.66280085106771,362.7847585136067
0.4714706682784006,349.2784975649845,88.7548058410312,67.78288863593079,68.43194828740813,69.83203015722928,59.38489191611746,82.34206121085069,357.8705205701124
0.4714706680511293,357.75387147469127,90.97909988022877,66.21613082127482,72.8180673634971,67.0111326799061,65.48701936640478,85.55192540548228,359.69507246948825
0.4714706678242048,365.3177251586703,88.2335536325469,66.76602456725615,64.17998702498154,64.91634016422964,61.92922506414162,89.00054372530074,363.46199339572075
0.4714706675976265,360.1135802185416,89.92259215188129,66.81968361048052,65.76053207173118,63.87655560041166,62.24028912005808,86.91545535563495,361.8376567374805
0.471470667371394,358.3937624895891,86.48019744244239,68.15716754092442,68.15949120994664,68.1806112855395,64.88955161815878,87.12254321693612,349.28594491825305
0.4714706671455066,356.26864222289754,83.9138126893304,68.07886986863936,67.79801306856031,64.11658745431231,76.55469726626552,89.04731028726674,354.3684654152257
0.4714706669199639,346.0005682473974,85.35050647165198,63.642835082646265,71.76790816683824,68.83782093910354,62.91840979647654,86.43820553055974,359.8582601073526
0.4714706666947655,348.41888843464716,92.86794236358071,63.66901960057497,68.82213173557622,76.09812903372324,66.16599116948238,84.96142359028622,350.5575681339702
0.47147066646991065,355.1354565214851,86.45603373463595,69.98442869902424,69.46856982908979,67.05610150289647,71.37432820843172,85.92025346227526,367.7837850099691
0.47147066624539885,359.20849144733035,82.09613964928238,68.29451748139829,69.28486023290266,71.66170478754836,68.00700189598011,95.96247827629055,358.9672657352698
0.47147066602122956,349.4617886069147,87.01903966878862,63.07016768322435,63.97950021837192,65.22146759773582,65.26470252387061,97.2343826129659,352.81088450288917
0.47147066579740243,354.29247393224256,90.79928134080761,63.84285505063083,69.96347968624075,74.2943229041042,65.95323901787435,89.14766466583052,357.91787296280876
0.4714706655739167,356.419597887233,82.75022923977444,66.52565885058654,65.0974313374522,71.09728075258587,70.91233115376453,83.84121702907368,362.58693547541475
0.471470665350772,356.9096542332405,89.29871000853946,66.94940436384297,67.81070935397196,66.07458670108016,73.92995545440823,89.20927265679958,353.3769690619304
0.4714706651279678,370.0230785305347,86.77930857295878,66.2805952612787,73.34371484027538,69.31384927270045,64.56780800964593,84.26734917477181,350.9918559866816
0.47147066490550354,359.00710819662794,84.95643057768848,71.08340134580753,68.2238458159916,63.156030489934224,65.13746179488467,87.97316988853414,353.49137703313863
0.4714706646833786,358.6487628845001,91.25351537600352,71.05115449670454,62.69170446717367,65.41372567373345,66.7843681085641,88.1047285764486,348.5992946606914
0.4714706644615926,359.0332600713435,85.46286400135216,66.33369764661964,65.63950953335059,68.84791971771546,61.24711162527046,86.65116055034831,354.22439678429424
0.47147066424014494,356.60871478039024,89.9888690565299,69.02193182450387,72.44740248705531,71.57665531612759,70.01979847811249,89.70304137684094,355.1813846490208
0.47147066401903526,360.70461198689253,80.71207248362573,69.10242600619344,69.62091391514099,71.41304942222881,66.12946743774096,90.72048320522971,358.75887588266033
0.47147066379826286,344.71223154171116,88.99933605912956,73.96634979040722,71.0589585694269,64.44346103417273,62.13923786586148,88.05247239704376,351.69916508887655
0.4714706635778274,359.17310938257293,86.1458723582825,59.47694892857226,60.02070853623921,68.98641538439121,70.58942276039134,85.79379866044307,361.3612384039954
0.47147066335772825,346.23040930513855,84.64437504635423,59.35564166338895,72.60375060115386,66.36999369704482,67.84944811960999,87.1435550791997,365.0475566446737
0.47147066313796493,340.03106339589937,84.682955798667,65.29687970678968,67.65218434965239,69.05102797101489,65.66656035544253,88.02925569861875,358.2021891062199
0.47147066291853695,355.8539173622056,79.30819993809705,72.20207524692718,68.47172604061477,65.18361073236345,64.71434926391363,89.05760617917096,357.8261391860483
0.4714706626994439,362.6731705044369,90.22536422476165,66.73927208488253,62.77370524547862,66.90185919877078,61.42198141016185,94.79849188832839,350.18256921821387
0.471470662480685,356.69381021710643,82.88046973528476,65.92743197790331,60.81189239617532,64.44124249051536,68.84475787290764,83.63349681449418,347.41921351942875
0.4714706622622599,347.6402800664271,87.55468317099043,66.98441732525924,61.38258110043058,65.30523196807569,65.11476443546175,88.52093173242805,363.28247406379427
0.4714706620441682,355.9132388037161,84.49960509149872,68.51737961472693,64.71562584652524,64.47371691985363,65.87719754422318,85.64622763707699,362.159830224822
0.4714706618264092,358.4965876076935,87.41231600094979,65.7865779654078,66.03340688762907,64.82260099961294,64.5365285504251,85.11068184011695,355.07335758883863
0.4714706616089824,355.5030938592751,84.41347178134248,65.09102672891207,69.1058388772954,65.13059216421298,70.71913099380393,87.12512624715221,355.55706807701563
