attempt,offset,distance_m,ps0,ps1,ps2,ps3,ps4,ps5,ps6,ps7
0,-0.15,0.5609280256860054,63.661986392768526,69.72902373751984,63.764686564764126,68.31835944115898,61.33395877391072,66.76852741590989,71.48557095442982,69.98390175304829
0,-0.15,0.561051698849329,67.79212422639874,68.71471178911493,71.72911516248047,70.27284207699638,65.12323371561816,70.23625733432512,69.9682797330093,67.0684301241127
0,-0.15,0.5611943417517951,69.65102445933502,66.59716278911816,62.72145560694713,66.81719804950698,67.91515692747836,69.74630043932844,65.80231044871363,65.04791981242943
0,-0.15,0.5613556650998492,62.822918280007435,67.04181261225409,64.97159379863234,67.4289619275618,64.47864997406009,63.38677652571192,68.08024756492544,70.8050159716955
0,-0.15,0.5615365253180609,72.76020843703861,68.85290062479334,63.73115423201243,66.48059923421282,66.5327113795977,64.20646442918029,74.82776379635463,64.9405119371097
0,-0.15,0.5617353771228933,66.83767316804558,60.77796243616181,57.39907490458216,68.63013710310624,58.89512668185592,69.27001688675018,71.09819316326478,59.88680879021298
0,-0.15,0.5619516138783751,67.05578931199047,72.75844863056022,71.89432167303846,65.89048608150355,61.55329742905028,67.64144326000265,67.55304238632345,64.9923054327153
0,-0.15,0.5621846333384275,71.16212433205023,66.8273302930709,67.12673896939106,66.32599338023135,65.57367933306284,54.66788724248961,64.85075973104982,72.53495022642717
0,-0.15,0.5624338223333841,70.14256897284444,69.06712798467719,61.35353119302679,69.8331272980764,65.33383297651572,64.64161959475977,71.60147956838499,68.78820378143172
0,-0.15,0.5626985570993799,63.284387955928416,63.42266960946911,74.12034531958615,68.4568694730388,66.61464121437402,70.78224464206129,68.14640803173114,63.746205481911275
0,-0.15,0.5629782052611936,68.09786643640629,69.4194044118152,69.67955265263906,65.876334691924,73.48717565907434,65.62216648323336,66.45167333172259,66.56417159222529
0,-0.15,0.5632721270916808,68.15500764082111,66.60973873555463,60.3387528670366,64.81628776062458,67.73475469462775,66.99590158750681,67.1129761903214,73.45421843247843
0,-0.15,0.5635796755954322,66.61884897556057,68.6791909262602,62.182255119418606,61.45962502793987,67.8788553899973,72.35805931929366,67.5776076592859,68.48916154555997
0,-0.15,0.5639001954942995,69.8089163927495,65.16600472560347,66.02356361090541,71.23676795223558,65.37089541997756,70.9666572520742,70.7336362441394,69.76329198996213
0,-0.15,0.5642330213766111,67.51036077066911,67.67297929552656,69.29532875800695,62.06946648486711,66.30708791724884,68.28440776068838,71.3196517196158,65.36160816712817
0,-0.15,0.5645774753422674,72.05570758177198,73.65669671443409,67.12451686069434,63.063389288891486,63.23479131612567,62.727858419068184,67.62864513043988,63.58387453688988
0,-0.15,0.5649328644910919,61.20973534693474,66.10801796624938,69.33403643362249,67.37587211248999,65.98725132236257,69.81161686957132,70.83771848343014,67.34719874909506
0,-0.15,0.5652984785804153,62.09980496563806,67.02902438839966,63.97857443854257,62.7770968956903,67.2133859354629,69.30811227741329,67.90401761869366,67.00608341256661
0,-0.15,0.5656735881294916,67.68560293462238,68.84568910579472,67.93551449444392,68.93266534337046,60.30423657014282,66.03006092252974,66.10870635596162,64.65618201947163
0,-0.15,0.5660574431817676,63.67526268489749,66.65255882211127,65.77056237111917,69.24433567175825,65.75628917288054,69.95946624903753,66.85984260952141,70.41759489663002
0,-0.15,0.5664492728592662,67.98643925551187,72.49250264138178,62.879301611515196,62.22424815227174,69.92697390725652,57.99336251098871,64.40344410122741,65.15718145869552
0,-0.15,0.5668482857654417,67.5216815757565,63.6217357561494,68.00210673660054,67.16666388645595,66.7193409479038,66.48074128735796,65.89950953293825,68.8061899604429
0,-0.15,0.5672536712204905,63.59491020911424,70.76433702472498,62.48480808713583,67.76150680946114,65.90611952637524,70.07303290827403,66.8569798510185,71.37169846118785
0,-0.15,0.567664601251171,70.30293326684695,68.10968392290023,72.24533433367228,68.83517578254886,67.59186521978165,63.78834611737699,63.18959349112682,59.7798550276289
0,-0.15,0.5680802332093688,61.13992342024029,71.62685227003976,66.4682076704985,73.18001375996928,66.32879368162986,64.54200724186639,71.64057179342885,67.00692401750649
0,-0.15,0.5684997128615301,61.60455394270448,66.83039183891319,70.11542486395969,64.93063205367022,64.93473809872776,69.84891334879892,67.2797762737595,71.0005288591915
0,-0.15,0.5689221777745531,71.00232970353942,66.97532554235619,69.04923747046836,66.13298915438094,65.1814748731116,68.78600714611939,64.51813511627343,64.19443077571722
0,-0.15,0.5693467608210374,66.0489140725588,69.5200391717406,64.08473507772814,67.37941858184395,66.58705531443566,64.00172385323336,68.43477205938383,61.02928552364988
0,-0.15,0.5697725936366087,68.19446888992493,62.73852068767644,64.70579087942907,64.82585171743116,66.5962860543612,69.33000903218414,72.36520865691129,77.66088018593223
0,-0.15,0.5701988098817761,67.38995048102235,69.1459437570925,68.03143010633288,73.28201161373205,66.29680865927644,75.05963398062659,72.14225835230866,71.82952717308947
0,-0.15,0.5706245481875701,70.05887111468668,68.45938644181113,68.10623313004513,69.47435152469842,64.81653064506779,65.84942502023796,67.63386395514527,67.68694847738888
0,-0.15,0.5710489546956042,68.26566612316678,63.977090639753634,64.97994650145726,69.80364990706575,68.53292398688916,60.44383629667953,65.40960487042054,71.61977178193285
0,-0.15,0.5714711851373289,61.08304121625122,64.81566347712115,68.83450051222306,67.6713748985976,70.51400804883738,70.53305660734921,71.2331535049418,62.70426522033861
0,-0.15,0.5718904064314364,67.84275555263676,64.9620656935114,66.53523061676134,65.63433757572432,66.25912301548948,65.14656801546887,67.48781510112907,70.89638077656744
0,-0.15,0.572305797811428,66.70523222625043,69.57860819154764,68.45714000787711,69.18179880543511,72.07228297753755,63.886536037850966,70.21240850830432,68.10650436049521
0,-0.15,0.5727165515256861,63.93030761970016,67.5460744203481,65.58889202253395,70.75142888342315,65.11530560947352,57.556797390693255,71.66891987614186,72.79515824438434
0,-0.15,0.5731217379336433,68.88363469423108,67.96822811360045,59.91759350751059,70.44373551592953,67.7424801385245,61.935876407789614,71.86714751410004,62.97697019426108
0,-0.15,0.5735205804003572,64.86489478572544,64.37886847464853,73.33785553714537,66.57741822584765,71.62880599330025,62.83843825505532,69.73095253623872,68.41774510566636
0,-0.15,0.5739235734744185,69.4342126191179,64.21991962298705,62.05856642316769,65.25175123494662,67.80903489616884,75.58882724563257,68.68228232622985,67.71404436049659
0,-0.15,0.5743150548832275,67.1313692535349,69.08951836223979,64.69805490636142,62.681070036660934,69.4682444737883,62.994764953048524,75.48248510626301,67.76805542177144
0,-0.15,0.5746960063187552,60.621618139376125,66.94680100554386,59.569401773136995,69.19499455455633,62.02708167082245,76.03938583535982,69.9486325112908,61.11794510113439
0,-0.15,0.5750664286152778,64.77210952035684,65.53997936878604,69.66056359446348,72.6940375791872,66.17111906584984,64.48290572699078,69.99155848327658,66.51169494972697
0,-0.15,0.575425958556782,70.29119634312704,68.80899272795173,69.93316219838199,67.34808437071285,67.28677266615678,69.73584003581107,67.05759606860664,68.57975809255444
0,-0.15,0.5757740757783283,65.15052413343444,66.65324597400127,66.78943259857357,67.94418204503765,62.09191768294429,69.94049752351164,70.270211442569,70.8206671296129
0,-0.15,0.576110184718256,68.34520883388896,68.66287926118123,58.75393259858488,63.2628671858288,65.32710422667913,56.08950405865785,70.21637712217183,67.05204824742592
0,-0.15,0.5764336558723254,68.63351018003742,66.80157636609998,67.79922573429351,67.24734536447393,67.17563779130072,66.70782226324516,71.65718287312501,66.73442120859
0,-0.15,0.5767438513952005,65.1365713039673,68.08960255206075,67.18921379490693,62.233255140879685,69.18939854752217,66.59063429282875,63.703116705044195,64.69402976096212
0,-0.15,0.5770401436122259,62.48991501690449,67.82043577354152,69.41174347983892,69.81582691180765,67.18394327187733,63.899993298387315,70.81674679132945,66.94675070478714
0,-0.15,0.5773219294638063,65.9944812720689,60.02375650040428,64.68913699776087,70.95986332135574,69.3481485108044,68.81013803977399,72.8475265885901,70.22348529640429
0,-0.15,0.5775886418491447,67.60971276276068,68.88603745226729,76.02879797028511,65.343085651339,64.83474407425334,64.03271721709376,67.93802567257471,66.00593063955688
0,-0.15,0.5778397580871538,71.37435306265381,70.46145313934758,64.84223933053164,68.31021747182376,72.37499725961365,69.04044910880235,73.19568649565149,65.07857736679142
0,-0.15,0.5780748055126522,61.153708158092876,70.02914755758012,67.0784423420995,70.57090202204975,68.86741852420542,71.6409636971672,71.13809733749356,63.08182565680517
0,-0.15,0.578293364265016,70.2062665483798,69.22178520299991,61.744751397352715,56.29603695576607,67.0221934635917,70.65647426571985,75.24642881235398,67.10887273323281
0,-0.15,0.5784950674591516,69.1366384977363,67.9389440568884,67.88922161852614,63.56839898980187,65.9037950116283,68.11827349510001,64.42713139699228,71.51532887478574
0,-0.15,0.5786795990785617,60.904616637598785,62.424796409431096,64.31033178505707,66.07859960281249,69.54090068579498,63.2238058599672,67.87847909753154,67.03607790637399
0,-0.15,0.5788466900574388,72.45259490509656,63.653753735054835,69.88473976332524,70.08185658575935,70.5812776264923,67.11296046869715,71.312994493237,62.8848646310633
0,-0.15,0.5789961131026518,68.73590609219423,70.75931004939791,63.95483056952913,80.23126250212363,66.26385052191881,66.32377642536181,67.71128296518671,65.57290647603891
0,-0.15,0.5791276768409082,60.29108144058894,65.24262393575329,66.92486287064956,69.60200805888928,66.79734949288417,66.31780160049924,65.73243171238693,66.63059164575631
0,-0.15,0.5792412198631796,75.4279720122619,70.94799503758614,62.2937760112908,69.02948346315296,71.59288471007,72.41873490858967,70.56430725403968,71.96117762388212
0,-0.15,0.5793366051846331,60.268951833539525,64.94076504418291,68.20473492719489,65.52863479497157,64.64478467360772,65.98768439985672,66.01569091757855,71.33692337953762
0,-0.15,0.5794137155538026,61.885831857473555,66.83007372972597,66.73777752416605,64.99979602031999,68.35835465263028,67.77316842902326,66.4244239818531,74.6173265692092
0,-0.15,0.5794724499401073,70.76601770912937,61.350846987048335,66.7528023170123,72.9837479756856,70.87598078705322,72.27052635911721,73.21315056489235,72.23577039255221
0,-0.15,0.5794045262541043,60.78097719868294,61.83370242741243,73.22750144041524,64.86724428342217,65.07785437665501,62.36613524015855,65.11768848206705,69.71000640987208
0,-0.15,0.5740906567478503,67.37960832659486,65.39611023476327,67.359157308597,66.48914204395744,66.94878966827245,65.39336631259916,60.76912695949773,60.85448232322236
0,-0.15,0.5686406600320353,66.7032468900493,69.02788678797975,70.14534171632859,72.25377097741568,68.89109895805835,68.21566953357159,69.36731434582074,69.96420362073705
0,-0.15,0.5631391448229571,67.83762730613402,71.7715731272238,66.07947359560752,61.67448689537143,69.81159376539952,69.19758469503473,70.93231058498534,68.18043214114003
0,-0.15,0.5601925493898338,70.5076591173661,68.9705864556402,71.64098208296406,66.69672940328348,68.18057905762288,63.60189397339675,66.52795674371947,75.63123849289815
0,-0.15,0.5572502938350041,66.08602105610824,65.96222757935644,69.94788411860655,69.44293349127345,64.82910953452918,64.24393581903186,68.07392591944078,66.79946687366517
0,-0.15,0.553034150166179,66.72391550832374,70.43980736859605,71.9585549522836,68.49675584975803,65.13473390701677,67.9558259813901,70.63140301837716,70.0269417669678
0,-0.15,0.5492775655813098,63.34576561301847,67.99423429438481,62.4239318430636,69.60112812317875,61.295695229697984,65.7888138335684,63.58350940066161,74.71773851384467
0,-0.15,0.5455160945750304,60.36291461183162,68.2777564017274,65.43397256676309,66.0893510129268,68.73313269851249,70.67747152287592,66.46898891764022,69.10410288785047
0,-0.15,0.5417498223772343,68.36067932833865,66.30767644654853,72.6210761159648,67.47609299340326,65.69198910533196,70.65604750530879,58.09196201290661,71.53001024521781
0,-0.15,0.5379808177141479,68.7264704705018,73.34689495630114,71.497103600712,67.10641267869171,62.84561323853507,68.47427935878972,61.836619737671,62.58123120969895
0,-0.15,0.534210675784125,68.56132646115717,58.56004292442853,65.85947891473536,64.54100808309029,73.11462426392612,67.15525873985092,64.59486369648887,71.31185980027549
0,-0.15,0.5304404108056716,65.26129212817548,65.91026597663539,63.22667930033483,67.35062020592301,71.24667284809901,68.13827292465997,72.63871276746922,68.4387569915544
0,-0.15,0.5266704387638426,64.81013447868897,70.97787578526203,64.49324059321401,68.19948265118204,68.09393280674762,69.90572404329295,61.21593629563273,64.7106811975101
0,-0.15,0.5229913179390774,69.03915285321173,64.4380991452073,63.052290810626296,66.69385660642774,68.32682938404744,67.51551842591557,66.7802261039468,65.30879983693104
0,-0.15,0.5210451485858598,67.77168696535405,64.19135301044773,69.20896988821796,67.15719632653816,65.76196805202525,64.12851960613698,67.62314721203248,66.16316989963474
0,-0.15,0.5191884652005505,65.48249230302575,67.12887860795017,64.42477938161218,64.74247312637199,66.08652614238137,70.92113073942767,66.41659100054699,70.79079678743362
0,-0.15,0.5143994663039483,70.59869007395541,71.69328188041202,66.88877254225334,69.14953110318035,67.10227093121689,72.15248524898136,62.530945685643665,65.60137246063553
0,-0.15,0.5110527039363416,64.23016064158219,60.94483766434069,67.52909671856949,64.87301974221579,64.01674909725796,63.30180169528046,68.95145196183556,71.11838989277229
0,-0.15,0.5077153389955287,59.832674288544,65.21559647380757,68.65989640597608,65.67348588467077,66.47263736958371,67.25067607222178,66.0736485378678,69.13723735200934
0,-0.15,0.503869731752597,65.77550385139455,67.62566862489057,71.74454809069448,66.50309937159761,68.81334082833966,70.09581681119757,68.68249673997438,71.92590419699032
0,-0.15,0.500008924481212,69.29070547317664,67.82640189663165,61.10606307275764,70.52757233351589,61.78794035811536,74.52529467645148,66.11525680792732,70.30367564669554
0,-0.15,0.496136445337709,67.93520466652288,63.874942387277464,63.89527605199901,60.213860911734294,67.62909426605397,67.27249393096105,66.37628189975928,69.7482531874856
0,-0.15,0.4922565678033924,62.878848063033566,63.762372621254116,64.4500292650124,68.47988494715736,72.43247894195552,69.20899996018755,63.286353989616586,70.9829678040987
0,-0.15,0.48837396756863666,63.31035688223175,62.740252396378445,66.38223171279223,64.80726188489373,66.05301770713002,70.18000978295682,66.36927716369051,66.82993731702197
0,-0.15,0.48455653678356303,70.49219948433083,66.67496626675727,68.6726784057722,70.68899513341692,68.3329119109219,67.22893714620433,70.0976197174393,69.84881064336533
0,-0.15,0.48074185971316896,65.58070426648344,65.83258856588044,67.22930776766849,66.85372686454865,67.55419553052594,62.422318179642005,69.9599184576023,68.93950300486259
0,-0.15,0.47693037265397215,61.34995364993642,72.74303620089286,64.65956289011514,67.9389033685268,66.88847867335912,72.05188309268505,59.60214650989582,70.25356921721892
0,-0.15,0.4731221451663503,68.00648819466039,68.51087907757179,71.44573621646286,66.48454298724215,61.05451762052415,67.21435338711771,66.10287083663094,75.58912269614915
0,-0.15,0.4693170232098536,69.59578310628815,65.32277139871869,62.03898654607213,69.96014874814706,69.91814019730457,64.86973621605188,67.46894585399006,68.4556110702302
0,-0.15,0.4655146117085428,64.79178938318461,74.41264655746859,78.149732965701,67.96307797919398,67.94959130453194,70.83742439793207,61.605275333483085,68.13487056538186
0,-0.15,0.4617143089365042,63.60838699323437,65.780101378131,69.43613864861476,63.946906037698284,71.89345474580362,68.1182819047581,58.248559176850485,64.98553436669727
0,-0.15,0.4579153600088685,68.32764581326215,62.00227108033511,65.2244668801733,73.33066130052421,65.65782305067998,60.77400632088593,70.20277284831322,66.86874069966451
0,-0.15,0.4541169167482575,69.04186430802119,66.00217620241338,70.23242410496366,67.73817970256371,63.1111224960643,74.41874090009141,63.104598852534465,68.13464477872323
0,-0.15,0.4503181013133796,67.24590520971445,64.5477293312462,62.555125992489415,66.86326960300892,70.30292868779102,74.1468400504248,71.5671377573753,65.31357526605306
0,-0.15,0.4465180718204417,68.61769208373626,62.29467299180722,68.1357089264743,63.06793836523535,64.62605579784494,64.58684544893144,64.97967507507182,65.43536554679173
0,-0.15,0.4427160760798016,70.93692358233122,68.47806460660456,67.52339737348429,67.14709833969734,64.19480357905546,70.56242970281671,69.54808073862633,69.45940684726948
0,-0.15,0.43891150425849046,66.77777676183692,64.42805889757393,71.8959371604506,67.0227857923605,67.94650355290216,69.3708056480975,72.65574184302338,67.78800136060256
0,-0.15,0.4351039309597812,68.28215426354151,63.82323979445705,71.5977597729276,58.749690399530145,70.31343445291611,63.780548629811825,66.97773988799433,65.0828052920554
0,-0.15,0.43129314399463475,73.94233252468666,72.71016828923536,71.58586284260691,72.09383605739302,70.49643758277317,63.153833731525566,66.71182513746172,64.59724591642353
0,-0.15,0.4274791592828839,72.18310041440203,65.42755692689627,67.24511781925048,69.3317645628427,67.65633414483378,74.90933664330512,62.98024378756488,61.25514033199267
0,-0.15,0.4236622213069345,63.40853302708742,66.3485926299343,67.80904005135957,65.4365181474071,72.37687085580008,63.91064380118391,62.58694112769064,71.70354758576525
0,-0.15,0.4198427893582283,66.27691178995171,72.78972445568337,70.02126567414683,65.41423363837292,64.67079162080555,69.64452355135332,59.813469828690046,61.18951271311178
0,-0.15,0.4160215106127364,72.57355003383458,68.39698667998998,69.25675336996325,69.45327874321785,65.4205484827168,66.09515406838737,60.53711941237126,68.91105445623941
0,-0.15,0.412199181805693,63.687271205889544,67.14339372856682,71.32587630778119,64.50075522274518,64.68856967485128,64.51166753350303,67.44977058151771,68.48034660179016
0,-0.15,0.4083767019102399,71.26187474482775,70.8607124129427,67.22336896730368,65.47453761619605,66.77160628588945,65.42105337731037,67.19368215737953,66.56617508238577
0,-0.15,0.40455501872518834,65.73584105574949,63.56572357153505,67.48454934562287,69.80570741217716,66.34550113621525,67.653736944435,63.72385944537837,63.59222379844891
0,-0.15,0.4007350726146624,59.12470032948986,67.32333202531429,68.7592052581077,73.76808465838059,70.59951811170009,63.27599320047514,61.23253077903188,68.60213728051767
0,-0.15,0.39691774079552444,64.18905035798535,70.59181029970063,63.665916563199644,66.22866936590364,68.61091603913124,63.252471888298786,64.8805947021074,64.43814800314732
0,-0.15,0.39310378552554376,74.03503872046593,65.72477961567478,66.55574856816335,67.4436521144929,67.88552069996148,60.83043553544686,65.6916351001597,63.23630220348764
0,-0.15,0.38929380930582314,68.04586081768818,70.27980525708459,64.10473939282997,69.70202338421646,64.62473702306782,67.8168705217279,63.887511063412404,62.14592013976452
0,-0.15,0.38548821978668696,67.19207135257955,65.6447319750566,66.78224112627892,66.77653159301686,73.46112803892278,65.2015556460142,61.76147059767888,66.52364421107322
0,-0.15,0.38168720648053417,68.30417592445228,68.66865715690614,67.24151290511588,66.9164651647123,69.2014841202903,66.25950214151429,64.26247503673049,64.78014830045096
0,-0.15,0.3778907306723218,63.338577243608135,64.77831382202129,68.75556754953567,67.90038348999916,65.94946290336426,70.85438820024798,65.01430569018534,65.17984980582003
0,-0.15,0.3740985291212119,67.06090920549175,66.25617965312595,68.5278859748897,69.03776923967735,60.96954367925721,65.10676544752704,70.61821688658934,72.90083826916285
0,-0.15,0.3703101313143287,66.95661287858161,73.13764645712202,65.21718520973306,66.87026185856749,69.27087567447289,64.08754897734067,64.76464769218838,65.87062418596994
0,-0.15,0.3665248892168226,68.89152251938246,69.0357253079617,69.36624842715126,65.04806600779155,64.65237221568191,64.8327831737212,73.06961253713467,70.6158134628446
0,-0.15,0.36274201771193754,70.01713705767929,71.70601414315469,67.19659694949229,67.94371504031358,62.4558847484987,69.83208151817946,72.79971001562903,68.02405915331768
0,-0.15,0.35896064328649385,65.12775001582355,68.73509993465375,64.95172058086668,70.39318038670375,72.13133040103295,63.09023132364535,64.27585723010651,67.11398541679762
0,-0.15,0.3552697651603692,62.22117049983208,67.918835751805,67.19104362865066,70.00391340674945,66.33750493867463,67.48268803516018,70.04325021392702,67.79369786256679
0,-0.15,0.35333525958437983,68.57198649158245,65.30561435197725,69.72325874848676,57.34819951654914,61.810544856838725,68.79172104187823,67.66649652541633,66.51834581092753
0,-0.15,0.3514902312221648,62.741357078252506,67.95654954434787,66.29384152339894,64.42326256335467,64.39739073218738,66.85505135259895,69.23691376853601,62.78878000035506
0,-0.15,0.3466872996858951,68.6541066967871,65.64650339988916,69.81278848471014,63.783676947056485,74.85972836392035,68.14613842037133,72.52122161535414,70.40164845726241
0,-0.15,0.3433546454708833,63.61273271775925,73.87064552731735,61.43950004070192,66.0063135152754,67.45484931656928,62.068768550195976,58.37876417405093,60.416262485432235
0,-0.15,0.3400294257217867,67.29429356598513,61.84787761359256,66.0806387527418,62.42954667021663,69.6132775947583,68.75419524840224,65.13631347826757,70.21798838476265
0,-0.15,0.33617808066229893,69.15457076019166,69.4088128340314,72.76466108700649,66.10532352688894,62.50877737487683,70.15573778786478,67.83149521947152,63.5066894154129
0,-0.15,0.33230949457761855,70.16092211464958,67.71335840176883,67.79133090417194,67.8131140091379,63.36441064753989,67.78446465572219,63.85777313248597,63.14294344815014
0,-0.15,0.3284278716337909,64.33853481109279,74.67892704178037,69.18572522788725,68.45516431628847,64.29670730583739,64.93238440988519,67.42621589838764,67.24252521827722
0,-0.15,0.3245382646742791,69.94150085125264,71.05253446347115,64.1463804380264,65.86309954349963,66.65059447540636,72.71223516447704,66.16165942448372,64.64545533686356
0,-0.15,0.32064611178252794,64.35046199872326,68.84990856454671,66.81606807563696,68.04720633628479,72.39637377990078,69.02905705760517,71.64195415966064,67.38366840840658
0,-0.15,0.3168351286987843,68.55767477026036,67.48507445132341,69.74933448021063,66.58134161733699,69.07390472024996,67.73727097780977,68.87959626733969,65.2908228038838
0,-0.15,0.3130278142523585,60.98449355060235,67.39526788236716,72.82943419694763,66.56179996152207,64.16568586042652,56.23807356256071,70.7223857589629,63.82712644318421
0,-0.15,0.30922437949843773,67.23851169109348,68.13822953158653,63.76274901218828,61.33003855448474,65.26295134175786,62.341481432408784,60.385029595619464,69.6572456933259
0,-0.15,0.30542466301925436,71.48710521325958,71.2036101760768,66.11619473058668,71.10944960159497,64.0697116500873,62.178899132746714,63.7572470443905,65.51191917776
0,-0.15,0.30162825201240373,66.84506501871203,67.24558404697642,69.07343932409339,64.03284114001461,70.25888318671491,70.90607382473084,67.18162912639107,64.38671850683932
0,-0.15,0.2978344778291159,67.85657363093152,66.32325552179381,63.28459336966928,63.28996159795551,63.71976703750106,61.906742261138085,66.32992738827207,59.24585223856266
0,-0.15,0.29404247849055565,65.25337620761546,64.69269239896491,64.77284001847809,66.05797511112648,65.382273661827,71.9864013228978,65.82750390226234,74.64733177081035
0,-0.15,0.29025127043768645,68.58888459647903,63.19099492190657,69.14560649286213,68.76121381553317,69.6434460230615,66.24869363807692,62.65395981312349,68.62640401350974
0,-0.15,0.286459826238522,69.45824979730648,72.35040216844001,65.3850920978442,68.36394343423203,69.38173164221328,68.1701772613364,68.34204007538588,69.0632615031162
0,-0.15,0.28266714979526125,72.87197360773766,67.58260108256745,60.98662631112432,65.99042260648353,66.82057359183618,65.46620319048621,69.96430919625675,67.73285431947568
0,-0.15,0.27887236084925815,74.4842948296132,64.10504169158261,69.48125006867384,66.913121699497,67.40461467175477,61.329143106319194,67.78842996467722,65.40734682777288
0,-0.15,0.2750747397199932,61.9986111199907,66.04410267823977,65.60116388161404,72.74729067436624,69.51091091292858,65.94803453577521,69.93691479741423,64.14171950096224
0,-0.15,0.2712687745475111,66.52479607829254,67.34276406005809,66.79911892133744,64.89405060180353,64.07537476779012,70.98710869667812,68.10188922953178,69.65607787233895
0,-0.15,0.2674595455393708,65.90812263861945,67.33965384318017,68.8699316276298,66.35429724929129,68.48078986885771,70.2481149947568,65.0692599437597,65.70351135054564
0,-0.15,0.2636473745820914,70.6482685204039,63.590857502270325,68.8624750968481,68.88664116917404,72.0071978386946,68.3306632980566,76.34694731601552,64.47638861938425
0,-0.15,0.2598328298792623,72.82419004505626,72.26859217557036,70.6509003230795,62.1625706370733,73.22720043547083,66.36988258681173,73.5865842224102,64.79484051511703
0,-0.15,0.2560166952984441,63.249610909352015,61.11024414209911,73.81648286748525,68.37109321243268,67.13863575717782,64.87131083663385,66.90477908991667,70.34414409900349
0,-0.15,0.25219992669624003,65.86101620109507,70.58822076555326,71.06848777820984,67.08554302001951,63.73987462782705,68.32635554235839,60.59911517242436,66.89483466182433
0,-0.15,0.2483835976689399,65.99565043683128,65.7547005550852,70.68121085393145,64.69211753237602,60.49950408125152,67.4716846311254,66.08038559620618,67.3813504153878
0,-0.15,0.24456883817240216,73.90347353927008,69.89458488983774,63.741343823653274,62.21424556786889,65.65645710890144,65.5881632901659,65.44491848413003,63.97466785584672
0,-0.15,0.2408464604472905,68.99457322926986,73.19515915859704,67.08961820322881,64.81303185814178,71.1737251715125,66.11084225234062,69.98164787129556,61.82014878534003
0,-0.15,0.23892942144981594,70.00034342924152,62.05961393909282,60.98752872741188,68.98988051526005,69.57601780305099,66.42269614779309,63.12054742498274,63.88573214370267
0,-0.15,0.237104139267882,60.67732885884598,68.09969718031526,68.4554937390587,60.235603212429844,69.69710063513459,67.18902390263138,68.84692239906204,72.58473115995142
0,-0.15,0.23229316466763447,66.80424161514716,68.808152338912,64.82763607512078,64.54431239002383,65.69594066362241,61.162034159481614,68.10126404260082,61.42465641848882
0,-0.15,0.22896640543835056,66.27601915401507,69.73330584212029,62.27163185538159,67.51947280935391,67.5272296401291,66.78212208471135,70.14509562120311,66.0690520005602
0,-0.15,0.22564900689645503,74.29085672186261,71.76635520208256,67.50368884219863,72.52047201022434,69.37962960054163,68.26463388795581,66.28430523337734,64.13896468404165
0,-0.15,0.22180421105288564,66.06017338933395,65.68836393910999,67.19217342367764,59.74902280558688,66.51826946509148,68.78043797327086,64.1220256539603,61.95590667852057
0,-0.15,0.21794364312685613,67.1475714330736,66.94125453835075,66.32567768708294,64.8359374944482,74.90959412626019,58.6607288009578,63.460195437871405,68.4172108524812
0,-0.15,0.21407120446703326,65.02890841220187,71.96945411243645,69.29352208598783,71.49404243842102,64.98318956424544,61.7269784274604,74.2940626739452,63.47948022130154
0,-0.15,0.21019152348849685,72.95082362305331,71.26181527408112,65.84988490694629,60.046272281296645,67.51552471477754,69.80548057342277,66.83310432464084,71.2302426915379
0,-0.15,0.20630971521698158,59.60676809541395,67.82514891065856,73.11170640272246,72.08151561348468,69.51077401891682,67.90335065012526,68.0088481478,76.4801722659458
0,-0.15,0.20250135465509142,61.26758851522545,63.54488496104616,66.30251214049792,67.29489477372044,69.68335307935406,67.87755098799411,70.79987866855066,68.65163370170846
0,-0.15,0.19869683931522528,66.62180367495901,68.00007157366589,74.49980231271684,66.21532761398166,66.84523336739838,73.14355933997858,62.13702591804293,69.00809178740818
0,-0.15,0.19489654133414133,67.34316393099962,62.63531423561355,71.38783957044454,70.09408873543758,67.0604919223897,71.62252692777292,64.17741179505595,68.22503051937932
0,-0.15,0.19110044946758895,66.78940128050517,64.28408339989885,66.20970737080503,74.90959325993104,78.57029679707637,64.78886040075906,63.95164509263039,75.08626846163159
0,-0.15,0.18730833229628746,65.10607133549408,67.30268454545084,60.46740688352618,67.71544114933484,69.3545634987691,64.4170347220663,67.83310237442717,69.3043614533476
0,-0.15,0.18351970755442748,65.24916511314251,69.53571920325169,68.20165510842264,72.60277102887613,64.38553503095717,65.34620255636408,68.69587437451582,66.37258844095366
0,-0.15,0.17973389729145786,67.11523967246951,73.66217782964092,66.44768780051626,65.66890852736648,63.916540234680625,71.23055128411373,69.5987754269962,67.28020313922504
0,-0.15,0.1759500930477203,70.61991296048323,62.21063011888645,60.942252403803465,64.47694576660125,67.59370702957966,72.00376828341457,66.30779245486423,65.79591786250518
0,-0.15,0.17216742835986742,67.88570313475225,62.06165088133781,64.03452492794558,63.18891937025011,61.50056784045598,72.06074722169284,65.44007170619932,61.62308577457527
0,-0.15,0.16838505192038253,63.565086064149945,71.76084945261395,69.94839649193112,64.454179311842,66.62850111998637,61.687232230668855,62.30752184294944,72.28425317827435
0,-0.15,0.16469416549961344,66.69632611823131,66.0293747162227,69.40209554644494,62.98454540147675,61.39605992452569,67.10758531331632,74.21951335874986,69.0964090896977
0,-0.15,0.16276119299194067,65.41139324059296,63.776231524361286,69.28291603601087,66.78389623487296,68.15317654864137,64.97156700562833,64.873668718525,70.10044929613004
0,-0.15,0.1609152982377388,66.52975546767864,63.93154217652547,66.95170389875801,69.13671385467633,67.5840668545461,62.98070649264889,73.33660025116725,67.145790863529
0,-0.15,0.15611705119632543,70.41281035980957,62.891734565802615,69.72811540981364,69.11958717090266,67.15174987709229,68.8239080998882,70.9286499873357,63.67175174893762
0,-0.15,0.15278656437125399,72.71036610537845,64.70085552666788,74.34748891946853,66.48963791718022,67.5113396579041,68.9309111736499,61.31626401548496,67.62652366231134
0,-0.15,0.1494620350993344,66.8427387029869,67.55149724620712,70.10452969496846,66.21796010051945,63.98753661790882,71.6445351402965,65.37283955226881,71.11571766513093
0,-0.15,0.14560882933645358,69.88610074335126,63.642633765282206,66.78862345404434,61.02859074783059,69.8125961894321,70.41797734496306,60.5753069774571,66.86127235370951
0,-0.15,0.14173785773475034,64.7099256228854,68.42510078184378,66.89831913842758,70.2566575216725,66.57040790221919,65.28062642873782,63.44679522310025,60.74554478250924
0,-0.15,0.137853938833703,73.27015763525002,62.1678600956466,64.25321543274617,67.08737073548409,65.51759605725313,72.57844989940637,61.46208277496871,70.78391604087581
0,-0.15,0.13396272188462252,66.93576444629261,65.00690126859911,70.46963490511911,63.22608483690982,66.41069943765854,65.75159462206223,63.99260384038075,70.45973143472558
0,-0.15,0.1300704284173208,64.59474787597883,65.60268580786384,69.18103830183752,63.10158551580917,64.88859598673912,67.3586520417145,74.19096900704722,64.29718320688188
0,-0.15,0.12627266221030742,63.938543204770156,66.61093765636205,67.24439667963065,65.68486105137896,67.05185592240369,66.24160939066756,71.80176572763729,66.73218105373265
0,-0.15,0.12248078302902259,70.17436453508148,68.93079260134338,70.59293485220964,71.38540296798442,65.65676629161513,70.83419159606818,74.21236443169092,70.4848960311054
0,-0.15,0.11869504190629858,67.35150451248666,69.50877269630278,66.28958402667648,63.12737273255438,68.14328165772021,69.98230755710617,65.80968485093987,62.60996936462518
0,-0.15,0.11859859293387476,68.71556553218683,74.47003400056104,62.81108483129669,71.76452904917157,64.77955561566301,64.82864241873767,73.28464949768174,69.1380421088716
0,-0.15,0.11836543549284236,63.49943352126944,58.90880637224484,71.43049364105471,65.46204032504363,67.41799364853021,73.01788229266198,68.24226859854798,63.27460052317562
0,-0.15,0.11274957396064096,69.38683939105034,65.73138980251098,72.8049832695771,64.38406508808848,66.21295460772184,66.97075887419216,68.46561943575809,66.27319749358601
0,-0.15,0.10701623727703605,61.51960268930723,66.10272380408864,70.15257188026881,67.25049397686725,66.40422134923155,64.83718585565549,61.05564329346518,64.75782855887331
0,-0.15,0.104153520307743,65.92249592568824,67.31208293395238,65.2756637853129,66.42457649001119,62.70012505349731,64.52790408556831,64.71220944172572,66.92542459205725
0,-0.15,0.0998772883877247,66.17817428681059,64.11943021336523,67.72025662816749,70.06098700906738,66.82664848234887,59.81643455012762,67.17555923051205,68.06556652485276
0,-0.15,0.09558013840657935,62.264949155519986,68.67016725694705,67.1987952486582,66.0416386950597,67.14067176444311,69.4800343468001,65.5838274862172,67.22290650265604
0,-0.15,0.09180741999487733,63.77346436847521,66.92392091198626,64.79948744936195,65.94581738449352,65.61355996490704,65.42429256556,66.35881508293947,64.1314483538202
0,-0.15,0.08804406602963033,81.53404415974519,67.5813260660889,69.3950587500738,63.76331192728715,68.33592167011284,67.22206230956188,64.16984820721959,64.41824439819462
0,-0.15,0.0842892286749984,105.41670573284372,66.70960406753949,69.97552261906671,71.98004390339435,66.6626964345138,69.69047277139768,71.75811348111341,69.95281456393279
0,-0.15,0.08054171849823981,112.21531914898209,67.59892859334579,67.71889411249724,69.2196705177232,65.09580340386391,65.30423844828839,63.83837627105992,79.31128550523137
0,-0.15,0.08046417815816324,108.32863126550232,68.33011186604054,70.23609219302186,67.55461996893303,63.8377322149125,75.32511601622082,65.1584374162885,86.84853270353214
0,-0.15,0.08024415819437854,109.30738827065638,68.58689546782554,66.19336563209917,63.112785180677676,66.37795500138468,61.242530075071926,66.07284075718509,95.60662758119082
0,-0.15,0.07462823406392405,133.66287694458862,71.78767801113038,67.87421815851695,65.7585981202268,64.53803981356015,64.80114124707464,66.40066326001417,115.48836006752238
0,-0.15,0.06889566706583572,157.22451127432538,94.88702512137634,70.12774089479424,67.15057493708784,64.02659310669175,70.53575778830758,66.4659684015476,132.92396370811403
0,-0.15,0.06604200160643597,198.63784002702306,108.10975470376435,66.88724733572967,64.48141253598861,69.90022060245404,69.18536969270204,64.00790539218694,155.37118529112965
0,-0.15,0.061775744533843456,232.50087728238915,124.96713008415695,65.30038747775649,66.22910913656324,65.09777649516971,74.82587857980471,66.11190292258647,199.43063233671734
0,-0.15,0.05749093227748383,330.4056834981326,149.30816748187658,65.87105382861003,64.66583730684063,63.37563486127143,66.351081556447,81.7439271515377,259.74549271072397
0,-0.15,0.057441872655326895,322.2091536361831,135.28693157748597,71.92285253271932,69.35795826730183,66.77789683650569,67.66824112771644,109.48390162407534,275.65027274353656
0,-0.15,0.05725584686888038,340.45595984041086,135.04970767528263,64.84187845917491,60.06796902205669,68.21324659394313,68.05341280686167,106.75123945511113,309.5491234651466
0,-0.15,0.051627256299757736,584.3120399643907,210.18619796903857,70.44873455657752,61.89877014508838,68.53108886606506,64.11303051347842,136.28684098177717,501.5303768389811
0,-0.15,0.04589018237198189,1722.8020128825067,323.57145366013447,68.75919532999299,65.85989046285437,59.97747797157029,69.07473970592244,206.15488499878774,1441.4912268870307
1,-0.1,0.22449039295192802,64.81505008331384,73.56748608997464,67.90408101211985,68.04159709332556,68.54223158623428,67.1369086526683,68.7327261893151,69.11784339791994
1,-0.1,0.2227925014400586,70.23107386931568,70.43527228379133,69.02101842584366,61.29728898780191,65.95714596192636,73.08131142141646,74.0604337323051,60.559680601489355
1,-0.1,0.22092093208086652,63.35419002122878,69.798983157386,66.20331292906276,64.73278012017289,65.5568915085403,68.66712315601912,67.82906053925753,65.68534023400352
1,-0.1,0.2219643650763971,68.87320304391052,61.68205751552601,63.72386403758551,70.96378787376953,65.16156183934693,63.279390440676664,70.19736334742579,68.2701636273471
1,-0.1,0.21767316673114126,66.13627620292623,70.21082246286771,66.52866599172984,69.50940975721694,69.25773879387576,67.88211183732176,64.70221713960088,68.6401357204972
1,-0.1,0.21335397235121203,66.0883911234001,63.521779055326256,65.31759264979787,63.04423063995532,63.87606087109779,65.84328507542318,67.3154666698808,66.87188991269002
1,-0.1,0.2095623079983443,74.45328265962246,61.998572014293195,65.3086038602395,73.81146963799529,65.01758507337426,65.06877977577487,69.64624935036782,70.63946662219782
1,-0.1,0.2057768420460868,66.99738691760977,68.26034876982263,68.35210517365232,66.54950851599567,66.39153303697076,64.74973897802987,66.33955472176343,64.40611796335381
1,-0.1,0.2019913539635306,70.75367020945798,68.02390821243556,64.91985189166519,67.78927015839106,67.70908412236231,68.80845860396224,63.47575840816592,71.90290802728666
1,-0.1,0.19820496189790665,67.88816819539042,66.42068704319543,68.01454462945482,70.90148582046437,68.80933976306818,65.16789976349143,70.83695986883258,67.18266460689614
1,-0.1,0.19441761105834846,66.85478274466098,72.91183415767375,69.36174518504981,68.50358849617216,66.56632957067457,70.0294095150026,65.5320582895335,65.71837992203676
1,-0.1,0.1906293860624641,65.96296616578792,68.69980066005449,72.61537702166369,67.88002375475062,65.66359775612456,67.6630029007079,69.73785326040435,67.6772305632599
1,-0.1,0.19054975945670607,63.12315416781499,63.42699864339632,72.61328185355407,69.1588601521558,65.71994093109994,63.80051181709887,72.88812715076284,64.15090680862663
1,-0.1,0.19032392238540624,64.5649471996903,66.18430740998946,70.0124368894253,72.44816510991657,65.80813361262032,69.98426094453501,73.29464230945818,68.16471723432582
1,-0.1,0.18470804165825247,70.28467909632232,65.22922220652782,70.6688450677464,70.1799484363189,64.68631487522372,68.47400217562092,70.21804052769531,61.50285862789802
1,-0.1,0.17896749527752787,69.72434969629474,62.23253466457559,65.69419088228788,62.27024448699909,64.91214066964606,63.60946196765908,67.44598576815648,67.40348965526023
1,-0.1,0.1761062994952031,69.06347870600017,68.61626087712851,65.05480864912752,68.47561726853016,65.60529284468976,71.17596003734128,67.40786743529675,68.94424472157279
1,-0.1,0.17183080344163645,71.2192230998467,68.31520450943454,72.207486360439,67.50880361449039,71.49281540478559,64.84816414626574,67.93182531735651,65.96422135035017
1,-0.1,0.1675306562143489,62.44230937020462,69.85283736968938,63.72234957611921,67.8565236392997,68.52005960622905,63.90811990557725,67.11005132848474,71.53820923805928
1,-0.1,0.16374866930176424,67.92292721426281,62.82189718957464,67.98294986035289,61.35301525633267,69.39236701055462,63.47932345287916,68.42637045268259,69.66208885076199
1,-0.1,0.1599733660202622,61.26114815137732,63.20819444988412,69.91794083766682,70.14842459596348,69.11853459445423,62.436980128776774,69.50812035246963,66.1026280257563
1,-0.1,0.15620416794771966,65.21711914238072,69.99917457773974,67.3102086106497,63.04698493516551,66.45187710358339,60.099396428285395,60.42537645813429,66.89875204152885
1,-0.1,0.15243999915544446,66.64698397396701,69.30080044229847,66.09298731487394,67.2102405270986,67.03161025557789,70.84540541739035,70.45094979599043,70.95509006231059
1,-0.1,0.14867935144598826,65.68988278945085,70.43350420369437,64.21933773585387,72.50758555001505,65.1330507456922,67.89610109518527,70.38816638244114,63.674680119716115
1,-0.1,0.14492036612183673,65.85851632514542,66.63052095859014,69.47805270958402,67.86606792216523,64.01680508039556,67.45223149039157,64.10645634639609,65.43125810826808
1,-0.1,0.14116100543257792,60.60168812270349,75.9990220888159,62.980971085655945,69.21091013485164,66.17045047012301,65.95317249462859,67.09186914311299,63.04033494799962
1,-0.1,0.1373603551454052,69.09591394009968,69.68970094125926,71.45823688766404,60.51314287584227,69.94329273838268,65.47572674014201,74.25597078657734,70.33483027137018
1,-0.1,0.13355777880452718,64.30411361048691,65.34792180443344,68.9382071948876,70.6548090004266,73.32782041538196,70.87382950134547,66.5792596042413,69.69767650083419
1,-0.1,0.12975388592172507,66.39821695417541,70.5173248222888,64.27879738892935,68.11025086375085,67.47119078869753,63.20177119214129,74.2623546295994,70.59879956487337
1,-0.1,0.1260429448450912,68.18989810706987,66.19078016553388,63.83016947104607,71.39091419602742,66.48758647299418,67.57630189921298,67.30259883397488,62.55375324664799
1,-0.1,0.12438362413368144,66.35063316133044,62.01494480466698,65.9999499627441,66.81524204501406,72.30160970556858,62.14506863870923,61.81483874300116,70.61299114939428
1,-0.1,0.12280763956561833,70.28468885051342,68.91121527760598,68.47164081880756,64.88151539515185,62.556838743745125,66.0893010212367,73.08075329936943,65.54460220183114
1,-0.1,0.11788396616683176,64.750919879087,66.21954230714437,64.5726883155095,66.30722748755389,64.18913720128297,65.86022350921483,66.56716252188913,63.98366709505021
1,-0.1,0.11462782890138432,56.04013993878939,60.28616640808438,68.48645796835247,68.84542451274301,72.5850702327351,65.7588116235546,67.20232550090655,68.98343024477518
1,-0.1,0.11136611003171203,65.92279483674892,68.01392528032528,64.56641170582348,65.20804192663596,60.26913213765639,66.60774814762173,66.29876894835951,69.86473606634391
1,-0.1,0.10747124844482753,66.81441352740174,67.1660068130048,66.47256013757017,70.60604390493864,67.266608811245,70.49167851205046,71.53618867996514,65.97195720367596
1,-0.1,0.10354774649934873,62.888644290863965,68.9133121044067,62.43664014527368,66.9759634538953,73.53305881933179,65.27664940295952,65.24689320808072,66.70949362864667
1,-0.1,0.09960452852812188,65.65242234563254,69.1577734183396,69.22336880917481,70.00564979113065,63.04324338436628,66.4465200744369,60.59430367642784,68.86197520385431
1,-0.1,0.09574590818774528,71.88873339506542,69.95192568477297,66.58534208875723,68.6158682402502,68.4490248721964,71.35472892087458,63.26580766522301,68.88404719000584
1,-0.1,0.09432286321217405,68.42830129232395,70.84382649777997,64.48718663687526,66.05629220088032,73.200998001422,73.4299051732841,73.13561501303165,76.05079732044852
1,-0.1,0.09297443543355247,70.7807719691668,62.13351569135825,72.8183925414157,66.65736141975448,63.86288606228752,67.85723649062592,64.0398929194582,86.28209081696446
1,-0.1,0.08794399749546077,70.006954306222,67.73048783629442,68.15776782378211,65.96393109929244,70.36882710292107,61.92860047808459,67.62549500479334,107.07369201829765
1,-0.1,0.08475082988592994,76.76179380447523,62.97311395544433,63.588308846491856,63.07754029908079,65.65474806916075,71.17500416556133,69.01249930940635,108.30830993607324
1,-0.1,0.08092980064333963,104.51193930196159,64.5676120776512,62.211992242351556,64.22947090942628,72.57438622678788,62.20783061996258,76.02888977798945,123.34735625379604
1,-0.1,0.07719246275418402,105.10660567546886,66.61876893506333,66.91015331267134,61.74260881744181,67.59461123465786,65.18314707373398,107.10746113237519,139.89646803338763
1,-0.1,0.07542911788717734,107.89826319786754,72.09552765314359,71.01837940404569,72.88452825625014,69.8874045787353,63.512438087583156,114.37620442938622,153.01273885602893
1,-0.1,0.07374249563196102,114.18668641549182,66.74883115153493,61.70091804096494,68.65342302564778,65.47135477858022,70.1471599769043,118.85774477237275,170.38988697773073
1,-0.1,0.06887313072890375,139.12763073390465,67.6873859493333,70.11259048752144,67.72291276965913,72.41331077559587,62.61545651092826,133.26594897848244,209.6322466954216
1,-0.1,0.06559749529311498,157.44181402817932,67.9588859575696,69.54158653313635,69.58583922334667,68.27880018015557,71.83593717888759,169.83918243382072,262.30202505995095
1,-0.1,0.06231704954659227,193.25250227539522,65.6160955226796,63.484075642559944,67.3099016510328,66.27642556635374,70.85553416775758,199.09613435778257,341.29703722118614
1,-0.1,0.05844021981445591,250.11763203054312,65.73705352181118,69.98781292773796,67.5283492694727,64.77859284172523,71.4535750814029,259.8325154792121,466.0655705841102
1,-0.1,0.0546430837310974,291.9128817512065,69.57447701784024,67.25164746898416,67.79704210985184,69.6379960987673,65.79015690470656,359.3975171502429,766.3494367095825
1,-0.1,0.052952281589516585,346.5300584347477,75.02316911994659,66.12150705191148,68.96134403421246,63.78937078999011,68.22014917862191,475.5656960682706,1255.6437702272788
2,-0.05,0.24681408294989876,65.39575338891088,66.96254699522822,67.16524360330915,66.45655556258596,67.9040023526273,68.71487364401295,62.82383148586348,69.4938391121135
2,-0.05,0.24509389566703013,66.92837963564871,67.45708579252991,69.25831319091009,67.88678278362973,73.36607371037174,72.38109961114742,66.57165801190396,69.00370644934085
2,-0.05,0.2431975720115414,69.62583369611168,68.22012077313038,71.58357778077571,65.36194058720913,72.0056467874909,70.31944006620107,68.24197901597668,68.22471989899489
2,-0.05,0.24115999881856728,64.76540431887368,62.868494396033455,67.1797929120178,70.0354509638137,70.09265322378978,64.99473678350759,68.0802184078966,70.0329729756219
2,-0.05,0.23646978259187107,71.64313643546973,68.40115140216993,68.88148811556567,67.14952179909689,63.8374058848112,71.0972580614174,69.08327188541129,67.74176493387876
2,-0.05,0.23172012823714286,63.89735710815693,72.06989136774924,61.974514407014475,70.3618888880049,69.61149616645542,70.26030301752698,63.94109026658686,65.78521118210985
2,-0.05,0.2284003305110559,68.819955317934,73.63007027004329,70.19478581529565,65.39475048927879,64.96655689537813,67.00803369242036,63.43470043715601,63.44073385758801
2,-0.05,0.2251470688053472,69.27089561393497,68.14495954024773,68.96671440549704,62.88484874282912,71.80747902120913,69.28285075707552,64.3598036205711,68.10062068269332
2,-0.05,0.22298483987309192,72.5808989231523,66.36488406326332,68.23657458012069,68.87972011500376,66.85502594833213,68.53166521067968,65.32031396474108,70.64590877090362
2,-0.05,0.22087117674332454,71.73922700474,67.78745832659483,61.96824089343329,66.1668790698703,64.53034231027209,65.92750069543166,70.56334798807704,73.25696073364101
2,-0.05,0.21620083403502405,69.56243835543839,68.07963188108867,65.01826622914749,67.4905150479991,70.51582263313128,70.22367500975676,65.41687537351756,71.53538929165595
2,-0.05,0.21281503099943672,75.03456851370132,64.22088924606516,66.73278552698552,70.50573811642664,63.955966480107165,63.84554103921842,67.56746001147975,69.5587761107554
2,-0.05,0.2089904935906053,65.23658723859369,65.62960870098715,73.85760781060219,70.72136006776373,69.00759905183273,69.16406847234525,69.70259198428734,64.88600364441147
2,-0.05,0.20515098362017903,67.61546013059147,59.23828267069266,65.03035488186164,68.8517520263062,67.90573946364785,68.8273655503859,71.51358320318515,72.71807484303295
2,-0.05,0.20130031018765823,63.938169349732924,60.54066819755227,66.87043151679354,62.547586049634376,65.16427023162075,68.24141733436278,73.71561541399113,64.56439113146912
2,-0.05,0.19744293491785878,64.51224494105757,68.9012828751432,69.67831947414282,64.02232193397552,67.68885655376731,63.993117537049315,61.153935581219514,67.10386955145665
2,-0.05,0.19362972473296974,70.94683928264152,67.35650246200834,64.16432466559574,66.19732184323367,69.54330912746488,66.91591776034014,66.08951319990308,67.07985206180943
2,-0.05,0.18981779859783413,71.05412734307866,65.81688734033838,69.69099583610078,64.62543340370979,65.28159304906035,68.85848470433011,68.08652098910841,66.78676554146914
2,-0.05,0.18600736690907244,63.83668719255496,63.84459327581219,67.88489977160064,65.77557524518127,67.2733381863662,66.52209364152122,64.5447174662608,68.07215772674692
2,-0.05,0.18219969700328562,65.2288279054189,64.22414177613217,67.05648989804651,71.83924784439156,69.69969758844886,67.72904493354481,64.3645980336443,63.55824864129515
2,-0.05,0.17839568930091,66.13193361376045,67.4866655272583,75.38188654429163,70.22768824271259,64.5494523920567,64.1619872346461,69.34248695582689,65.49597218602138
2,-0.05,0.17459586267762175,67.76497290912397,71.45974248925583,67.26602783750934,70.10905235360467,70.69257597706172,66.28712998491406,65.53774763783838,69.91730233791364
2,-0.05,0.17080037929757194,66.15484109283352,65.267157070866,71.19010948779133,70.22843857310419,58.641329122893744,57.44945273343225,67.17568455268325,60.77895180659387
2,-0.05,0.16700910065692778,64.00042608805008,70.27985511861449,71.26429381407179,71.1136593420377,67.95482616384459,62.756649640853,64.42369654124464,61.75805621312485
2,-0.05,0.16322163828245026,64.58962971726234,70.12106967909983,66.38770456159837,67.12554209035555,64.97580767460043,69.01682094662598,62.28981208772157,67.24090739247963
2,-0.05,0.15943741380562498,71.64730373434239,66.89246814833812,71.36054467830284,68.5791353025323,68.08720033007948,66.03856612081493,71.3643883614776,63.17757633581854
2,-0.05,0.1557465224010718,65.44213621550105,67.54939416993534,68.20716816618514,69.09705628159689,68.21349053680692,59.319592808798255,73.64325427709144,64.41045493274984
2,-0.05,0.15381563821343797,63.47896880529076,71.70765486961314,63.531025850902935,63.18005836086764,68.77475164898415,75.05149480229542,62.910172947372864,63.52186822539328
2,-0.05,0.15197476014411937,66.69507478379312,62.42766686197637,71.41007470531976,61.85321921658286,66.31858724015746,65.56583205403713,62.9140996699181,67.42963713860222
2,-0.05,0.14717411463816166,67.50285329615177,64.51249466973445,62.89077911328699,72.26622819785956,67.85764707578453,68.5822000231136,63.11275401125713,68.26089556357205
2,-0.05,0.14384434266261684,65.04126827741098,66.3781700035672,66.55694741677742,65.56559081806921,75.03646721235016,66.30779428601387,64.25738617732307,59.044133399135816
2,-0.05,0.14052319619793466,71.11410473049521,67.7100008368278,71.30134848191422,60.41098338485347,66.58649283159293,71.6013143442299,66.26393088300792,66.55539734685799
2,-0.05,0.13667825415563192,67.61150113020099,67.49814003235907,64.65402460377932,62.30614487384112,70.138640954558,63.09610148467591,69.49765268018339,71.2926258389927
2,-0.05,0.13281753131923926,67.73489687867031,61.554250494647675,57.25650440131183,64.26833480722098,66.18823720358475,67.69806388772302,69.2673060299802,77.2010955822139
2,-0.05,0.12894523712998715,70.09732887777616,72.94321067175196,66.66121029978164,69.46366602473314,65.55075599667494,69.9145348268758,69.06062170576728,62.86384230417576
2,-0.05,0.12506641677592997,76.0092527387978,65.04210257640344,66.24274426612097,68.42027629940308,69.29295922166752,72.62520816683545,71.07348839638573,63.67402052288998
2,-0.05,0.12118658924889239,65.02376588967644,68.43766501963022,64.02112708752566,71.22275438865513,65.21910063718838,66.84650976273416,70.07822219968504,68.5526666441608
2,-0.05,0.11738732349293099,61.98715222279434,62.5138079693239,71.21462302187464,72.22479399536239,59.059175970495986,65.1302437128119,70.51783280364465,68.16695563638133
2,-0.05,0.11359339366164496,72.12653814500196,65.44288722011251,66.15771461096328,69.19654703515104,63.95584264335556,67.47319696332663,73.1782888804439,65.86178668541345
2,-0.05,0.10980531794729692,69.02084747186254,68.19490532837102,71.74574599364706,63.082211666819724,68.78449697100855,67.44652508579215,66.2843768799901,72.95780140041474
2,-0.05,0.1097106833242963,65.0678952597663,66.76426936268412,68.63933476659189,66.49511325797562,62.033329738776594,68.51928586053866,70.43956839563994,61.40233001152658
2,-0.05,0.109477966908231,65.2051233350091,67.21631733388577,62.65842138541059,65.64222209775977,67.6348142034202,65.45430510742547,72.13184269737154,65.6804226424543
2,-0.05,0.10386337854436317,70.322197389189,65.2793202705628,63.73071200406202,67.32636384624422,77.10486947733705,73.78443952119082,96.30153990905141,97.92664209651673
2,-0.05,0.09813104682523906,65.31436005260454,63.68297724822528,71.17303256493885,63.57903954418991,62.324372613791354,66.9114807193304,111.31104776593382,109.11964847766093
2,-0.05,0.09527065004417427,70.18284092506094,59.591406991119236,64.41974387159077,67.91711566672319,65.61638510710952,62.53624663197571,128.00889999839836,115.6761431094077
2,-0.05,0.09099702082563102,66.52397677393142,69.58869395627859,68.65329537684387,70.57897501914077,64.46445118007107,63.810572131806325,136.3288389566616,135.7824932016249
2,-0.05,0.08670307319112831,71.316150194137,71.7844534797403,57.13444800623366,68.04597106160423,65.04402614496787,70.25547089275518,151.53285827946758,152.7507052038201
2,-0.05,0.08293374170327301,66.57226573811936,73.49102943248263,63.518147101079116,64.39106449953336,62.87384794017676,71.39020253474553,186.04028257895447,177.54387803134674
2,-0.05,0.0791741384745966,77.62985794492229,68.62077202639165,64.62547627092876,66.61019489670673,62.26134647094844,70.86300997681991,215.20160282616794,216.81218662819379
2,-0.05,0.0754235362499453,104.88224147580306,66.46364102546531,66.30710236371654,71.54988696834315,68.04615397585583,63.58021295226628,269.3691479293624,271.9225002843899
2,-0.05,0.07535812139279263,80.91325945254718,66.93141932709096,72.26762058152224,71.34578920755062,70.19636690437653,68.77746265172146,287.97934646889655,246.97606396397939
2,-0.05,0.07515144462155351,90.41815626798,69.49486048586692,72.43291818617038,64.39736919604601,69.38680379848407,65.42946324815452,316.48873451987265,275.8610549970562
2,-0.05,0.06953080155318932,116.65186462737898,67.82569279094295,69.03650260020481,62.384049427721635,67.347313688838,63.41727355545077,441.0616946311161,371.78088838161256
2,-0.05,0.06379485303066296,136.9913912022294,66.42751812456916,62.313182935944084,68.96596754419699,67.56127630954887,103.24741769352386,1052.6337239248394,701.7450393245826
3,0.0,0.26796727059789227,69.35106493963814,65.9288346282093,69.3495350480016,70.84572528034906,71.56592265076922,66.86392763324608,65.37620889038364,66.78923569647523
3,0.0,0.266214233061288,70.22821747993385,68.23793879449417,60.6440945000759,63.06784473578198,65.5449040143343,67.11042106352528,71.80906461029194,65.55725961536591
3,0.0,0.2620465041116698,67.4486114022856,65.59762247360855,68.81481099360651,66.87721450879535,68.25810911863664,70.35252089155098,71.08035920249321,70.01744989729198
3,0.0,0.25788933602735603,68.71784083148148,67.11742779386817,66.79710750269379,66.64428853848462,71.323655183653,62.22308385000601,66.67362458523861,64.58115487489871
3,0.0,0.25624885014123505,61.171934642159805,61.95466423703797,62.03348826073694,64.3818149271295,71.14440905242391,65.39612162928087,66.10711108795282,70.24007012783882
3,0.0,0.2546092373827659,68.93216565199904,72.75913263512561,62.76250686217595,69.38440887844966,64.8757031153218,68.77711843574495,68.0633426884608,64.58223471423823
3,0.0,0.24969962750464883,64.07096715927933,75.16501657919032,67.54625702595133,69.01206882070096,69.81034143270095,65.87588276082548,64.71356092173805,61.858199498046865
3,0.0,0.24473367395626183,66.46144646945062,68.76463381068994,65.7117874809347,66.72562265658476,69.51961697791646,66.75346550309298,66.00902134828124,60.508219430114714
3,0.0,0.24149721672245097,68.90096840279102,68.20043189980717,64.93705249679188,63.12959051070692,64.53191395388258,67.4036993725985,67.55503595471667,66.28616645393228
3,0.0,0.2376768713875571,63.758848111018764,65.54795358236417,60.84623884720566,67.632623780755,66.92713514415993,71.8204597509313,67.40039307385706,64.49770309339947
3,0.0,0.23384283389043595,75.7344040087599,68.83752285686003,66.74703561894033,62.685609423945344,65.83883268068622,64.09355204138244,71.73499462434273,67.8603922745065
3,0.0,0.22999844022345584,62.64222731913523,60.95642331374782,67.9144845662777,61.40375330437073,65.43362698983411,69.98557772717105,64.22360342888486,67.66554753088663
3,0.0,0.2261476081328703,70.44701816875214,64.05114789309683,67.82582985010954,64.48059564786196,72.35912691596937,68.96655886555108,63.89874220161172,61.88173302992541
3,0.0,0.2222945302039165,66.57953567663638,69.40657296463237,73.26828354482222,69.54350168737074,72.3165082203153,72.82616724226811,65.66995664085522,73.26928899800123
3,0.0,0.218489228658733,67.46607515142267,70.718553702188,64.32907384148588,65.58089030347682,64.2266106035897,71.83240394166316,67.41791072912466,63.54762433780029
3,0.0,0.21468687355468397,67.29863003782216,71.99800959224845,71.20871104272896,62.54353705597934,71.44067998267353,69.7785650639778,70.97227245369025,70.47623796014985
3,0.0,0.21088816290615803,64.39190998513877,63.13846209620492,69.91365664996724,63.77395882347855,72.05954803524148,70.53556955002146,67.61294723921296,66.1623142329238
3,0.0,0.2070933850021963,67.11286393222191,60.45848325446004,63.11681755319321,66.15111191428277,67.26128768641631,61.97120042349389,64.98751479980464,64.25923187378176
3,0.0,0.20330244076027,63.478018319874884,67.6811983106116,66.42985795867162,72.22491023211676,71.17214521870342,71.04642270691353,63.691247034015504,66.14051414858992
3,0.0,0.1995149034607523,72.1663074732002,69.39174241094223,67.06166065652495,67.29828221219711,64.97074559564587,63.972598516990374,64.66887768195195,64.31770547412026
3,0.0,0.19573008522446134,64.79011062709178,63.68078033210595,68.79787806323257,63.590433278457525,68.46523030303683,70.13121176670629,67.60483592863676,64.45743871319262
3,0.0,0.19194711554281987,68.3484583228814,70.33309626819552,66.20907340232628,67.4251032538489,67.77478836561376,66.89479334241375,69.77980217449966,62.6776645842408
3,0.0,0.18816503599295756,66.8966557162706,65.01119922899828,72.84845961061556,65.36905588867722,72.49990849336136,69.05076193162098,64.08377628594414,70.37141659329724
3,0.0,0.18438288586883705,68.56112442298104,66.32621234186561,71.96638298665029,66.1777376743764,66.54426995556636,65.9320894330751,66.43306856500602,74.96703860670424
3,0.0,0.1806911145472354,71.0155872755127,63.446315431179876,69.81692142452118,69.53018392125367,68.02840467479697,72.59412743003567,65.42989917573377,64.02773324193996
3,0.0,0.17875657549113846,63.33705743558168,65.47835634458735,65.81328605621897,62.87327122504379,67.73972837583521,69.75448232056674,72.43895108873329,73.90375735186615
3,0.0,0.17690888683750491,69.58697522284234,68.70996893594773,64.0564102581352,75.01994707520669,71.24499457744338,66.79317203939154,63.71575346692893,65.1624319923705
3,0.0,0.17211013771453884,63.876496461643214,64.6208679042091,69.39610643438097,68.16684543704079,59.62494653441078,65.5279750798555,63.595390210113734,71.29616259311804
3,0.0,0.16877839717776327,70.0740588069769,68.22224018600753,67.25603198600568,65.20985067147045,67.57241633996544,70.01782791310995,74.24947663005503,68.48533552911638
3,0.0,0.16545229905601952,68.83047389346879,64.96257272846093,65.71962388724492,66.20149944011759,68.25983166016412,65.33190347890284,67.31983108525145,62.86464072147889
3,0.0,0.16159735092773964,73.80903312250624,69.71632119026002,62.54943954370064,70.85464143664183,66.07091000422831,70.04554137405174,66.12443654679674,66.89689514093884
3,0.0,0.1577242232986145,67.74570049309963,60.60045199743664,67.78203825688516,71.45819796837593,72.0665006924158,66.93220734185266,72.49004801541531,69.24929828897663
3,0.0,0.15383768434058284,64.96585612622034,63.317099559433444,65.88448131961962,67.33023658232284,66.56108856126106,63.2803114252651,66.05962375689448,67.99013565364936
3,0.0,0.14994343506113278,72.52851004456346,68.43857634428159,68.32112680099482,71.35350418058525,63.95146282712656,67.21264306604554,63.58548938776819,64.81977912271674
3,0.0,0.14604769968456716,67.84392583506677,63.878507401790245,73.17424375016596,65.80791115370556,64.3139370924998,65.63137259296477,66.71168655131291,63.39091362578737
3,0.0,0.14224788958372406,63.7625406629631,64.63918103168571,68.4471528538431,69.54047834664904,65.179014788835,62.740322904367105,72.22408286769851,66.76889124702653
3,0.0,0.1384534041397425,68.52060955881016,65.89462101032683,71.9557069825651,64.87183973852828,70.57541328662884,67.53125302250173,67.89820482000009,63.72325508410869
3,0.0,0.1346644598860254,67.80823960005232,70.34317239802729,67.06327253521984,63.990115796838666,66.79441964876342,68.00403822569177,84.92379898464192,68.08519042079351
3,0.0,0.13088092447425795,66.29490482650284,68.43983992643822,67.03555919997486,65.59668398077213,65.5941107829492,73.89504966282311,99.0932442854057,62.913164645032396
3,0.0,0.12710236017014026,66.3198068300687,64.13857317669753,65.20051926744507,68.76791592580265,68.28708624772653,70.38350009680337,107.51865796733202,66.35501253283029
3,0.0,0.12341925198903841,62.040327430892496,66.88499644569642,64.18570569966809,69.05248175429378,66.38281024177269,67.40570843725592,111.92708536004446,68.99169187554354
3,0.0,0.12148069711146851,66.94536001144472,70.34392512325938,75.23957493950948,65.77351763817515,62.828058820861614,63.48123784555543,118.0465420962967,80.04239562664873
3,0.0,0.11963299506912715,69.88726239609316,68.29403467089487,68.42526194864867,61.221161357301,63.724878619660714,66.12200593850106,113.39687927752006,92.64159194646425
3,0.0,0.11483825088072225,65.10492746848378,66.32511986217793,67.92552267435063,77.5990889955164,69.6301998563355,66.14591645328143,131.30677945702087,103.33064039256159
3,0.0,0.1115081458860477,66.10586898387123,66.27665255331041,67.34022840277879,66.26687450867689,66.55922004775934,63.30891235928275,144.13372861687213,113.51000537382203
3,0.0,0.10818915432730103,65.92409900540385,70.50454069665065,67.32453458493391,73.26188086967656,69.02375246306892,62.57591004271099,164.1943568469157,122.79258409522856
3,0.0,0.10435395224804078,69.82730823741015,65.79740292585824,66.0611518896014,67.79839303890418,66.26998950379394,69.19492397012328,202.41964636389304,137.35344372297521
3,0.0,0.10050540410445219,69.99413590350225,66.4087878112241,68.73440151028059,67.61480049783368,71.51615777483553,67.27739748226304,214.331541745491,150.81155110343573
3,0.0,0.09664732043303066,69.25267282943406,65.14347628241784,73.5132598068982,71.58967041011917,65.05694961312489,97.70508210813558,264.9293929640078,177.28964226651195
3,0.0,0.09278431412415786,67.07796801641238,68.60363833387305,70.60060203930827,71.99111423117847,66.09787487644107,107.4790431926934,339.9940267085247,211.82828168092865
3,0.0,0.08892148114878343,64.52296030635078,64.96934701637038,72.01348377301618,69.26966159974984,72.87675806212151,115.19670418168349,392.461937724229,245.32580838714216
3,0.0,0.08884193413701551,62.07322438609754,68.52813736168339,72.19741438182625,67.02558628920313,66.87757455174908,126.03930317171695,406.3071413043526,233.5289378519823
3,0.0,0.08862101606409267,67.8586260073546,59.628841541853646,70.34068855985448,71.2503605748399,67.99525590496319,131.15770071462686,445.19135043999734,242.15009805317482
3,0.0,0.08300193069172332,67.3137961120213,70.20894881924968,66.58303331315315,65.62691918463207,66.31326983793173,154.10644479763792,831.2207243207694,330.8500202097507
3,0.0,0.07726376158482252,62.79523953342881,61.37171786331631,63.14787418782947,65.47889147198983,63.027106234488386,217.02528246045844,1661.3376915557487,465.2317169565514
4,0.03,0.26933985429628077,67.25076472756412,69.14414985106838,69.89476262903153,71.23639350687867,66.06354502573309,70.43503972092022,67.64427135859303,66.66728903174959
4,0.03,0.265538005670156,65.01326887505009,65.61590636277558,61.28929772035272,65.6855474645729,62.540531841728786,69.27749887409006,64.22852383772616,70.79385137014839
4,0.03,0.26171622329363325,65.38040023839685,71.60113644541914,67.89232349110365,68.6765258051155,66.47836728250924,66.43891635317271,67.33591240400592,63.02288054956819
4,0.03,0.2578893285087064,66.17705998364737,70.11546341866267,67.20611626694873,68.85881994942723,69.17334581646584,64.53728922703212,65.96896763718618,66.50199152571923
4,0.03,0.25405813118418713,60.014195151013794,69.47494554311963,73.41068307427214,69.25906760838492,72.3863386184937,64.7015016772624,66.36850846940959,66.73884873522049
4,0.03,0.2502237471269098,67.37234078879757,67.13317300882687,65.21317607263123,69.14160824648009,71.29921680954978,57.47874549231854,66.59876056538933,66.0438875411231
4,0.03,0.24638753381631223,66.18693826174223,69.7095369376031,64.18265149355311,66.56839934237802,67.2942872079845,66.06820661033456,64.7026382804091,71.39839643739897
4,0.03,0.24255101180277944,65.18909128079989,66.91657131096336,71.15983482856322,69.69966438188374,68.43309115532574,62.94165177352889,69.05283246551886,67.4621215502541
4,0.03,0.23871577647670217,70.98999269125869,66.23077423428632,63.82346620680777,69.49702626021212,72.17448633183292,64.97517554267988,66.19208154463023,62.7115357042595
4,0.03,0.23488340546648379,61.93574611227628,74.72037733680767,65.46877465542812,70.00461836364573,67.48132023747439,63.59489435516176,66.33639027745667,64.75696206076174
4,0.03,0.23105536721131908,61.62817235583312,69.26305495449941,62.455559849511374,69.79105065744406,75.38504900055814,70.98606217018218,67.86577853020675,65.75719353995053
4,0.03,0.22725002736479155,67.42896202997363,66.11335093491341,67.59660945271973,64.9732869911104,69.60285487513978,67.20928501297381,65.69291682788592,67.81415796535893
4,0.03,0.2234502719636828,67.2059857031072,68.96363003976164,68.41821144175488,57.87979900559274,71.92647327674399,68.17858362269662,63.70811053452544,70.71065940113972
4,0.03,0.21965582528544603,67.2282172773354,65.39959246932403,70.92357691715827,63.59435083237925,65.82052703909251,71.44951209213716,70.81210393836471,70.10022586911961
4,0.03,0.21586617068168312,65.72078316515055,67.27241958240263,64.90134790417531,65.69153859983729,68.39494275421974,70.57175777469675,73.21352760088266,66.35859772836609
4,0.03,0.21208058590018,60.89549933782821,62.397624546951135,65.75025052005091,70.2195077282699,66.85417696291532,67.84459013342673,63.931310694264695,69.69009791974453
4,0.03,0.20829819099119068,68.65596055458767,68.33501403666713,62.33595428812576,63.75942716639322,63.495248582678634,68.3336517440173,68.91260459409717,67.77110515079637
4,0.03,0.20451800596074918,66.19189298868014,64.5066790101535,64.58771157910478,65.55535981379961,67.92872044447418,67.65005778172085,69.39444696472471,63.831984530233136
4,0.03,0.20073901472779718,64.95587851227296,67.53856498541442,64.85255740070977,69.57225644667605,65.47645965055109,66.82036970912618,69.5926715126939,65.96237479456273
4,0.03,0.19705144661671123,66.81760121832204,71.92692960749332,65.17199262759515,66.15161378472814,68.88864520778213,66.8941231951775,64.55842945085548,72.97849988871207
4,0.03,0.1951162722816495,70.23790397289243,64.94190870240541,71.43852534425186,67.15185783945981,64.0925862105811,63.51459953165129,71.01837299410852,71.93353618884885
4,0.03,0.1932700737680647,69.79944290846692,67.59909482059038,66.13988315718815,67.90038993985196,74.57398440631069,72.08872799340578,65.59829454879389,67.19992700647278
4,0.03,0.18847028540377228,66.19434490922633,67.70143848014787,70.52417365476603,69.56834475606797,67.53370612492313,70.27503552021335,70.04637426638222,69.29748278556018
4,0.03,0.18513944930840812,69.56644810654713,64.32146773390171,65.82432089408125,65.82089963344612,69.03728301635105,68.24203282234517,61.71944349065817,67.27030106905463
4,0.03,0.1818154544071074,71.04236834491758,68.07834437336284,64.71237846277499,66.12291360576945,63.82580045747121,69.19031676078617,64.374901970595,68.05977964349884
4,0.03,0.1779643554240729,66.70500039489447,65.71830550190876,64.73726180401304,71.95389932227305,63.081412774640256,70.45819775118935,68.30795011087004,62.85674199964585
4,0.03,0.17409589983511226,66.04537141616268,67.81978123334233,67.14000467353524,64.38451502687953,67.28565851478845,63.4139267566553,63.7060940491252,59.559454440836404
4,0.03,0.17021455800056803,64.78326723475547,68.9432651428268,62.35471840457285,62.890738250387436,69.17918607802385,66.14588777056815,66.82972071483528,65.45839401945294
4,0.03,0.16632569585249374,70.16352830342773,70.42179262399698,66.23257160075579,67.71324776251464,63.389607727854674,70.61890288858515,71.85234147895402,70.15449154509344
4,0.03,0.16243519024273123,64.84017586782143,75.24760720626253,69.51696717082355,68.97361620114678,65.22232982668709,65.15271360935367,70.94392374194794,68.0633409492056
4,0.03,0.1586319492860474,64.46706946516817,63.466933888577564,68.00479320101083,66.70027222512287,64.24627403745065,67.23645144085519,87.56301941112216,69.12756868779073
4,0.03,0.1548335329236136,63.84898849449715,64.86973625631956,69.458616010633,64.78628924349866,68.26924779488452,66.21628056049764,96.44866129639377,66.10321272394725
4,0.03,0.15104022649578955,65.8440528919235,67.52690947409745,68.88641502322896,67.60942999720645,67.03676186568232,71.26219154885482,110.52558138800957,71.29291514812397
4,0.03,0.14725197780974486,71.39538704806183,68.4017279460492,66.95532074770139,61.641469077342435,69.0117950679851,64.29954664633462,111.63278449206445,71.0892455778984
4,0.03,0.14346843645904148,66.09902691941728,69.42651508506093,61.283282431022194,70.2584068656588,59.620705774105105,65.7943736163365,113.28811811941371,69.41415417409318
4,0.03,0.13968900503619047,67.28732118955946,67.42421081171463,65.06437216509553,65.6211770606323,63.776334305676315,67.74863070100179,124.10228141711981,83.62397704987615
4,0.03,0.13600415179844874,73.8171877563979,74.36492046710255,72.07930010824214,63.32106182284692,63.40837332877047,67.80748927655408,141.27301222652764,84.24632458880593
4,0.03,0.13406646662179675,69.22293702766716,62.71924919576413,66.62477096036214,70.1706476973677,66.42905648684207,68.4454732020294,144.2426652815346,84.00568036640402
4,0.03,0.1322189930680704,60.91726368406497,61.22766681792312,74.17741705136275,66.44832127660575,64.87977641016974,69.51154928830064,150.00346531681967,97.77593466639098
4,0.03,0.1274231570762072,70.88920585678359,66.15147156346379,65.83696479931804,66.8391163159323,64.6343643307805,91.25591470681627,173.18997471033438,104.0697337935623
4,0.03,0.1240918268039418,66.67563530779991,64.02232263645466,64.01879598091755,66.1050046498892,62.19919340555021,102.7537484293072,205.12531117383145,110.46477302261165
4,0.03,0.12077051144783887,71.2704467909781,69.73934354563205,70.2036210656752,63.94709171635987,65.96511257209495,112.5003250535947,225.12504648275487,118.58124917198252
4,0.03,0.11693078906012368,63.70010737314727,64.23443482172776,63.6464955667155,64.08434351053378,67.51649242465749,114.82432421703597,253.0895796934057,127.7185835378668
4,0.03,0.11307660598117036,59.7288003907935,68.02960711185133,69.8046980600094,67.00866102925944,66.90293653057722,126.2242584171205,317.6886437830488,147.31344420736625
4,0.03,0.10921195027469215,61.878172857256764,62.630669631314426,69.01258109166542,75.63042524046196,65.60624400201071,146.91199412208695,359.5209015516598,174.56141179449264
4,0.03,0.10534163946401229,63.451729146175126,65.82318500013102,62.24843244024944,66.37646972637387,64.26564891769567,162.4078277852138,435.2089490186272,205.28963713575985
4,0.03,0.1014709940360479,68.1688310392379,65.06276012616009,69.69301344955069,65.78399722180149,68.75557700155407,199.03788914430322,605.7850428887011,232.98202213916608
4,0.03,0.09767403305603138,66.95888261290183,74.03060106247997,67.25882175531474,68.08513620106038,66.28811710066591,228.2036212438719,1100.3826504466006,289.87893527431606
5,0.06,0.29477702868201205,69.009135085231,64.94059775786666,61.516844865797104,66.26040584655539,70.21845333429545,63.828963655144435,59.81605108052595,69.32323147865442
5,0.06,0.2891252833912448,68.73691439263881,71.90403067924248,71.46864692328367,69.86549142028966,61.676373957936384,69.15946708312093,68.62379575067757,65.08145667602373
5,0.06,0.28334899985930345,67.04381604469361,66.3647307492955,65.14283980635632,67.16404013263794,70.76533479448376,64.45988484661935,73.996522325167,68.14290956609649
5,0.06,0.28050681209144435,69.47574403468442,70.17497806658528,67.83381595983649,64.90633267167742,73.87261979379853,72.23793839943978,67.48459117987757,65.37366873839427
5,0.06,0.2762217921568661,61.47042851446661,70.36089768079488,66.67753299961052,69.8772981358842,69.2512555341779,65.62020635509352,63.525090581465264,63.149034839302026
5,0.06,0.2719144041351255,67.16722029792962,63.73213298490582,69.85688424621537,67.36530871831924,65.90811796081931,65.09262464895437,63.02079719173144,69.07917473969647
5,0.06,0.2681114783924135,67.83929027866937,71.64832602065209,68.27301749667714,72.25893068262934,72.72929450485059,59.74705989634507,70.44476330162384,70.72524628108138
5,0.06,0.26431613382319696,71.80596224745882,67.79830712793466,65.50275477865738,69.39934498774477,68.56040085269983,65.9043168231091,63.74828298047549,59.612813549882596
5,0.06,0.2605275288059192,63.58973076905156,67.18987309650157,66.84282882941824,64.12039549294444,68.24388951223922,63.88177350682567,67.44975913738516,61.08573967422953
5,0.06,0.25674447259570776,65.23961234646038,71.66175889271092,73.57981686409617,64.81156030305041,71.4541766447916,69.14066736729461,68.16281933412364,68.93692536163225
5,0.06,0.2529655005491959,71.2796827648095,77.72373874241887,65.33407239786403,69.2598991096137,64.1429513915996,70.6572421742221,66.54982092002025,62.62283691361019
5,0.06,0.24918896475423888,64.01827338579153,69.41704587321695,67.9226683667467,69.31019760834052,66.24824732856229,70.14387421765832,63.88419629538379,66.34463674571572
5,0.06,0.2454131356538012,76.4520794692991,67.1727334465919,68.49007216179817,67.86865720801977,59.86496305487354,60.38957698347733,69.56548051680367,67.23156990801569
5,0.06,0.24163630855648358,61.39611912302179,67.81325763354506,66.28217858093953,70.496729066114,69.41041013681188,63.716752574996846,68.81969808847388,68.80432417924223
5,0.06,0.23785690866623269,65.64424778171204,68.78681094306303,64.4745837226967,65.21870969680262,66.89023820982763,73.35813332752518,61.38898495252954,61.225404480878645
5,0.06,0.23405198149628614,68.69009867902146,64.74196085139539,65.14384189857365,70.17218394985969,61.804202420724536,71.56448811727803,68.26425227299669,69.01648851462087
5,0.06,0.23024340212420655,64.1490720593813,65.60194639757765,69.0331223623033,66.47677398150141,63.60088652257491,68.58617229025525,60.34510671620087,57.991302378468426
5,0.06,0.22643172106291598,71.0761455233342,65.3700717054325,68.63964209948811,68.4089173860934,68.44064732657806,67.90497783701501,62.786968628194444,66.39219396058537
5,0.06,0.22261775771714565,68.76175827176303,68.20592195008794,62.484048912092355,68.87285096887975,68.13027731042497,64.25672915562775,66.62818741138238,71.68315339820066
5,0.06,0.21880255590974232,64.04435210628398,71.86345724895453,63.33711569221254,67.53841625485897,71.68976341412964,69.05395863146235,66.98688614602352,65.19479155271087
5,0.06,0.2150784185295259,71.37526639705153,61.982141062233325,61.89061660150081,64.68530808858705,63.905244425982964,65.16925391341756,71.75960149479512,70.96797011392356
5,0.06,0.21316279843249858,69.82356648735554,69.31633590071576,61.310965440650165,64.74070430343939,68.17874957343571,65.96877051581254,67.36208691188403,67.27606230166361
5,0.06,0.2113367794819772,70.1862560840307,68.44163925888823,68.06705369789972,67.58367659864187,71.31031467776121,72.91640181809227,69.54576332352184,70.2937461854374
5,0.06,0.20652747758086193,67.19785582669002,61.03050696847763,67.87048248221362,65.62159986452461,72.85372242734418,64.11823505979267,62.0820776721094,68.53620699914386
5,0.06,0.20320102648191513,68.81963150652395,65.78327717465822,60.62460862391625,67.51625195550491,65.99441641139227,63.234899829394195,68.24017576340094,65.31480656815876
5,0.06,0.19988138038831188,65.66695025292874,72.46255145025951,67.09105883107212,70.79256073886503,68.258789548624,69.18708633549767,73.33220146522997,67.167863021706
5,0.06,0.19602951362273943,69.0479470658988,65.75659610980667,74.14533889677448,68.86062733307986,68.4610787980959,68.47354315097171,67.3198464663112,61.52974016570701
5,0.06,0.19215998815361868,70.94463303546299,65.81223815166491,64.3624414390962,67.61383536810375,69.80685437340054,69.33115973017985,64.96732590201759,72.06153461841255
5,0.06,0.1882773287054221,70.35710778254153,68.41901636672489,65.00110117940518,70.94788259811129,65.46510524937263,63.435380938880165,69.21875368410927,65.44687242680754
5,0.06,0.184386954108066,69.05686628066508,73.52613533300044,66.75878941112967,65.83934057224077,71.01529230445216,66.08617463254774,87.24502873449688,66.0895696322484
5,0.06,0.18049480176471136,66.4152931670072,65.25957695532882,65.70305176445177,69.67188894732402,67.2171117503399,67.9967739043292,90.9536685688417,66.3306559040231
5,0.06,0.1766911291711416,64.3725385033014,68.0014076416267,63.67716619779262,66.3360664741143,69.72618193803729,66.76062779330371,95.80168074368355,60.070398879497326
5,0.06,0.17289214238426434,68.82553413321443,66.8890289566062,66.9116001153203,62.89609079185665,70.78173731597855,67.85092169306004,109.15678600771393,66.44262375777474
5,0.06,0.1690980804119466,64.7034709811035,63.014202282613574,67.39098091751754,66.98266791302356,57.77802181714276,65.60843284188783,112.69494871540721,64.5619361015127
5,0.06,0.1653088388860066,64.39351141474698,61.886434293879205,70.76652657133998,70.47567203093526,59.68460753190638,68.65687687362426,119.24241630237708,66.79392498335433
5,0.06,0.1615240087068928,66.57104935081531,65.31499575374349,65.66732504704652,63.556848146317634,69.71984439951918,71.85657034514792,119.07345565485271,66.19572473890777
5,0.06,0.15774292802396017,73.32984271423982,65.7814639598456,69.60303806692767,59.56018308798997,68.09245433218202,80.4258231388695,131.3497282352936,66.03179190489112
5,0.06,0.15396475126724105,68.78809418484948,62.15743321942609,64.56960093973773,69.03394702871131,67.04468667790675,82.57616401589063,155.86595172995956,82.79687500865705
5,0.06,0.1502797429370128,65.21868234093257,65.80899662778018,65.62772073053475,66.85366138485949,68.99735726760674,111.32235918031583,152.57761279695532,78.55088865214327
5,0.06,0.14834190372723854,65.09547921525522,64.04254091715273,62.928139739682514,61.24178515475422,67.7669532784425,111.69607376554636,162.46984407121033,84.62662170213805
5,0.06,0.14649318580017476,65.07694283222354,69.87863825234922,70.51862724754496,70.19751170899644,70.76816731747643,118.30246591696792,180.42782470142436,93.45608772950054
5,0.06,0.14169671081573884,66.29346461052218,65.8984006502184,62.522019011637,67.08380139308376,62.02663919472759,119.9967029662642,206.29993343867037,106.4152064053456
5,0.06,0.13836470103026388,71.28181029443553,68.02961951291998,66.49936132129406,64.5696216479637,63.64898172090342,130.54947504459227,223.1548008817185,112.35010201583304
5,0.06,0.13504122538494878,69.33595534670735,67.10390397646607,64.38568521705628,66.50397328041362,70.22824267387821,140.4194073352192,259.07450832061386,124.76722656965605
5,0.06,0.1311962256689692,66.45147244212156,66.84669444988155,64.89308398365331,68.96005341270215,69.90769615448312,157.55920322660072,290.74342242055263,126.20625158888632
5,0.06,0.12733547799565842,62.95388846339369,70.8574802247322,67.14143741455315,70.54552054228932,66.50779499327679,183.79906098077785,345.009293922954,145.52537549371436
5,0.06,0.12346322693031762,66.83778876697147,72.06557382911318,63.56563764134444,67.44769163020088,70.43576988715131,199.0008701690109,388.22936904927934,162.99110502329896
5,0.06,0.119584572099074,67.15968855351372,66.43703412227723,65.58787230491643,70.70645078476852,67.51400207760607,235.37136944611453,547.7745559020647,184.06839466046875
5,0.06,0.11570513089835706,69.39366397839387,69.26536010339831,68.58931918110099,60.31328848099864,68.07793774175354,281.1062088476234,801.5337824028873,210.30404026457705
5,0.06,0.1119061450840618,62.85339150977758,63.50484787758407,63.48322184513159,69.555015085153,65.90831338542299,343.3613520080939,1298.894949718885,247.7138260842363
6,0.09,0.31047137105221895,63.445861601029804,61.45815357001477,69.48062912510143,66.48696275254147,66.54461226521371,66.03396856652921,67.14464395654124,66.70654111615572
6,0.09,0.30481471503255186,67.88979788348884,61.78756388996061,68.71453911264786,70.88905146516618,68.14976909747499,66.52274671166425,70.00088272990436,63.89197077191501
6,0.09,0.2990323004489004,66.07436312047021,66.53314142111013,65.88733458375633,68.98617491573911,70.7711560975687,64.7387829614611,70.19201289678125,71.95134744178604
6,0.09,0.296187038176819,65.15465398125541,70.75237907943536,60.9791611070755,67.19938287348947,67.37463759182339,64.25332624329228,62.872334381315646,69.02342761032568
6,0.09,0.29189714553993434,60.91215443259449,64.9242588485201,62.491495634896204,66.28476890953254,72.25154846321279,72.02011869178075,66.28174803970023,69.95098058801534
6,0.09,0.287583870577385,64.97815780624225,70.44824619811007,66.61129839090201,69.92381849920184,67.40334966530402,68.42450862178839,71.91398198264902,67.58735192885686
6,0.09,0.28377381747296665,71.46181601574148,68.66403924165381,66.2688443273251,66.31175085867523,66.16751100090812,69.36064019045922,65.22096953420822,62.46174544844572
6,0.09,0.2799705905881505,69.377430862014,65.31359512707239,61.303623493007514,68.46008737299391,66.77440561158862,68.0492144267499,64.62019481591177,66.71773754469775
6,0.09,0.2761735222016501,71.38701358606964,66.63557979541143,67.6788943830064,71.47656462261598,65.13415726301812,63.49071743259642,64.19698733733763,66.70089839570073
6,0.09,0.27238161862208254,66.29827837828962,67.54804176923008,71.132547620307,67.52864517463458,66.5003855204403,67.60461652132103,70.25526393692992,69.16515299536654
6,0.09,0.2685936227467886,64.71968016838824,66.09453519361855,60.738929986287026,65.87249324420601,73.19286711702938,66.66703918562406,69.34581559649594,68.45241068080846
6,0.09,0.26480809150762036,64.74351549228768,74.65222369003298,65.64032879362723,64.75824821850088,66.70716413488928,66.20055864492804,66.36674029374983,58.25622273147864
6,0.09,0.26102348445568274,62.80196426910388,64.94182652279429,67.87572383077988,67.65823234053569,63.41053485210373,68.2745708333556,67.80934186212205,63.061329930990084
6,0.09,0.25723825815851026,68.7093209862907,65.07132721595254,68.13969158554325,66.19499950040507,66.08263637678098,65.30577724292137,67.19020612896036,68.11225733872026
6,0.09,0.253450960759734,68.34899443048589,67.24963000487146,65.50169818612126,64.96730234464673,69.20643665197194,63.26343645747475,67.69750527989028,68.74371692840772
6,0.09,0.24964225539461574,63.96054589237575,68.48265828846877,70.35817644232964,72.58470055446601,65.79602212728726,66.81890984267274,68.64081759548715,70.2941167847856
6,0.09,0.24583028400888504,73.20178599241267,65.97718762546735,63.08874303755138,66.18541269324268,67.48686760486109,67.60094776197838,71.46360630969383,67.34583446746024
6,0.09,0.24201536886280123,66.79510629488738,68.4269579352076,62.33015931392616,68.20646759019617,65.38314828691807,73.4496114970795,63.58098539571692,68.52523826874061
6,0.09,0.2381980722766774,67.55103920466394,66.67869490096429,68.95374418677777,63.64303082022301,66.74976500818605,67.20806131566695,69.62755675449154,68.4859239228527
6,0.09,0.2343791662545847,63.10137521262675,64.94978162733484,67.23106356144247,67.96492004471769,70.96171169961706,69.40135581446508,72.22887086549672,72.43285359109524
6,0.09,0.23055958975508975,70.99887401953073,64.23864177303342,61.24408787535852,67.20739835822269,63.82426426323149,75.42333111293465,68.85142833673244,73.72520995848508
6,0.09,0.22674039621342754,62.764962584974384,63.654693367402054,67.28106269011886,66.33034063845946,66.50892163539478,66.50447047706582,68.08976450603154,67.8799484338153
6,0.09,0.22292269445546883,67.75414668676723,69.27320046383163,66.56713974601816,67.03940245320634,69.90374171924789,62.19989758573487,65.6713854897872,64.5594394120638
6,0.09,0.21910758654880383,64.8858345159163,65.91583942509999,68.31869396945399,66.23754616808557,66.97336037641244,69.15746192555724,67.17298897498218,64.18758065018416
6,0.09,0.2152961063326002,70.09954334162796,68.70505721868358,68.7714898576231,62.92255644355021,66.79402163987146,68.49565852594041,69.18717676867989,67.11356052228832
6,0.09,0.21157826253202444,62.22303411599957,65.56210097880646,68.09320842635898,73.59111743074092,64.85757238522297,65.79455581068295,77.03455005946317,69.79294221064247
6,0.09,0.20965789747114646,66.06219122656186,65.44006021197076,70.68135595497321,60.47817099602752,68.76709868244369,67.6693524403301,85.0602381350025,66.19734477613572
6,0.09,0.20783151124397975,71.21339577180326,70.82693411256405,67.57834799390126,67.17302210653733,69.72215412546781,66.90551251110708,90.30817285548248,72.26115085273727
6,0.09,0.2030210394474294,65.25331517249049,67.80184061581564,66.82204831702457,72.79384173556542,68.89622377648114,67.52025154246829,100.99611058062175,69.19659784260706
6,0.09,0.199693835243404,70.41463293750375,68.55075601408853,68.65186113219733,66.74439973025613,62.311372577175106,67.30463446920626,99.40313992494568,66.17263623175485
6,0.09,0.19637771716147898,70.02620944530616,65.19801469951764,62.14438544438357,68.37941011402258,63.379922109122596,63.79915531900376,108.84475062174668,68.75274444075033
6,0.09,0.19253851740946787,65.64600664851227,67.72287112598643,70.50517182579138,72.42719519124394,64.2556267598487,76.89576968140071,108.96125289389816,64.35987921862423
6,0.09,0.188684878026368,74.44082438240125,64.82097269387414,63.48596271491784,63.622435963242864,71.09322166699363,76.19953963560442,117.26770913440241,67.81475777284344
6,0.09,0.18482031809625823,68.98831267110842,71.52959826986263,66.33177007598661,65.61720293939982,66.94914023698664,92.63575226330425,135.13169676654928,69.1862929130426
6,0.09,0.18094913570400384,69.2096854201128,63.00671665669975,68.045862548873,67.26101665434811,69.5490470477575,102.67348041968623,140.25612344573696,64.4683980844193
6,0.09,0.17707605664749462,59.94656648358262,64.4025431383627,66.14770566007165,64.60248605669044,62.88770761161775,112.1660044452181,140.86500549535234,69.4725862584393
6,0.09,0.173267018623754,63.09742516627642,65.93121214957947,67.56139970356543,71.89286378590182,61.91560449415056,119.26121048327592,158.66694833064605,71.35989390588145
6,0.09,0.16946158563008729,60.83388612807017,71.95780081403255,62.22166384996967,68.39654912627995,71.20095711024736,129.32854793411596,175.53110040948613,77.42730316590922
6,0.09,0.16566031946641896,67.01680173090342,63.89389595098816,65.33533436368405,69.36438370209181,64.38148425016915,130.97955845952092,207.16624311889422,96.53713596533224
6,0.09,0.16186348168780582,71.09614533191956,70.43086935227505,68.27120732180889,66.39775570579934,68.88979800337422,135.03599636098792,223.39163974169693,110.6715772555805
6,0.09,0.15807105051348036,66.96378527780256,70.48513622505766,66.89891259397508,71.12856120460141,64.7478896485809,142.62662832351535,236.43160037688665,111.91251676445958
6,0.09,0.15428274843697895,66.38918473574138,70.40024131689846,67.86873960229977,61.89582234789205,65.97041003333308,172.16603196837673,294.6816052681429,111.49517659230783
6,0.09,0.1504980895806488,66.67518480714375,65.95506655661202,66.44152989777771,65.54856809293703,69.01279865551349,192.68311346761087,319.80858030745367,125.91574807344469
6,0.09,0.14671644199912304,68.10790659188969,68.59878173687459,70.05240705366252,70.03557146103265,72.72557032422077,212.82696030877207,360.6459868583567,134.59839081740756
6,0.09,0.14302897066112108,69.53103849645109,71.25168298920788,69.23220589070596,64.71730253767402,73.02751768589577,255.60150174467,381.798275580191,123.34775067891684
6,0.09,0.1410941110154302,68.93146416581853,65.95272540345168,66.9381657673742,64.53153052452811,63.786585379870075,284.09296006612254,433.40336263901514,143.91416152870056
6,0.09,0.13924874762006018,68.92836354676871,67.92045465434528,67.16991814946886,64.85640486057885,71.4654773542263,296.87724696159734,494.1297667835524,150.22007168541737
6,0.09,0.13445172133671326,70.28421277923438,62.5665933156877,68.17085653117091,71.02121881362967,67.35599355632111,348.02904934013657,750.358406761222,169.02207477798842
6,0.09,0.13112170843506665,68.76360892409471,66.43692184525601,65.51004666318113,62.64659771402287,67.8535028965553,399.7913608296431,1136.19488186042,181.79150052731183
7,0.12,0.331169159834335,71.29554071194993,69.15310893672124,66.77445389411456,65.94958524524581,61.221395249169035,69.20652899161732,67.64844450558756,62.40525851355365
7,0.12,0.32548873097754494,66.73446329818518,70.97377060065776,68.4729672883321,67.67239284054355,64.00100022335533,69.33186060745936,68.3853621770479,67.19268365946185
7,0.12,0.3196836238362998,67.05013028358445,71.29170663112147,66.87700806487186,68.6369708723583,60.463652861702634,70.57764635576132,67.76290165953564,69.68420244801709
7,0.12,0.3168401128467726,68.0514380231344,69.58941597354368,72.55033749449113,66.496133774622,62.82796102026521,66.4509769698405,62.379672991225526,67.95558907768513
7,0.12,0.31253969458357095,62.22132379656697,71.11283709263625,63.34117938555306,69.2631146095005,66.43680517359464,65.41476970826258,69.10942453411444,73.5562023925176
7,0.12,0.30821808076987334,65.11104468515641,71.57145676027748,65.44775670064658,64.17441025167275,68.73251629404946,71.11662407010493,66.49518112024184,73.06913659253
7,0.12,0.30440943636141204,64.90345765655076,67.5397171352314,68.41989086633355,65.1862432736479,67.54460525624516,71.18951396296292,70.64008218690293,67.57748763850984
7,0.12,0.3006094315220327,71.51950244062485,67.89734409930557,69.52576874200805,66.39407571647259,65.55481448245311,66.87872236762324,65.82284019649165,67.91116532812174
7,0.12,0.29681675977425487,66.12361778239863,65.98191449990345,68.36827196922344,72.05446222877765,62.850481212222306,69.65371316962944,65.37954237668681,71.19000951515082
7,0.12,0.2930297039407628,69.11796239979196,66.85482128263203,72.24493353429096,66.54648006728804,69.97774138180893,69.97135533275386,65.87147708693884,67.27999948404181
7,0.12,0.28924624147979855,63.84460000100891,69.71650564778739,69.6523292760008,71.50869487958832,70.77061001482755,70.08556227774683,69.09277901207068,64.57648796974803
7,0.12,0.28546416701131483,67.3201403691898,66.07075562237117,71.61086625566755,70.21805752394378,63.54996103197355,68.52628715195141,68.90243413341011,60.569614159510195
7,0.12,0.28168122561802117,62.34118470440346,70.18580845835558,67.26096424059799,64.93347108476304,70.49614023592939,60.417835315691065,67.45776360161338,62.52790104329154
7,0.12,0.2778952489093307,67.89649316522018,70.39057162267319,68.18580450261263,64.53304834647872,71.75224320641523,68.90381406259263,64.92084463346445,69.35044106863236
7,0.12,0.2740722025224072,65.64205218113844,65.22744775394197,69.83819539741853,63.91759085211655,65.01098769170439,68.19825516110313,72.37509787280574,68.10527302808694
7,0.12,0.2702444803620482,67.2745296276994,68.86177476026376,71.22388196435051,71.53276178897798,68.99009932241113,66.95203932617265,72.55497276485195,64.01599503689685
7,0.12,0.2664126963539472,68.97610982637028,66.93692892929087,71.06942893128983,68.32350437651809,70.94143869147665,71.28875278276053,66.8135368990838,61.2757855683188
7,0.12,0.2625777460472726,63.6146900708327,71.82199797338366,65.32300196476098,69.53880446297352,66.34290476417668,62.56902814156746,68.98186820447367,69.61863353990047
7,0.12,0.2587407550628205,73.46177709960953,66.9756457269977,73.18623297554109,65.20880110561667,64.238384408651,67.39523252539314,66.37653734674356,65.36998224520838
7,0.12,0.25490301382205094,65.61802491269282,63.052085770858966,71.26886288671191,63.488921056812174,63.53662495897363,63.33545681721654,72.14486726725227,71.76834654631301
7,0.12,0.25106590251115574,68.03337622632259,61.255971534709566,58.92870820803283,66.07654747813807,69.03961734188545,67.3472323545634,67.89216988638537,63.579697807900246
7,0.12,0.24723081074830605,69.22283048365128,68.21687121701684,64.99023362717953,70.89923001865257,67.72899488438246,72.67088029089851,68.11042925813966,70.07030135954646
7,0.12,0.24339905675701717,71.78104880130688,70.7619856134004,67.40674841182029,68.80661863411221,71.08349388599181,68.69748386674526,73.88898192372457,69.75324376046784
7,0.12,0.23957181089840535,66.19134192979381,74.00931282484265,70.62407797871228,67.94029914597554,65.06108197234899,62.204201692662195,90.46155411935085,71.7553422323623
7,0.12,0.23576204515919838,69.88657555710486,75.72518469610031,68.01157663410001,69.8457896040178,65.99887011403277,61.41092760405162,94.74628722538415,60.520840839848965
7,0.12,0.23195770424110254,65.28156442977313,73.52924203507347,68.55513744509015,74.05663661118273,60.604678329618366,63.72137586324173,99.5603295917092,68.28050193920436
7,0.12,0.2281584906330971,70.30393732223892,65.78821845564617,64.26605787730797,67.37383047932148,62.80598946748479,73.4717176595293,107.58113934154235,62.68265743490145
7,0.12,0.22436386359445482,68.01398763028449,62.12591868194626,68.32590047650467,58.492112752636345,71.17917609205982,81.46047764850158,112.51961650547346,62.20126440067062
7,0.12,0.22057307502745638,62.71484821626663,70.8832057226487,63.36049772154058,69.52477402302117,64.10679736176645,94.94350972947032,118.59105857820623,62.75821690382967
7,0.12,0.2167852179791611,69.07029180952831,68.53602066082411,69.91890991527954,70.62913352527731,67.46172318481473,102.15624561647101,119.26322585862249,65.74950548187019
7,0.12,0.2129992848734586,62.74878662257714,69.988962163989,71.48270344343233,67.38054487546056,67.80420615821623,110.15131645425652,131.7509608616478,74.23682743750335
7,0.12,0.2092142319883433,66.98791176853939,66.0904739614358,66.0440528411927,63.78740050824718,63.68357162711166,113.29822380239426,142.5682068687034,68.99385589849993
7,0.12,0.20542904633177067,74.23912976647097,65.32859785582369,64.49985351532224,67.47682668893947,64.30196706671161,115.22997799106915,153.8763918218741,68.31830684815013
7,0.12,0.20164281094187472,69.22259638473425,64.55558182559625,74.75442722070345,73.54836368828893,69.53319841307234,122.88282548799594,158.70564930104692,64.57278262645005
7,0.12,0.19785476474859134,66.79394348626862,68.54218802817803,66.98600441594682,63.60835963546455,67.05557874512515,137.05060415290708,185.95173169816928,63.70198106961135
7,0.12,0.19406435347412437,65.18016318741658,67.45309616759594,67.1145714709695,72.19875025854095,70.38466158235907,140.3652061209243,203.5027105411482,78.51908602471015
7,0.12,0.1903629845403864,59.552792518951115,70.87718750457387,71.92059294357959,68.62797149660226,67.17674269290337,156.48502980450155,206.45529252580727,68.94522071018066
7,0.12,0.18843510837422034,68.1753055719107,65.05965195365883,68.52682233930996,67.40968775474734,68.44095832152045,166.71433808247653,222.79277445420684,72.66147668468463
7,0.12,0.18659319131476523,66.50562259109358,69.35809214780484,64.8776394189551,62.43539243567831,64.61909775385749,166.93212252750988,234.6923744942722,83.7769246753729
7,0.12,0.18179123138159095,59.6619233137458,70.8803860796783,68.51160958983144,73.30675175709365,67.74496220803208,205.04713995215758,253.87660271817646,100.76379915296442
7,0.12,0.17846101025228722,66.90491206540167,69.88563719300984,66.40979045383368,64.33221864037813,74.09282586821543,211.13418105643987,293.53633975473724,108.46827384424797
7,0.12,0.17513478689718143,63.75599818321077,71.2378091980739,67.99018611688841,63.4366745675648,68.12852758794119,243.48752667641824,319.86774130560343,109.98292788074068
7,0.12,0.17127472983493294,65.60660372997705,74.60318562703354,63.49951811050702,66.14813881285998,62.60543171585432,258.4885473054949,344.34530790140377,114.73493930120576
7,0.12,0.16739519190444238,68.51364210734988,68.97670243452865,70.84856854589849,78.24145202800025,69.1746630186032,297.8288999430984,395.99159038028364,123.59334207689865
7,0.12,0.16350136175650898,69.50709954354272,65.9862258760756,66.92677900332063,71.31595706353932,72.31274702109329,336.5975062000205,488.5323112072738,139.7255319286116
7,0.12,0.15959940391691294,71.23343504479101,65.65291544783614,66.57752545105296,66.22769259329785,68.06763961038462,366.80932061610355,586.3065276858548,140.8441090070323
7,0.12,0.15569603583932473,62.19595412850347,62.59167840934851,64.78287661755479,69.50342286163068,71.76914549399537,465.93326484705585,1012.4678492846361,148.7666931835818
8,0.15,0.3560161276317928,68.2517245802698,67.00185992468634,61.849260781310576,67.07624361635719,62.08645055635213,66.27566260657498,67.23218323293403,57.55878400453989
8,0.15,0.3503514541871757,61.561350444202276,66.51527199935583,68.33439019132815,66.14760637634816,66.53289257368846,69.49783935014001,60.7893993706424,70.33842526701274
8,0.15,0.344561239163298,65.80850145334935,62.16260012915182,65.97065522302131,64.04181824247779,61.58446810758584,73.10301254330709,60.15128136349782,71.16423995518598
8,0.15,0.34171196148250216,65.3128355397896,64.59815462136288,70.84387346329468,70.8699771163966,62.63836684803351,63.48966066750164,66.71142207050711,69.26722082169796
8,0.15,0.337415835942014,60.97477581351539,68.3403589081344,68.3782799493179,65.20395245294333,65.15763598812308,66.26051233096939,68.38189926735078,66.9700454460472
8,0.15,0.33309682233610954,68.08456671665694,69.61985487612522,69.06157628119713,69.35282584177139,65.44386065626226,72.6903970865527,61.24274562580737,65.46350824827873
8,0.15,0.32928325017155413,71.48667956314917,67.91855281194663,64.58815484901268,64.33170534691978,64.27272386205193,72.40923957518612,72.44758728224376,70.9164272786082
8,0.15,0.3254768788069974,69.41417757711459,64.11488622042066,67.84608390782765,62.81367546321467,62.945682745166366,63.699280169053274,66.31092250691844,68.80454900149864
8,0.15,0.3216768425139013,62.83316209553769,68.703365376355,70.92368022793013,61.677954581069784,68.34850637671715,67.992424743112,73.50023702724425,69.5741871198326
8,0.15,0.3178819235772423,66.84638886699885,69.22471988899953,64.2457405386314,69.40181990317654,65.05182434462041,69.92320698682818,64.88456087629366,68.74895405847326
8,0.15,0.3140906273637565,62.471176750319806,69.37126540424543,70.00726292219288,66.55089169122239,63.860316384003475,71.10054956143492,65.42827791392004,64.33568158894435
8,0.15,0.31030127305083427,64.75472749980734,68.6606447533004,66.05280564224566,67.7357174380606,65.06656190192832,66.25935757173585,66.91574822871938,68.95406617700806
8,0.15,0.30651209541302576,67.59123306610167,67.85718907051434,64.76147690142517,67.98058058566033,66.62169043256057,65.85244956239904,64.87967782295839,67.88022894615791
8,0.15,0.3027213515444979,67.40136217287575,62.16395479214261,65.64714209079072,64.34634296118855,70.30233415714633,68.31547016835023,61.967389766887514,67.9199706430181
8,0.15,0.29892742613246864,73.17393525764561,64.47112170115476,66.35038591586418,62.660535843188065,68.63336257266339,71.53423845680969,64.3411135667481,68.89333979967579
8,0.15,0.29510719001906893,71.47053815563314,66.61135533442112,64.55747933262249,64.67119531901535,70.18393985331424,68.89768358840438,69.8055725166337,66.68887786842942
8,0.15,0.29128260639633413,69.64493965249135,68.266487151451,64.11348918993603,67.89356251648046,69.51597381204517,71.6314483845026,64.74572739181305,68.12781041645036
8,0.15,0.28745418766557,65.93973415607611,67.22056470899281,68.92676082950467,60.89789673230892,70.2070203984249,67.98519758775136,66.60013459671633,67.70969290133934
8,0.15,0.28362271369960396,64.36808924028149,65.91739850850126,66.94817829320719,66.17486768361121,63.61596482781394,62.34103742535591,70.29451181921203,69.90885169458501
8,0.15,0.27978918697821625,65.11564688123299,63.83421658797265,68.09321557937095,70.25904957826627,71.31917079508855,74.44346445212159,70.7295605147579,68.98861215192575
8,0.15,0.27595477447488476,68.35084555196367,67.99827747279028,72.41195962504973,62.77406287997463,66.55726290490685,71.44694755162179,77.13281659370558,70.66837622023279
8,0.15,0.2721207397901598,74.37862879453661,68.74123847699327,67.85267799908182,61.142459172572075,68.87434462347372,59.048899204093914,85.47536103775991,67.25342922488643
8,0.15,0.26828836957063057,65.88962701964522,72.09677916067965,67.95733390468754,66.84940960122914,67.73892245392285,65.29200662940136,93.11113294227894,66.05977750061899
8,0.15,0.2644588986083514,64.93040111124243,73.5907152830076,69.79099363752734,64.23268573238131,67.65068962738832,83.68973749298047,102.3438732162878,72.04280229044657
8,0.15,0.26063343811141904,72.37639881676014,71.42683655985066,70.2629725930612,66.46717782394983,70.34118019296392,85.59903240806214,108.19685202153332,62.99727431551116
8,0.15,0.2568129114624074,71.09204624820705,68.71569225709034,61.58969177473296,73.9887141555308,69.17641236531692,93.70574623251495,105.84317239918825,64.93554292344871
8,0.15,0.2530058929571836,62.4399869963032,73.59201227997286,67.59690300715431,67.1758482426348,66.35203720926,101.5138714375907,118.62514820218439,63.190810309138136
8,0.15,0.24920441937770724,68.59180201692604,67.74303535150916,70.34978896025541,69.57468412983796,67.71933147367851,108.55833360105159,125.46372526688819,64.43314120503146
8,0.15,0.2454081508983497,69.05108579136406,67.13124110888724,64.42345493468721,63.8460176730832,61.43109846679498,109.22729378622516,119.6177504104589,76.8895835616596
8,0.15,0.24161649932163307,71.10721152746429,66.2737790411752,65.40547491201883,60.356250878932684,63.71617376110096,106.8934145322309,128.6549296751764,61.59211423451706
8,0.15,0.2378286665119431,68.40620271034814,68.30590372569786,67.41295870764988,65.69580135227437,62.89806664664566,117.28445741694051,140.57995510614842,68.42487952163006
8,0.15,0.23404369557730906,65.20717714748632,61.68388108336969,65.22470167663,68.02739045822248,68.38520598720022,122.23967145908145,144.745662789826,60.568928849680965
8,0.15,0.2302605317260303,67.65739887811596,68.91740886049911,68.64176160428664,68.87920603012611,67.12168571917789,126.13873506969887,152.55007430746568,65.24153362585592
8,0.15,0.22647808914966272,67.50218961297399,65.06041487327906,70.55235979266295,63.59007855254974,69.68142122033392,138.98915180397537,169.6775591920159,72.69341436289525
8,0.15,0.2226953199358858,68.20977871905143,63.40264506764239,62.99919046352014,67.63147516108911,66.65786479970583,154.01809849408275,203.12603935077777,66.55948763649442
8,0.15,0.21891128090961023,70.61274453376275,62.18221319961837,65.09457232991086,69.53812543487074,66.80520924666064,160.22733071138774,211.62728467474173,68.91323641954205
8,0.15,0.21512519444153144,65.75285436827257,66.9804754125312,66.2059992266334,68.38888518833453,67.30325700775873,170.8794355068073,230.03092287828485,78.6631334384187
8,0.15,0.21142827541745124,66.77250024095305,69.2791250510701,66.80470467449354,63.4649427591417,65.45398035629817,210.7295014659411,228.65796537922034,66.47549078097319
8,0.15,0.2094983277912199,73.02348247383132,70.11438943998824,65.49467208790686,66.74965345766047,71.02704971295728,215.85704175965827,234.04931176134104,68.32559624027766
8,0.15,0.20765437324053626,70.17131605933788,70.43202344213769,75.12400578802905,73.46286874204893,66.73398527201381,225.5719930233646,259.36585347459305,81.04965282832626
8,0.15,0.20285325971170065,63.06618806336662,66.92295305395395,64.59535422341978,71.4910676654124,68.31862702209115,254.37130696660623,304.32167152651334,97.37199974972377
8,0.15,0.19952236850410118,66.18144199639626,67.83549037290163,65.63104697308304,68.15984910322356,65.34758319627068,269.83156411067387,326.6023031249285,107.5111459376814
8,0.15,0.1961955511512767,65.29533580384029,66.7327300616015,65.85041074103081,67.99975294722273,63.49446183004428,312.99082829288034,354.4418052628683,107.9410187819354
8,0.15,0.19233569156924035,74.08878771821355,60.544181195030845,71.45654272237647,66.15996764900083,66.81926697635153,335.6456858594076,383.7525626037359,114.65913672598802
8,0.15,0.18845636175953917,64.64013426141318,66.60815474057158,69.67025378185153,61.751273602824874,61.78281768353451,370.6415714152,467.1049889840946,124.06865221338714
8,0.15,0.1845626755224655,65.63949467536393,65.27589493206422,66.47026356926352,66.14267529419267,68.30685957781853,415.0651915990645,582.3399243388207,126.6625873520161
8,0.15,0.18066072761170432,69.74103502562981,67.85446834896217,69.42822024030819,69.18003017297598,66.29033360979108,497.43906082083845,804.455805422461,145.77091912465156
8,0.15,0.1767571366690169,68.29008467104804,69.57318593363713,66.08269111948464,63.057482596401464,71.96241230320865,613.6555489258642,1224.7597575547638,155.4906301924628
