attempt,offset,distance_m,ps0,ps1,ps2,ps3,ps4,ps5,ps6,ps7
0,-0.08,1.6614271726517007,63.661986392768526,69.72902373751984,63.764686564764126,68.31835944115898,61.33395877391072,66.76852741590989,71.48557095442982,69.98390175304829
0,-0.08,1.661326294992002,67.79212422639874,68.71471178911493,71.72911516248047,70.27284207699638,65.12323371561816,70.23625733432512,69.9682797330093,67.0684301241127
0,-0.08,1.6556096104243914,69.65102445933502,66.59716278911816,62.72145560694713,66.81719804950698,67.91515692747836,69.74630043932844,65.80231044871363,65.04791981242943
0,-0.08,1.649765355427578,62.822918280007435,67.04181261225409,64.97159379863234,67.4289619275618,64.47864997406009,63.38677652571192,68.08024756492544,70.8050159716955
0,-0.08,1.6469355470938045,72.76020843703861,68.85290062479334,63.73115423201243,66.48059923421282,66.5327113795977,64.20646442918029,74.82776379635463,64.9405119371097
0,-0.08,1.6426016862111152,66.83767316804558,60.77796243616181,57.39907490458216,68.63013710310624,58.89512668185592,69.27001688675018,71.09819316326478,59.88680879021298
0,-0.08,1.6382458071770034,67.05578931199047,72.75844863056022,71.89432167303846,65.89048608150355,61.55329742905028,67.64144326000265,67.55304238632345,64.9923054327153
0,-0.08,1.6344277630726505,71.16212433205023,66.8273302930709,67.12673896939106,66.32599338023135,65.57367933306284,54.66788724248961,64.85075973104982,72.53495022642717
0,-0.08,1.6306187974851887,70.14256897284444,69.06712798467719,61.35353119302679,69.8331272980764,65.33383297651572,64.64161959475977,71.60147956838499,68.78820378143172
0,-0.08,1.62681733456045,63.284387955928416,63.42266960946911,74.12034531958615,68.4568694730388,66.61464121437402,70.78224464206129,68.14640803173114,63.746205481911275
0,-0.08,1.623021350571805,68.09786643640629,69.4194044118152,69.67955265263906,65.876334691924,73.48717565907434,65.62216648323336,66.45167333172259,66.56417159222529
0,-0.08,1.6192284959873648,68.15500764082111,66.60973873555463,60.3387528670366,64.81628776062458,67.73475469462775,66.99590158750681,67.1129761903214,73.45421843247843
0,-0.08,1.6154362363528194,66.61884897556057,68.6791909262602,62.182255119418606,61.45962502793987,67.8788553899973,72.35805931929366,67.5776076592859,68.48916154555997
0,-0.08,1.6116420039501027,69.8089163927495,65.16600472560347,66.02356361090541,71.23676795223558,65.37089541997756,70.9666572520742,70.7336362441394,69.76329198996213
0,-0.08,1.6078060821782283,67.51036077066911,67.67297929552656,69.29532875800695,62.06946648486711,66.30708791724884,68.28440776068838,71.3196517196158,65.36160816712817
0,-0.08,1.6039657876044804,72.05570758177198,73.65669671443409,67.12451686069434,63.063389288891486,63.23479131612567,62.727858419068184,67.62864513043988,63.58387453688988
0,-0.08,1.6001214233019876,61.20973534693474,66.10801796624938,69.33403643362249,67.37587211248999,65.98725132236257,69.81161686957132,70.83771848343014,67.34719874909506
0,-0.08,1.5962735363637641,62.09980496563806,67.02902438839966,63.97857443854257,62.7770968956903,67.2133859354629,69.30811227741329,67.90401761869366,67.00608341256661
0,-0.08,1.5924228853864584,67.68560293462238,68.84568910579472,67.93551449444392,68.93266534337046,60.30423657014282,66.03006092252974,66.10870635596162,64.65618201947163
0,-0.08,1.588570395322981,63.67526268489749,66.65255882211127,65.77056237111917,69.24433567175825,65.75628917288054,69.95946624903753,66.85984260952141,70.41759489663002
0,-0.08,1.5847171023857316,67.98643925551187,72.49250264138178,62.879301611515196,62.22424815227174,69.92697390725652,57.99336251098871,64.40344410122741,65.15718145869552
0,-0.08,1.580864092267313,67.5216815757565,63.6217357561494,68.00210673660054,67.16666388645595,66.7193409479038,66.48074128735796,65.89950953293825,68.8061899604429
0,-0.08,1.577012435353336,63.59491020911424,70.76433702472498,62.48480808713583,67.76150680946114,65.90611952637524,70.07303290827403,66.8569798510185,71.37169846118785
0,-0.08,1.5731631227934708,70.30293326684695,68.10968392290023,72.24533433367228,68.83517578254886,67.59186521978165,63.78834611737699,63.18959349112682,59.7798550276289
0,-0.08,1.5693170072581346,61.13992342024029,71.62685227003976,66.4682076704985,73.18001375996928,66.32879368162986,64.54200724186639,71.64057179342885,67.00692401750649
0,-0.08,1.5654747519384653,61.60455394270448,66.83039183891319,70.11542486395969,64.93063205367022,64.93473809872776,69.84891334879892,67.2797762737595,71.0005288591915
0,-0.08,1.5616400629099187,71.00232970353942,66.97532554235619,69.04923747046836,66.13298915438094,65.1814748731116,68.78600714611939,64.51813511627343,64.19443077571722
0,-0.08,1.5578096515188284,66.0489140725588,69.5200391717406,64.08473507772814,67.37941858184395,66.58705531443566,64.00172385323336,68.43477205938383,61.02928552364988
0,-0.08,1.5539832469778625,68.19446888992493,62.73852068767644,64.70579087942907,64.82585171743116,66.5962860543612,69.33000903218414,72.36520865691129,77.66088018593223
0,-0.08,1.5501603405879394,67.38995048102235,69.1459437570925,68.03143010633288,73.28201161373205,66.29680865927644,75.05963398062659,72.14225835230866,71.82952717308947
0,-0.08,1.5463402162197388,70.05887111468668,68.45938644181113,68.10623313004513,69.47435152469842,64.81653064506779,65.84942502023796,67.63386395514527,67.68694847738888
0,-0.08,1.5425219931907257,68.26566612316678,63.977090639753634,64.97994650145726,69.80364990706575,68.53292398688916,60.44383629667953,65.40960487042054,71.61977178193285
0,-0.08,1.5387046789581622,61.08304121625122,64.81566347712115,68.83450051222306,67.6713748985976,70.51400804883738,70.53305660734921,71.2331535049418,62.70426522033861
0,-0.08,1.5348872284595985,67.84275555263676,64.9620656935114,66.53523061676134,65.63433757572432,66.25912301548948,65.14656801546887,67.48781510112907,70.89638077656744
0,-0.08,1.5310686065424295,66.70523222625043,69.57860819154764,68.45714000787711,69.18179880543511,72.07228297753755,63.886536037850966,70.21240850830432,68.10650436049521
0,-0.08,1.5272478497503685,63.93030761970016,67.5460744203481,65.58889202253395,70.75142888342315,65.11530560947352,57.556797390693255,71.66891987614186,72.79515824438434
0,-0.08,1.523424123785021,68.88363469423108,67.96822811360045,59.91759350751059,70.44373551592953,67.7424801385245,61.935876407789614,71.86714751410004,62.97697019426108
0,-0.08,1.5195967732293294,64.86489478572544,64.37886847464853,73.33785553714537,66.57741822584765,71.62880599330025,62.83843825505532,69.73095253623872,68.41774510566636
0,-0.08,1.515765360587977,69.4342126191179,64.21991962298705,62.05856642316769,65.25175123494662,67.80903489616884,75.58882724563257,68.68228232622985,67.71404436049659
0,-0.08,1.5119296923382985,67.1313692535349,69.08951836223979,64.69805490636142,62.681070036660934,69.4682444737883,62.994764953048524,75.48248510626301,67.76805542177144
0,-0.08,1.5080898304555643,60.621618139376125,66.94680100554386,59.569401773136995,69.19499455455633,62.02708167082245,76.03938583535982,69.9486325112908,61.11794510113439
0,-0.08,1.5042460887339015,64.77210952035684,65.53997936878604,69.66056359446348,72.6940375791872,66.17111906584984,64.48290572699078,69.99155848327658,66.51169494972697
0,-0.08,1.5003990141197692,70.29119634312704,68.80899272795173,69.93316219838199,67.34808437071285,67.28677266615678,69.73584003581107,67.05759606860664,68.57975809255444
0,-0.08,1.4965493541583414,65.15052413343444,66.65324597400127,66.78943259857357,67.94418204503765,62.09191768294429,69.94049752351164,70.270211442569,70.8206671296129
0,-0.08,1.4926980124743632,68.34520883388896,68.66287926118123,58.75393259858488,63.2628671858288,65.32710422667913,56.08950405865785,70.21637712217183,67.05204824742592
0,-0.08,1.488845994920922,68.63351018003742,66.80157636609998,67.79922573429351,67.24734536447393,67.17563779130072,66.70782226324516,71.65718287312501,66.73442120859
0,-0.08,1.4849943495901552,65.1365713039673,68.08960255206075,67.18921379490693,62.233255140879685,69.18939854752217,66.59063429282875,63.703116705044195,64.69402976096212
0,-0.08,1.4811441042548175,62.48991501690449,67.82043577354152,69.41174347983892,69.81582691180765,67.18394327187733,63.899993298387315,70.81674679132945,66.94675070478714
0,-0.08,1.4772962049744236,65.9944812720689,60.02375650040428,64.68913699776087,70.95986332135574,69.3481485108044,68.81013803977399,72.8475265885901,70.22348529640429
0,-0.08,1.4734514595417243,67.60971276276068,68.88603745226729,76.02879797028511,65.343085651339,64.83474407425334,64.03271721709376,67.93802567257471,66.00593063955688
0,-0.08,1.4696104891653818,71.37435306265381,70.46145313934758,64.84223933053164,68.31021747182376,72.37499725961365,69.04044910880235,73.19568649565149,65.07857736679142
0,-0.08,1.4657736912974775,61.153708158092876,70.02914755758012,67.0784423420995,70.57090202204975,68.86741852420542,71.6409636971672,71.13809733749356,63.08182565680517
0,-0.08,1.461941215848061,70.2062665483798,69.22178520299991,61.744751397352715,56.29603695576607,67.0221934635917,70.65647426571985,75.24642881235398,67.10887273323281
0,-0.08,1.4581129562234016,69.1366384977363,67.9389440568884,67.88922161852614,63.56839898980187,65.9037950116283,68.11827349510001,64.42713139699228,71.51532887478574
0,-0.08,1.454288555729497,60.904616637598785,62.424796409431096,64.31033178505707,66.07859960281249,69.54090068579498,63.2238058599672,67.87847909753154,67.03607790637399
0,-0.08,1.4504674289534474,72.45259490509656,63.653753735054835,69.88473976332524,70.08185658575935,70.5812776264923,67.11296046869715,71.312994493237,62.8848646310633
0,-0.08,1.4466487968305939,68.73590609219423,70.75931004939791,63.95483056952913,80.23126250212363,66.26385052191881,66.32377642536181,67.71128296518671,65.57290647603891
0,-0.08,1.4428317332812306,60.29108144058894,65.24262393575329,66.92486287064956,69.60200805888928,66.79734949288417,66.31780160049924,65.73243171238693,66.63059164575631
0,-0.08,1.4390152206080633,75.4279720122619,70.94799503758614,62.2937760112908,69.02948346315296,71.59288471007,72.41873490858967,70.56430725403968,71.96117762388212
0,-0.08,1.4351982103262335,60.268951833539525,64.94076504418291,68.20473492719489,65.52863479497157,64.64478467360772,65.98768439985672,66.01569091757855,71.33692337953762
0,-0.08,1.431379685781943,61.885831857473555,66.83007372972597,66.73777752416605,64.99979602031999,68.35835465263028,67.77316842902326,66.4244239818531,74.6173265692092
0,-0.08,1.4275587228203588,70.76601770912937,61.350846987048335,66.7528023170123,72.9837479756856,70.87598078705322,72.27052635911721,73.21315056489235,72.23577039255221
0,-0.08,1.423734544891707,60.78097719868294,61.83370242741243,73.22750144041524,64.86724428342217,65.07785437665501,62.36613524015855,65.11768848206705,69.71000640987208
0,-0.08,1.4199065693257145,67.37960832659486,65.39611023476327,67.359157308597,66.48914204395744,66.94878966827245,65.39336631259916,60.76912695949773,60.85448232322236
0,-0.08,1.4160726698558612,66.7032468900493,69.02788678797975,70.14534171632859,72.25377097741568,68.89109895805835,68.21566953357159,69.36731434582074,69.96420362073705
0,-0.08,1.4122346200410398,67.83762730613402,71.7715731272238,66.07947359560752,61.67448689537143,69.81159376539952,69.19758469503473,70.93231058498534,68.18043214114003
0,-0.08,1.4083926707805856,70.5076591173661,68.9705864556402,71.64098208296406,66.69672940328348,68.18057905762288,63.60189397339675,66.52795674371947,75.63123849289815
0,-0.08,1.4045473076414454,66.08602105610824,65.96222757935644,69.94788411860655,69.44293349127345,64.82910953452918,64.24393581903186,68.07392591944078,66.79946687366517
0,-0.08,1.4006992219654066,66.72391550832374,70.43980736859605,71.9585549522836,68.49675584975803,65.13473390701677,67.9558259813901,70.63140301837716,70.0269417669678
0,-0.08,1.3968492697046633,63.34576561301847,67.99423429438481,62.4239318430636,69.60112812317875,61.295695229697984,65.7888138335684,63.58350940066161,74.71773851384467
0,-0.08,1.3929984204221821,60.36291461183162,68.2777564017274,65.43397256676309,66.0893510129268,68.73313269851249,70.67747152287592,66.46898891764022,69.10410288785047
0,-0.08,1.3891476994801353,68.36067932833865,66.30767644654853,72.6210761159648,67.47609299340326,65.69198910533196,70.65604750530879,58.09196201290661,71.53001024521781
0,-0.08,1.385298126853501,68.7264704705018,73.34689495630114,71.497103600712,67.10641267869171,62.84561323853507,68.47427935878972,61.836619737671,62.58123120969895
0,-0.08,1.3814506562179514,68.56132646115717,58.56004292442853,65.85947891473536,64.54100808309029,73.11462426392612,67.15525873985092,64.59486369648887,71.31185980027549
0,-0.08,1.3776061179561472,65.26129212817548,65.91026597663539,63.22667930033483,67.35062020592301,71.24667284809901,68.13827292465997,72.63871276746922,68.4387569915544
0,-0.08,1.3737651695021496,64.81013447868897,70.97787578526203,64.49324059321401,68.19948265118204,68.09393280674762,69.90572404329295,61.21593629563273,64.7106811975101
0,-0.08,1.3699282560110801,69.03915285321173,64.4380991452073,63.052290810626296,66.69385660642774,68.32682938404744,67.51551842591557,66.7802261039468,65.30879983693104
0,-0.08,1.366095583724964,67.77168696535405,64.19135301044773,69.20896988821796,67.15719632653816,65.76196805202525,64.12851960613698,67.62314721203248,66.16316989963474
0,-0.08,1.362267107642718,65.48249230302575,67.12887860795017,64.42477938161218,64.74247312637199,66.08652614238137,70.92113073942767,66.41659100054699,70.79079678743362
0,-0.08,1.3584425342391964,70.59869007395541,71.69328188041202,66.88877254225334,69.14953110318035,67.10227093121689,72.15248524898136,62.530945685643665,65.60137246063553
0,-0.08,1.3546213390686428,64.23016064158219,60.94483766434069,67.52909671856949,64.87301974221579,64.01674909725796,63.30180169528046,68.95145196183556,71.11838989277229
0,-0.08,1.3508027981886472,59.832674288544,65.21559647380757,68.65989640597608,65.67348588467077,66.47263736958371,67.25067607222178,66.0736485378678,69.13723735200934
0,-0.08,1.3469860315078626,65.77550385139455,67.62566862489057,71.74454809069448,66.50309937159761,68.81334082833966,70.09581681119757,68.68249673997438,71.92590419699032
0,-0.08,1.343170055445744,69.29070547317664,67.82640189663165,61.10606307275764,70.52757233351589,61.78794035811536,74.52529467645148,66.11525680792732,70.30367564669554
0,-0.08,1.3393538417389637,67.93520466652288,63.874942387277464,63.89527605199901,60.213860911734294,67.62909426605397,67.27249393096105,66.37628189975928,69.7482531874856
0,-0.08,1.3355363788694496,62.878848063033566,63.762372621254116,64.4500292650124,68.47988494715736,72.43247894195552,69.20899996018755,63.286353989616586,70.9829678040987
0,-0.08,1.331716732443093,63.31035688223175,62.740252396378445,66.38223171279223,64.80726188489373,66.05301770713002,70.18000978295682,66.36927716369051,66.82993731702197
0,-0.08,1.327894100922343,70.49219948433083,66.67496626675727,68.6726784057722,70.68899513341692,68.3329119109219,67.22893714620433,70.0976197174393,69.84881064336533
0,-0.08,1.3240678634030048,65.58070426648344,65.83258856588044,67.22930776766849,66.85372686454865,67.55419553052594,62.422318179642005,69.9599184576023,68.93950300486259
0,-0.08,1.3202376166060852,61.34995364993642,72.74303620089286,64.65956289011514,67.9389033685268,66.88847867335912,72.05188309268505,59.60214650989582,70.25356921721892
0,-0.08,1.3164031988994362,68.00648819466039,68.51087907757179,71.44573621646286,66.48454298724215,61.05451762052415,67.21435338711771,66.10287083663094,75.58912269614915
0,-0.08,1.3125646999327274,69.59578310628815,65.32277139871869,62.03898654607213,69.96014874814706,69.91814019730457,64.86973621605188,67.46894585399006,68.4556110702302
0,-0.08,1.3087224553183427,64.79178938318461,74.41264655746859,78.149732965701,67.96307797919398,67.94959130453194,70.83742439793207,61.605275333483085,68.13487056538186
0,-0.08,1.3048770266719179,63.60838699323437,65.780101378131,69.43613864861476,63.946906037698284,71.89345474580362,68.1182819047581,58.248559176850485,64.98553436669727
0,-0.08,1.3010291681895931,68.32764581326215,62.00227108033511,65.2244668801733,73.33066130052421,65.65782305067998,60.77400632088593,70.20277284831322,66.86874069966451
0,-0.08,1.2971797817357709,69.04186430802119,66.00217620241338,70.23242410496366,67.73817970256371,63.1111224960643,74.41874090009141,63.104598852534465,68.13464477872323
0,-0.08,1.293329863099355,67.24590520971445,64.5477293312462,62.555125992489415,66.86326960300892,70.30292868779102,74.1468400504248,71.5671377573753,65.31357526605306
0,-0.08,1.2894804426076079,68.61769208373626,62.29467299180722,68.1357089264743,63.06793836523535,64.62605579784494,64.58684544893144,64.97967507507182,65.43536554679173
0,-0.08,1.285632523632205,70.93692358233122,68.47806460660456,67.52339737348429,67.14709833969734,64.19480357905546,70.56242970281671,69.54808073862633,69.45940684726948
0,-0.08,1.2817870226590267,66.77777676183692,64.42805889757393,71.8959371604506,67.0227857923605,67.94650355290216,69.3708056480975,72.65574184302338,67.78800136060256
0,-0.08,1.2779447145108611,68.28215426354151,63.82323979445705,71.5977597729276,58.749690399530145,70.31343445291611,63.780548629811825,66.97773988799433,65.0828052920554
0,-0.08,1.2741061860128748,73.94233252468666,72.71016828923536,71.58586284260691,72.09383605739302,70.49643758277317,63.153833731525566,66.71182513746172,64.59724591642353
0,-0.08,1.2702718008903668,72.18310041440203,65.42755692689627,67.24511781925048,69.3317645628427,67.65633414483378,74.90933664330512,62.98024378756488,61.25514033199267
0,-0.08,1.2664416780160839,63.40853302708742,66.3485926299343,67.80904005135957,65.4365181474071,72.37687085580008,63.91064380118391,62.58694112769064,71.70354758576525
0,-0.08,1.2626156843207565,66.27691178995171,72.78972445568337,70.02126567414683,65.41423363837292,64.67079162080555,69.64452355135332,59.813469828690046,61.18951271311178
0,-0.08,1.258793442795028,72.57355003383458,68.39698667998998,69.25675336996325,69.45327874321785,65.4205484827168,66.09515406838737,60.53711941237126,68.91105445623941
0,-0.08,1.2549743550987604,63.687271205889544,67.14339372856682,71.32587630778119,64.50075522274518,64.68856967485128,64.51166753350303,67.44977058151771,68.48034660179016
0,-0.08,1.251157637411733,71.26187474482775,70.8607124129427,67.22336896730368,65.47453761619605,66.77160628588945,65.42105337731037,67.19368215737953,66.56617508238577
0,-0.08,1.2473423673629538,65.73584105574949,63.56572357153505,67.48454934562287,69.80570741217716,66.34550113621525,67.653736944435,63.72385944537837,63.59222379844891
0,-0.08,1.2435275392131742,59.12470032948986,67.32333202531429,68.7592052581077,73.76808465838059,70.59951811170009,63.27599320047514,61.23253077903188,68.60213728051767
0,-0.08,1.2397121239766378,64.18905035798535,70.59181029970063,63.665916563199644,66.22866936590364,68.61091603913124,63.252471888298786,64.8805947021074,64.43814800314732
0,-0.08,1.2358951308819164,74.03503872046593,65.72477961567478,66.55574856816335,67.4436521144929,67.88552069996148,60.83043553544686,65.6916351001597,63.23630220348764
0,-0.08,1.2320756665029753,68.04586081768818,70.27980525708459,64.10473939282997,69.70202338421646,64.62473702306782,67.8168705217279,63.887511063412404,62.14592013976452
0,-0.08,1.228252988041929,67.19207135257955,65.6447319750566,66.78224112627892,66.77653159301686,73.46112803892278,65.2015556460142,61.76147059767888,66.52364421107322
0,-0.08,1.2244265476025855,68.30417592445228,68.66865715690614,67.24151290511588,66.9164651647123,69.2014841202903,66.25950214151429,64.26247503673049,64.78014830045096
0,-0.08,1.2205960248354906,63.338577243608135,64.77831382202129,68.75556754953567,67.90038348999916,65.94946290336426,70.85438820024798,65.01430569018534,65.17984980582003
0,-0.08,1.2167613460274227,67.06090920549175,66.25617965312595,68.5278859748897,69.03776923967735,60.96954367925721,65.10676544752704,70.61821688658934,72.90083826916285
0,-0.08,1.2129226885103208,66.95661287858161,73.13764645712202,65.21718520973306,66.87026185856749,69.27087567447289,64.08754897734067,64.76464769218838,65.87062418596994
0,-0.08,1.2090804701303113,68.89152251938246,69.0357253079617,69.36624842715126,65.04806600779155,64.65237221568191,64.8327831737212,73.06961253713467,70.6158134628446
0,-0.08,1.2052353243977774,70.01713705767929,71.70601414315469,67.19659694949229,67.94371504031358,62.4558847484987,69.83208151817946,72.79971001562903,68.02405915331768
0,-0.08,1.201388062784614,65.12775001582355,68.73509993465375,64.95172058086668,70.39318038670375,72.13133040103295,63.09023132364535,64.27585723010651,67.11398541679762
0,-0.08,1.197539626396804,62.22117049983208,67.918835751805,67.19104362865066,70.00391340674945,66.33750493867463,67.48268803516018,70.04325021392702,67.79369786256679
0,-0.08,1.193691029885001,68.57198649158245,65.30561435197725,69.72325874848676,57.34819951654914,61.810544856838725,68.79172104187823,67.66649652541633,66.51834581092753
0,-0.08,1.189843300924942,62.741357078252506,67.95654954434787,66.29384152339894,64.42326256335467,64.39739073218738,66.85505135259895,69.23691376853601,62.78878000035506
0,-0.08,1.1859974188737048,68.6541066967871,65.64650339988916,69.81278848471014,63.783676947056485,74.85972836392035,68.14613842037133,72.52122161535414,70.40164845726241
0,-0.08,1.1821542562684133,63.61273271775925,73.87064552731735,61.43950004070192,66.0063135152754,67.45484931656928,62.068768550195976,58.37876417405093,60.416262485432235
0,-0.08,1.178314526674584,67.29429356598513,61.84787761359256,66.0806387527418,62.42954667021663,69.6132775947583,68.75419524840224,65.13631347826757,70.21798838476265
0,-0.08,1.1744787420190699,69.15457076019166,69.4088128340314,72.76466108700649,66.10532352688894,62.50877737487683,70.15573778786478,67.83149521947152,63.5066894154129
0,-0.08,1.1706471819781397,70.16092211464958,67.71335840176883,67.79133090417194,67.8131140091379,63.36441064753989,67.78446465572219,63.85777313248597,63.14294344815014
0,-0.08,1.166819877268011,64.33853481109279,74.67892704178037,69.18572522788725,68.45516431628847,64.29670730583739,64.93238440988519,67.42621589838764,67.24252521827722
0,-0.08,1.1629966078470702,69.94150085125264,71.05253446347115,64.1463804380264,65.86309954349963,66.65059447540636,72.71223516447704,66.16165942448372,64.64545533686356
0,-0.08,1.1591769161380303,64.35046199872326,68.84990856454671,66.81606807563696,68.04720633628479,72.39637377990078,69.02905705760517,71.64195415966064,67.38366840840658
0,-0.08,1.155360134470508,68.55767477026036,67.48507445132341,69.74933448021063,66.58134161733699,69.07390472024996,67.73727097780977,68.87959626733969,65.2908228038838
0,-0.08,1.1515454250867139,60.98449355060235,67.39526788236716,72.82943419694763,66.56179996152207,64.16568586042652,56.23807356256071,70.7223857589629,63.82712644318421
0,-0.08,1.1477318302982824,67.23851169109348,68.13822953158653,63.76274901218828,61.33003855448474,65.26295134175786,62.341481432408784,60.385029595619464,69.6572456933259
0,-0.08,1.1439183297769597,71.48710521325958,71.2036101760768,66.11619473058668,71.10944960159497,64.0697116500873,62.178899132746714,63.7572470443905,65.51191917776
0,-0.08,1.140103901541879,66.84506501871203,67.24558404697642,69.07343932409339,64.03284114001461,70.25888318671491,70.90607382473084,67.18162912639107,64.38671850683932
0,-0.08,1.1362875829953367,67.85657363093152,66.32325552179381,63.28459336966928,63.28996159795551,63.71976703750106,61.906742261138085,66.32992738827207,59.24585223856266
0,-0.08,1.1324685283676557,65.25337620761546,64.69269239896491,64.77284001847809,66.05797511112648,65.382273661827,71.9864013228978,65.82750390226234,74.64733177081035
0,-0.08,1.1286460591566656,68.58888459647903,63.19099492190657,69.14560649286213,68.76121381553317,69.6434460230615,66.24869363807692,62.65395981312349,68.62640401350974
0,-0.08,1.1248197045726018,69.45824979730648,72.35040216844001,65.3850920978442,68.36394343423203,69.38173164221328,68.1701772613364,68.34204007538588,69.0632615031162
0,-0.08,1.120989229597712,72.87197360773766,67.58260108256745,60.98662631112432,65.99042260648353,66.82057359183618,65.46620319048621,69.96430919625675,67.73285431947568
0,-0.08,1.1171546490053361,74.4842948296132,64.10504169158261,69.48125006867384,66.913121699497,67.40461467175477,61.329143106319194,67.78842996467722,65.40734682777288
0,-0.08,1.1133162265127512,61.9986111199907,66.04410267823977,65.60116388161404,72.74729067436624,69.51091091292858,65.94803453577521,69.93691479741423,64.14171950096224
0,-0.08,1.1094744591182224,66.52479607829254,67.34276406005809,66.79911892133744,64.89405060180353,64.07537476779012,70.98710869667812,68.10188922953178,69.65607787233895
0,-0.08,1.105630047545967,65.90812263861945,67.33965384318017,68.8699316276298,66.35429724929129,68.48078986885771,70.2481149947568,65.0692599437597,65.70351135054564
0,-0.08,1.1017838545437553,70.6482685204039,63.590857502270325,68.8624750968481,68.88664116917404,72.0071978386946,68.3306632980566,76.34694731601552,64.47638861938425
0,-0.08,1.0979368534996272,72.82419004505626,72.26859217557036,70.6509003230795,62.1625706370733,73.22720043547083,66.36988258681173,73.5865842224102,64.79484051511703
0,-0.08,1.0940900704244063,63.249610909352015,61.11024414209911,73.81648286748525,68.37109321243268,67.13863575717782,64.87131083663385,66.90477908991667,70.34414409900349
0,-0.08,1.0902445227500817,65.86101620109507,70.58822076555326,71.06848777820984,67.08554302001951,63.73987462782705,68.32635554235839,60.59911517242436,66.89483466182433
0,-0.08,1.0864011585947977,65.99565043683128,65.7547005550852,70.68121085393145,64.69211753237602,60.49950408125152,67.4716846311254,66.08038559620618,67.3813504153878
0,-0.08,1.0825608001285942,73.90347353927008,69.89458488983774,63.741343823653274,62.21424556786889,65.65645710890144,65.5881632901659,65.44491848413003,63.97466785584672
0,-0.08,1.0787240944385017,68.99457322926986,73.19515915859704,67.08961820322881,64.81303185814178,71.1737251715125,66.11084225234062,69.98164787129556,61.82014878534003
0,-0.08,1.0748914748490366,70.00034342924152,62.05961393909282,60.98752872741188,68.98988051526005,69.57601780305099,66.42269614779309,63.12054742498274,63.88573214370267
0,-0.08,1.0710631350298514,60.67732885884598,68.09969718031526,68.4554937390587,60.235603212429844,69.69710063513459,67.18902390263138,68.84692239906204,72.58473115995142
0,-0.08,1.0672390174535755,66.80424161514716,68.808152338912,64.82763607512078,64.54431239002383,65.69594066362241,61.162034159481614,68.10126404260082,61.42465641848882
0,-0.08,1.0634188169008938,66.27601915401507,69.73330584212029,62.27163185538159,67.51947280935391,67.5272296401291,66.78212208471135,70.14509562120311,66.0690520005602
0,-0.08,1.059601998800408,74.29085672186261,71.76635520208256,67.50368884219863,72.52047201022434,69.37962960054163,68.26463388795581,66.28430523337734,64.13896468404165
0,-0.08,1.0557878312946505,66.06017338933395,65.68836393910999,67.19217342367764,59.74902280558688,66.51826946509148,68.78043797327086,64.1220256539603,61.95590667852057
0,-0.08,1.0519754290966095,67.1475714330736,66.94125453835075,66.32567768708294,64.8359374944482,74.90959412626019,58.6607288009578,63.460195437871405,68.4172108524812
0,-0.08,1.048163806494425,65.02890841220187,71.96945411243645,69.29352208598783,71.49404243842102,64.98318956424544,61.7269784274604,74.2940626739452,63.47948022130154
0,-0.08,1.0443519363183835,72.95082362305331,71.26181527408112,65.84988490694629,60.046272281296645,67.51552471477754,69.80548057342277,66.83310432464084,71.2302426915379
0,-0.08,1.0405388113359157,59.60676809541395,67.82514891065856,73.11170640272246,72.08151561348468,69.51077401891682,67.90335065012526,68.0088481478,76.4801722659458
0,-0.08,1.03672350440613,61.26758851522545,63.54488496104616,66.30251214049792,67.29489477372044,69.68335307935406,67.87755098799411,70.79987866855066,68.65163370170846
0,-0.08,1.0329052238110206,66.62180367495901,68.00007157366589,74.49980231271684,66.21532761398166,66.84523336739838,73.14355933997858,62.13702591804293,69.00809178740818
0,-0.08,1.0290833604780705,67.34316393099962,62.63531423561355,71.38783957044454,70.09408873543758,67.0604919223897,71.62252692777292,64.17741179505595,68.22503051937932
0,-0.08,1.0252575242984259,66.78940128050517,64.28408339989885,66.20970737080503,74.90959325993104,78.57029679707637,64.78886040075906,63.95164509263039,75.08626846163159
0,-0.08,1.0214275673956403,65.10607133549408,67.30268454545084,60.46740688352618,67.71544114933484,69.3545634987691,64.4170347220663,67.83310237442717,69.3043614533476
0,-0.08,1.0175935929732876,65.24916511314251,69.53571920325169,68.20165510842264,72.60277102887613,64.38553503095717,65.34620255636408,68.69587437451582,66.37258844095366
0,-0.08,1.0137559492207926,67.11523967246951,73.66217782964092,66.44768780051626,65.66890852736648,63.916540234680625,71.23055128411373,69.5987754269962,67.28020313922504
0,-0.08,1.0099152086372412,70.61991296048323,62.21063011888645,60.942252403803465,64.47694576660125,67.59370702957966,72.00376828341457,66.30779245486423,65.79591786250518
0,-0.08,1.0060721339929584,67.88570313475225,62.06165088133781,64.03452492794558,63.18891937025011,61.50056784045598,72.06074722169284,65.44007170619932,61.62308577457527
0,-0.08,1.0022276329395936,63.565086064149945,71.76084945261395,69.94839649193112,64.454179311842,66.62850111998637,61.687232230668855,62.30752184294944,72.28425317827435
0,-0.08,0.9983827039556541,66.69632611823131,66.0293747162227,69.40209554644494,62.98454540147675,61.39605992452569,67.10758531331632,74.21951335874986,69.0964090896977
0,-0.08,0.9945383768358451,65.41139324059296,63.776231524361286,69.28291603601087,66.78389623487296,68.15317654864137,64.97156700562833,64.873668718525,70.10044929613004
0,-0.08,0.9906956512670136,66.52975546767864,63.93154217652547,66.95170389875801,69.13671385467633,67.5840668545461,62.98070649264889,73.33660025116725,67.145790863529
0,-0.08,0.9868554371587849,70.41281035980957,62.891734565802615,69.72811540981364,69.11958717090266,67.15174987709229,68.8239080998882,70.9286499873357,63.67175174893762
0,-0.08,0.9830185003030387,72.71036610537845,64.70085552666788,74.34748891946853,66.48963791718022,67.5113396579041,68.9309111736499,61.31626401548496,67.62652366231134
0,-0.08,0.9791854166262206,66.8427387029869,67.55149724620712,70.10452969496846,66.21796010051945,63.98753661790882,71.6445351402965,65.37283955226881,71.11571766513093
0,-0.08,0.9753565377888156,69.88610074335126,63.642633765282206,66.78862345404434,61.02859074783059,69.8125961894321,70.41797734496306,60.5753069774571,66.86127235370951
0,-0.08,0.9715319702068469,64.7099256228854,68.42510078184378,66.89831913842758,70.2566575216725,66.57040790221919,65.28062642873782,63.44679522310025,60.74554478250924
0,-0.08,0.9677115687620333,73.27015763525002,62.1678600956466,64.25321543274617,67.08737073548409,65.51759605725313,72.57844989940637,61.46208277496871,70.78391604087581
0,-0.08,0.9638949455800808,66.93576444629261,65.00690126859911,70.46963490511911,63.22608483690982,66.41069943765854,65.75159462206223,63.99260384038075,70.45973143472558
0,-0.08,0.9600814933457724,64.59474787597883,65.60268580786384,69.18103830183752,63.10158551580917,64.88859598673912,67.3586520417145,74.19096900704722,64.29718320688188
0,-0.08,0.956270421745925,63.938543204770156,66.61093765636205,67.24439667963065,65.68486105137896,67.05185592240369,66.24160939066756,71.80176572763729,66.73218105373265
0,-0.08,0.952460804841524,70.17436453508148,68.93079260134338,70.59293485220964,71.38540296798442,65.65676629161513,70.83419159606818,74.21236443169092,70.4848960311054
0,-0.08,0.9486516365169644,67.35150451248666,69.50877269630278,66.28958402667648,63.12737273255438,68.14328165772021,69.98230755710617,65.80968485093987,62.60996936462518
0,-0.08,0.94484189067661,68.71556553218683,74.47003400056104,62.81108483129669,71.76452904917157,64.77955561566301,64.82864241873767,73.28464949768174,69.1380421088716
0,-0.08,0.941030582584404,63.49943352126944,58.90880637224484,71.43049364105471,65.46204032504363,67.41799364853021,73.01788229266198,68.24226859854798,63.27460052317562
0,-0.08,0.9372168276854125,69.38683939105034,65.73138980251098,72.8049832695771,64.38406508808848,66.21295460772184,66.97075887419216,68.46561943575809,66.27319749358601
0,-0.08,0.9333998944097364,61.51960268930723,66.10272380408864,70.15257188026881,67.25049397686725,66.40422134923155,64.83718585565549,61.05564329346518,64.75782855887331
0,-0.08,0.929579247826878,65.92249592568824,67.31208293395238,65.2756637853129,66.42457649001119,62.70012505349731,64.52790408556831,64.71220944172572,66.92542459205725
0,-0.08,0.9257545815684475,66.17817428681059,64.11943021336523,67.72025662816749,70.06098700906738,66.82664848234887,59.81643455012762,67.17555923051205,68.06556652485276
0,-0.08,0.9219258361353161,62.264949155519986,68.67016725694705,67.1987952486582,66.0416386950597,67.14067176444311,69.4800343468001,65.5838274862172,67.22290650265604
0,-0.08,0.9180932025108063,63.77346436847521,66.92392091198626,64.79948744936195,65.94581738449352,65.61355996490704,65.42429256556,66.35881508293947,64.1314483538202
0,-0.08,0.9142571108679721,65.19709356557614,67.5813260660889,69.3950587500738,63.76331192728715,68.33592167011284,67.22206230956188,64.16984820721959,64.41824439819462
0,-0.08,0.9104182050373848,70.19576620886389,66.70960406753949,69.97552261906671,71.98004390339435,66.6626964345138,69.69047277139768,71.75811348111341,69.95281456393279
0,-0.08,0.9065773042425016,67.6577074901461,67.59892859334579,67.71889411249724,69.2196705177232,65.09580340386391,65.30423844828839,63.83837627105992,63.468323520594105
0,-0.08,0.90273535436477,65.29998339192213,68.33011186604054,70.23609219302186,67.55461996893303,63.8377322149125,75.32511601622082,65.1584374162885,60.997507311106034
0,-0.08,0.8988933716262145,64.86728033107745,68.58689546782554,66.19336563209917,63.112785180677676,66.37795500138468,61.242530075071926,66.07284075718509,66.40226064588029
0,-0.08,0.8950523820358035,69.3567135586375,71.78767801113038,67.87421815851695,65.7585981202268,64.53803981356015,64.80114124707464,66.40066326001417,68.4099494354058
0,-0.08,0.8912133602085633,65.73612604090287,65.18069049094665,70.12774089479424,67.15057493708784,64.02659310669175,70.53575778830758,66.4659684015476,65.24676606041918
0,-0.08,0.8873771712150587,71.10118220627608,66.20786012727602,66.88724733572967,64.48141253598861,69.90022060245404,69.18536969270204,64.00790539218694,68.58856438198099
0,-0.08,0.8835445189479499,63.35227148025809,68.29645633159232,65.30038747775649,66.22910913656324,65.09777649516971,74.82587857980471,66.11190292258647,68.78511117968426
0,-0.08,0.8797159041096978,69.60032601959377,65.49650830737123,65.87105382861003,64.66583730684063,63.37563486127143,66.351081556447,61.97110225575264,70.44824757935382
0,-0.08,0.8758915943524929,70.07210814456415,65.6571715735515,71.92285253271932,69.35795826730183,66.77789683650569,67.66824112771644,68.86664476275665,65.58813696500367
0,-0.08,0.8720716083720754,68.16722530173111,61.746556187563705,64.84187845917491,60.06796902205669,68.21324659394313,68.05341280686167,64.47141222398757,72.70686718193173
0,-0.08,0.8682557149156945,68.30044750423151,69.7570883024058,70.44873455657752,61.89877014508838,68.53108886606506,64.11303051347842,64.63258524964311,73.63904586813312
0,-0.08,0.8644434467631885,71.22767840101962,65.34657942427711,68.75919532999299,65.85989046285437,59.97747797157029,69.07473970592244,65.40580790370947,70.12887500977462
0,-0.08,0.8606341288352571,69.41876177314019,65.48021705746748,66.47688568525373,69.02605456663683,64.21380774649987,73.27608181111691,67.00004698060602,64.3469049769392
0,-0.08,0.8568269187309598,72.69025695623101,70.76984339953196,68.99747976531873,65.93873120411757,71.09152709783547,64.2068435588772,67.85093080746675,62.54944253591661
0,-0.08,0.8530208572501302,68.04637545134838,68.35902858103165,67.04899277959846,67.7404608849463,66.39584478454842,71.70632455417365,67.92269862095984,65.95499497900997
0,-0.08,0.8492149258613427,66.63914643099761,67.74981754412214,66.72133702725546,66.65950996886215,73.71508445252802,71.83089341975816,65.45220248378675,68.6109147280898
0,-0.08,0.8454081076676776,71.48307941106188,61.273770522461795,72.25092460940402,69.79469674937287,69.48574796738122,67.39892080019986,68.92744450159996,69.26660709810037
0,-0.08,0.8415994482238208,66.79186278754912,71.72679081356905,71.49608501279054,68.3774204307762,65.97491308866536,70.85755843082646,65.35985578865231,68.27677369751855
0,-0.08,0.8377881125786163,63.48905338436671,62.94466534553095,59.91783643417925,58.371712778856406,63.26069517641902,69.01501215152656,71.39548206569039,73.79166248161798
0,-0.08,0.833973435153102,64.55491804187372,68.86676409587328,67.20014196376779,72.75659307938497,64.31849706127093,59.21302696906619,69.53200947842716,64.50282091831345
0,-0.08,0.8301549594987384,68.30748162241255,64.16289577154936,67.5773850227598,69.7008266165943,64.94964884891438,66.89462523292568,67.34428292380144,69.63647417204123
0,-0.08,0.82633246558636,71.91467898128649,66.78613419960803,66.88558224403306,73.98843033815206,63.48405872944623,66.68044975976262,74.48456159911049,72.4801869916592
0,-0.08,0.8225059830167556,66.26564174709698,63.615883916258475,65.42691588604755,67.68803268975635,62.404145692230614,63.74342874943562,64.2652055633644,70.75548029120213
0,-0.08,0.8186757893755201,69.08798602381435,64.44928113486306,62.53824729601698,67.23636111137846,72.02299390910748,67.58880028958869,69.49623303943518,69.59050710449966
0,-0.08,0.8148423938304125,64.90410125055165,68.60062551812214,59.89024641642683,68.73505751608346,64.59488929543464,64.07067424595692,73.70350783024614,64.13330911472099
0,-0.08,0.8110065069394264,72.10965938422126,74.52899692473831,68.61384136112024,62.56081469501034,70.49953694896443,68.11285683072525,69.86724649909102,67.54687418610669
0,-0.08,0.8071689984529181,58.66625780475143,69.73185942229975,64.65223099621998,66.24455109181038,69.4760622464365,68.40549542513496,69.12745763633063,67.86580421001469
0,-0.08,0.8033308456067152,69.12468203367885,68.44992447341922,74.0781142397364,66.85158496982288,65.2149679361038,67.1271680249201,68.8408667954501,69.95847372370622
0,-0.08,0.7994930749732839,68.10431501274738,70.07459910168987,62.57413168877621,64.27719415113745,67.21509069786832,69.09853496597162,72.49420852832844,63.44213589690457
0,-0.08,0.7956567013300117,59.54145484204364,65.9448398420237,65.485640539105,62.95251480617766,65.1828622481234,67.13994038856961,70.0734604153342,69.98527441888596
0,-0.08,0.7918226671922227,66.1774921314445,69.4685901623326,57.41155415780793,67.64209303955096,69.13030352893836,67.44546605858582,69.00828923183676,67.23738260337392
0,-0.08,0.7879917866298367,67.72492793708173,68.1928800763299,63.08920946923034,67.767445496516,65.70006848804076,69.50733876095852,67.56842143743134,70.28769517824662
0,-0.08,0.7841646967397069,66.45637788495989,69.09143192493924,71.75047976037207,63.50290327697279,70.84120490808415,64.53575311948212,68.50030687055175,66.60850970332532
0,-0.08,0.7803418196932879,70.11184948530956,67.44095342266573,68.35591157555052,68.74706277638404,65.53738832961126,69.79154859519798,70.24873354561869,66.3825737093209
0,-0.08,0.7765233376473264,56.66975668835652,66.80685263838082,62.761693632708855,74.4100567484584,64.68048516225159,63.69425423627435,63.23046684624361,64.07692838253212
0,-0.08,0.7727091820316132,62.22381010304207,68.69968542688483,70.20986061899332,69.52722185199283,70.41702038232548,67.20463247521654,62.08885044114858,67.05074758214414
0,-0.08,0.7688990378599612,66.97556073401694,67.41633008484234,67.02020821842133,68.77118645948528,63.13166309524991,63.43868861087764,68.50067333264849,68.8351037887729
0,-0.08,0.7650923628024177,63.35658808830009,68.98221058882905,71.92895786795552,68.34987018566532,66.818906206906,69.43982709727959,64.41410104108616,67.18075938322342
0,-0.08,0.7612884198650185,65.11046104974724,67.06856028208726,69.62844124485835,62.23843201849015,68.86201763280474,69.17892226147399,68.51124698761913,62.15704353603053
0,-0.08,0.757486321703723,63.163075790547865,69.23675522959948,69.58980277794434,65.09539127378785,65.27435478341965,62.97419010972786,73.44048272649503,71.90185800032485
0,-0.08,0.7536850839021427,68.58962234142274,67.71899588400868,69.2754484160511,66.66737874674016,65.16132375986128,67.2528894115743,68.09014545820956,72.1495334820569
0,-0.08,0.7498836840105442,68.07371330790501,69.40140432069862,71.13502216091173,62.35743280854282,71.96582677902246,68.17458659621205,64.56862914170176,70.26186076340757
0,-0.08,0.7460811228075451,63.71471308906272,73.01277722512185,70.35950346948742,64.51092153275106,65.49765204237659,64.3745682223883,62.7422512840409,71.5632812843863
0,-0.08,0.7422764841242686,68.5877546219362,64.84372752381918,67.84412094473598,67.12539114518434,65.56031931073514,64.39415207606177,65.78634899010278,62.20046419544113
0,-0.08,0.7384689896682546,67.59507970687955,66.2056926375388,70.24032267671184,71.88735198020214,62.888655788772496,65.70054503250327,64.69594312079154,65.91136728401496
0,-0.08,0.7346580455926055,66.48563709418725,60.166903201356725,65.16209218387054,72.14817651950415,69.94406277331983,64.02064417006704,68.22472649717405,70.50497312533948
0,-0.08,0.7308432780540144,69.22145013637889,69.77559586098388,67.75459265479222,65.6471900781735,71.59936328170731,65.17172344874602,69.48118149328829,68.75275596329983
0,-0.08,0.7270245556604389,71.94939366079946,65.24298267243171,64.73521546911662,71.22687090756732,69.51936539893761,59.86912246008922,63.308129926725705,69.50756103925954
0,-0.08,0.7232019974861501,66.28234164215483,69.77062163828523,67.58121628770373,69.13488574235502,66.41805396706151,67.15979132226394,65.41347408579507,66.18347870650499
0,-0.08,0.7193759661836929,70.04005765725242,58.77309926111499,66.28443254627639,69.33206070590425,72.96769740686368,71.19342985776147,68.12124960433947,66.83508300739098
0,-0.08,0.7155470466005782,64.571962978784,68.0453721934558,66.43229454351842,68.5638542389336,71.6312899193559,69.08367442333508,65.2803439790888,66.64532860077601
0,-0.08,0.7117160111636749,66.14356039974447,67.0393807980165,62.42388425151373,65.29515030591433,64.19288536224578,65.18774519136787,71.19494934994621,69.82220339645185
0,-0.08,0.707883774077738,64.71546412039652,69.80443719277014,64.48196923650046,66.99091793686765,66.9475910011199,64.45599483489434,65.34947892827668,62.016906402012296
0,-0.08,0.7040513370510898,69.22295959134034,67.6260164081843,64.80884255516615,68.1068280012739,74.96762191135637,62.53821625820706,68.50368891282746,71.5151520018162
0,-0.08,0.7002197297715594,66.55801726647493,68.17781489944825,61.71348475220431,75.03155846720344,71.39637412204176,69.67556086008874,64.770977797207,68.28972142391459
0,-0.08,0.6963899486778311,63.937648727580225,64.55477247011109,65.64738676834979,64.20988311175054,65.78836258400027,70.70214792522083,58.61256776009983,69.3325260822245
0,-0.08,0.6925628976839133,70.86043084292938,69.38584797511163,66.20224930059854,66.78054178353248,58.4388302736135,66.49548936308365,67.8809060972446,66.6275656661109
0,-0.08,0.6887393344081827,64.81505008331384,73.56748608997464,67.90408101211985,68.04159709332556,68.54223158623428,67.1369086526683,68.7327261893151,69.11784339791994
0,-0.08,0.6849198251372136,70.23107386931568,70.43527228379133,69.02101842584366,61.29728898780191,65.95714596192636,73.08131142141646,74.0604337323051,60.559680601489355
0,-0.08,0.6811047112358243,63.35419002122878,69.798983157386,66.20331292906276,64.73278012017289,65.5568915085403,68.66712315601912,67.82906053925753,65.68534023400352
0,-0.08,0.6772940890287849,68.87320304391052,61.68205751552601,63.72386403758551,70.96378787376953,65.16156183934693,63.279390440676664,70.19736334742579,68.2701636273471
0,-0.08,0.673487804367959,66.13627620292623,70.21082246286771,66.52866599172984,69.50940975721694,69.25773879387576,67.88211183732176,64.70221713960088,68.6401357204972
0,-0.08,0.6696854622114093,66.0883911234001,63.521779055326256,65.31759264979787,63.04423063995532,63.87606087109779,65.84328507542318,67.3154666698808,66.87188991269002
0,-0.08,0.6658864506334575,74.45328265962246,61.998572014293195,65.3086038602395,73.81146963799529,65.01758507337426,65.06877977577487,69.64624935036782,70.63946662219782
0,-0.08,0.6620899778135558,66.99738691760977,68.26034876982263,68.35210517365232,66.54950851599567,66.39153303697076,64.74973897802987,66.33955472176343,64.40611796335381
0,-0.08,0.6582951197712724,70.75367020945798,68.02390821243556,64.91985189166519,67.78927015839106,67.70908412236231,68.80845860396224,63.47575840816592,71.90290802728666
0,-0.08,0.6545008759726547,67.88816819539042,66.42068704319543,68.01454462945482,70.90148582046437,68.80933976306818,65.16789976349143,70.83695986883258,67.18266460689614
0,-0.08,0.650706229468238,66.85478274466098,72.91183415767375,69.36174518504981,68.50358849617216,66.56632957067457,70.0294095150026,65.5320582895335,65.71837992203676
0,-0.08,0.646910207961783,65.96296616578792,68.69980066005449,72.61537702166369,67.88002375475062,65.66359775612456,67.6630029007079,69.73785326040435,67.6772305632599
0,-0.08,0.6431119421649788,63.12315416781499,63.42699864339632,72.61328185355407,69.1588601521558,65.71994093109994,63.80051181709887,72.88812715076284,64.15090680862663
0,-0.08,0.6393107179668289,64.5649471996903,66.18430740998946,70.0124368894253,72.44816510991657,65.80813361262032,69.98426094453501,73.29464230945818,68.16471723432582
0,-0.08,0.6355060193242603,70.28467909632232,65.22922220652782,70.6688450677464,70.1799484363189,64.68631487522372,68.47400217562092,70.21804052769531,61.50285862789802
0,-0.08,0.6316975593381147,69.72434969629474,62.23253466457559,65.69419088228788,62.27024448699909,64.91214066964606,63.60946196765908,67.44598576815648,67.40348965526023
0,-0.08,0.6278852976819911,69.06347870600017,68.61626087712851,65.05480864912752,68.47561726853016,65.60529284468976,71.17596003734128,67.40786743529675,68.94424472157279
0,-0.08,0.6240694433589741,71.2192230998467,68.31520450943454,72.207486360439,67.50880361449039,71.49281540478559,64.84816414626574,67.93182531735651,65.96422135035017
0,-0.08,0.6202504426267312,62.44230937020462,69.85283736968938,63.72234957611921,67.8565236392997,68.52005960622905,63.90811990557725,67.11005132848474,71.53820923805928
0,-0.08,0.6164289528057502,67.92292721426281,62.82189718957464,67.98294986035289,61.35301525633267,69.39236701055462,63.47932345287916,68.42637045268259,69.66208885076199
0,-0.08,0.6126058035192373,61.26114815137732,63.20819444988412,69.91794083766682,70.14842459596348,69.11853459445423,62.436980128776774,69.50812035246963,66.1026280257563
0,-0.08,0.6087819476588151,65.21711914238072,69.99917457773974,67.3102086106497,63.04698493516551,66.45187710358339,60.099396428285395,60.42537645813429,66.89875204152885
0,-0.08,0.6049584049842462,66.64698397396701,69.30080044229847,66.09298731487394,67.2102405270986,67.03161025557789,70.84540541739035,70.45094979599043,70.95509006231059
0,-0.08,0.6011362017110395,65.68988278945085,70.43350420369437,64.21933773585387,72.50758555001505,65.1330507456922,67.89610109518527,70.38816638244114,63.674680119716115
0,-0.08,0.5973163096887784,65.85851632514542,66.63052095859014,69.47805270958402,67.86606792216523,64.01680508039556,67.45223149039157,64.10645634639609,65.43125810826808
0,-0.08,0.5934995888081416,60.60168812270349,75.9990220888159,62.980971085655945,69.21091013485164,66.17045047012301,65.95317249462859,67.09186914311299,63.04033494799962
0,-0.08,0.5896867360910635,69.09591394009968,69.68970094125926,71.45823688766404,60.51314287584227,69.94329273838268,65.47572674014201,74.25597078657734,70.33483027137018
0,-0.08,0.5858782445250582,64.30411361048691,65.34792180443344,68.9382071948876,70.6548090004266,73.32782041538196,70.87382950134547,66.5792596042413,69.69767650083419
0,-0.08,0.5820744592285322,66.39821695417541,70.5173248222888,64.27879738892935,68.11025086375085,67.47119078869753,63.20177119214129,74.2623546295994,70.59879956487337
0,-0.08,0.5782753020523641,68.18989810706987,66.19078016553388,63.83016947104607,71.39091419602742,66.48758647299418,67.57630189921298,67.30259883397488,62.55375324664799
0,-0.08,0.5744805322307159,66.35063316133044,62.01494480466698,65.9999499627441,66.81524204501406,72.30160970556858,62.14506863870923,61.81483874300116,70.61299114939428
0,-0.08,0.5706896763157556,70.28468885051342,68.91121527760598,68.47164081880756,64.88151539515185,62.556838743745125,66.0893010212367,73.08075329936943,65.54460220183114
0,-0.08,0.566902057180655,64.750919879087,66.21954230714437,64.5726883155095,66.30722748755389,64.18913720128297,65.86022350921483,66.56716252188913,63.98366709505021
0,-0.08,0.5631168352122697,56.04013993878939,60.28616640808438,68.48645796835247,68.84542451274301,72.5850702327351,65.7588116235546,67.20232550090655,68.98343024477518
0,-0.08,0.5593330592076476,65.92279483674892,68.01392528032528,64.56641170582348,65.20804192663596,60.26913213765639,66.60774814762173,66.29876894835951,69.86473606634391
0,-0.08,0.5555497239112432,66.81441352740174,67.1660068130048,66.47256013757017,70.60604390493864,67.266608811245,70.49167851205046,71.53618867996514,65.97195720367596
0,-0.08,0.551765830740165,62.888644290863965,68.9133121044067,62.43664014527368,66.9759634538953,73.53305881933179,65.27664940295952,65.24689320808072,66.70949362864667
0,-0.08,0.5479804480651689,65.65242234563254,69.1577734183396,69.22336880917481,70.00564979113065,63.04324338436628,66.4465200744369,60.59430367642784,68.86197520385431
0,-0.08,0.5441927674538167,71.88873339506542,69.95192568477297,66.58534208875723,68.6158682402502,68.4490248721964,71.35472892087458,63.26580766522301,68.3140898539537
0,-0.08,0.5404021525342435,68.42830129232395,70.84382649777997,64.48718663687526,66.05629220088032,73.200998001422,73.4299051732841,73.13561501303165,66.61595381777066
0,-0.08,0.5366081775858013,70.7807719691668,62.13351569135825,72.8183925414157,66.65736141975448,63.86288606228752,67.85723649062592,64.0398929194582,67.61961380455442
0,-0.08,0.5328106535781441,70.006954306222,67.73048783629442,68.15776782378211,65.96393109929244,70.36882710292107,61.92860047808459,67.62549500479334,67.66680448917668
0,-0.08,0.529100136265491,66.55500137205657,62.97311395544433,63.588308846491856,63.07754029908079,65.65474806916075,71.17500416556133,69.01249930940635,62.9870278424167
0,-0.08,0.5273747774535981,72.34962823577574,64.5676120776512,62.211992242351556,64.22947090942628,72.57438622678788,62.20783061996258,65.33782222576151,66.13872962921673
0,-0.08,0.5257314177508139,67.79810657074057,66.61876893506333,66.91015331267134,61.74260881744181,67.59461123465786,65.18314707373398,67.53025432487753,66.30095975930054
0,-0.08,0.5208305437397542,64.87753800770832,72.09552765314359,71.01837940404569,72.88452825625014,69.8874045787353,63.512438087583156,69.69795496598084,67.38773075244902
0,-0.08,0.5175517325557921,65.91702002862529,66.74883115153493,61.70091804096494,68.65342302564778,65.47135477858022,70.1471599769043,68.76710640383187,67.52466663926971
0,-0.08,0.5142678062335003,68.03732331413005,67.6873859493333,70.11259048752144,67.72291276965913,72.41331077559587,62.61545651092826,62.960285037141055,62.426239757934205
0,-0.08,0.5103701260811121,66.83734791449064,67.9588859575696,69.54158653313635,69.58583922334667,68.27880018015557,71.83593717888759,72.73885837926154,63.231204899135676
0,-0.08,0.5064433134957717,63.5840540730814,65.6160955226796,63.484075642559944,67.3099016510328,66.27642556635374,70.85553416775758,64.42375122775488,69.358662041689
0,-0.08,0.5024952596205225,63.57081141054887,65.73705352181118,69.98781292773796,67.5283492694727,64.77859284172523,71.4535750814029,64.00757288540507,65.01578267851926
0,-0.08,0.49853508113780176,69.17434360538417,69.57447701784024,67.25164746898416,67.79704210985184,69.6379960987673,65.79015690470656,65.94402002366058,69.83770993714184
0,-0.08,0.49457258159745304,66.90141340971621,75.02316911994659,66.12150705191148,68.96134403421246,63.78937078999011,68.22014917862191,72.86257150452302,64.13594070698393
0,-0.08,0.4907785913096253,94.74645013735451,65.56591919262274,66.40053507428198,64.33711411401114,67.46987019092876,65.10669740755075,68.1486467867301,99.71736230748944
0,-0.08,0.48699176794869253,112.71178652589546,70.63936769173291,68.78044146409744,63.65408690917028,67.2986589924579,71.60309568500635,71.5453344717571,132.88083227804387
0,-0.08,0.48321119781459665,153.13365251527514,66.25224455216268,66.82804922124677,67.89129531454505,60.263626425045295,69.28067509462126,65.97704167387185,176.18635941299613
0,-0.08,0.47943545004651683,250.01034149959415,66.29420284994025,64.13952494293156,65.71441280979961,69.94495455711397,69.93692026286158,86.04415480543813,292.9129937122985
0,-0.08,0.47566271138365845,539.3219411240975,92.86202349108707,65.54522791181793,71.9592646743014,66.22199460726121,62.04575795040406,127.08875119905393,835.0104878905981
0,-0.08,0.4774794477795425,352.6799627631155,66.4737950577017,69.91810118252445,61.783454259324834,66.83664936555799,70.38979396173936,110.21814182366938,396.85443909601474
0,-0.08,0.48056387268071804,242.06311273634472,63.958903215318415,62.611610525350926,68.33352477525604,66.74565089876072,66.70013235905306,79.1687319940233,275.53502746676475
0,-0.08,0.4792083557376792,284.43645876689584,61.65177909167283,72.45186786718321,70.78448939233878,68.46222207765857,65.68017990232393,97.50263254859249,324.9797454291952
0,-0.08,0.478906142295071,279.23698220911564,70.15044902701308,63.40679988803009,71.42803410187017,64.62082980446749,68.31073259202017,100.27746105031397,338.43140415955236
0,-0.08,0.47866361943807595,308.2926584193039,66.3931722876956,72.14432570114653,65.78151939292057,67.86547113121941,66.89173999164284,105.06148693874003,353.8815495407506
0,-0.08,0.4784647768811935,308.6335746493323,76.15737871513099,66.99725816038271,69.40043408271163,64.45335991213334,69.14668934120338,103.33577661081911,349.55693663056377
0,-0.08,0.4783010634601828,312.6700832025542,68.78681730669106,67.95049530640256,61.63405761453513,64.58999322362239,60.020152810568256,98.40266378362388,360.6752532871532
0,-0.08,0.4781655732366119,312.3888787030399,65.2596807815099,66.3760639683853,68.99969120802636,68.36522168697192,64.35946861984742,105.13795467817543,363.6007769329179
0,-0.08,0.4780526942659413,320.7968572394628,62.51830385600075,68.3397637129793,69.02246350332489,67.26059397268229,68.59217917288987,104.31767634378429,360.39315297310526
0,-0.08,0.477957845567643,319.7951653008183,63.0344961586521,71.67989139770681,69.28539657866821,63.03229681670335,67.9017549550281,106.47425240805221,370.47431274094504
0,-0.08,0.4778772757094535,317.72682272588344,68.43814771862935,62.20498839120112,63.60761010672597,65.12944072149243,69.16172014630767,105.97470304920832,356.31097448526094
0,-0.08,0.47780791661541605,323.7712054330231,69.42680472391346,68.67373688487254,66.2997298170018,65.17655884056055,70.12265566001005,105.62530972689832,367.03989772062295
0,-0.08,0.47774728607167294,328.7375845697257,67.18868701677539,61.68686096068594,67.9883793170188,70.03918028735305,62.14385250809675,106.62494786718915,373.5389522693534
0,-0.08,0.47769339344929707,327.20994640829724,65.94253448535245,71.38264881909252,68.93903085657045,62.88890627026615,67.81874550893257,108.72484044900408,372.25079515941053
0,-0.08,0.4776446755469033,330.8582634096821,60.54897725818965,63.82680191512922,63.32603615698401,68.63043458561225,64.98897068687575,105.89582399110684,366.2643420117611
0,-0.08,0.4775999303879277,319.46099107295834,66.2714036424839,71.92281369460298,67.09981058136069,70.90478571840553,62.7537080737709,111.03753217298357,369.5193165285334
0,-0.08,0.477558250966712,325.4245304946357,64.95387920073803,65.9912656092279,68.34400341014656,71.10463364309108,66.39165282230022,104.45923494610066,367.8184631305731
0,-0.08,0.47751896227428464,319.90997024610874,65.64431313375023,65.28856751787956,65.86191150277136,64.32585234197343,63.110515885707855,110.46845639129013,378.3935353547758
0,-0.08,0.47748156572311135,321.26514204009646,68.40867056530458,67.07384006862183,64.59488185311996,67.41135604434625,66.79898048042561,103.95895564632453,366.3119425688132
0,-0.08,0.47744569338282594,338.4643150959095,67.97949685081498,69.3810085234815,65.24006636112969,65.580407674495,65.91028175290897,103.88084618260498,375.548262797579
0,-0.08,0.47741107233205576,328.79297024851576,62.20213842300338,68.11854123663637,75.47944556634319,65.254746296515,68.6349238946956,106.95725025224223,369.7126206854412
0,-0.08,0.47737749801036794,328.80115400512176,58.41490007450791,71.70084641514005,64.354043656416,66.21314038330607,72.05683314974262,106.32275694567036,375.0281363369253
0,-0.08,0.47734481486177366,334.59860423491045,69.40078028765815,69.06728176234637,63.81641148362959,66.95455475840906,65.77244155266506,110.11925811379358,375.22699062865036
0,-0.08,0.4773129025345786,330.7607540393314,72.91003167965525,67.91318905717999,69.44871631427038,62.73985472852674,63.80593201524207,103.11148140853817,383.1353101255489
0,-0.08,0.4772816661480712,326.5658206021941,66.67577998106124,68.26011828231916,60.98531610124582,63.037941342621174,66.93537435035388,109.43599292064991,382.45288636123814
0,-0.08,0.47725133437746575,329.78021012472163,69.02884305527392,60.50671073861539,68.8156808852113,66.99613788478227,64.62630665234293,108.85861128489915,378.57483859271775
0,-0.08,0.4772222928249511,329.1842530917576,65.7829610453733,66.40690139179199,63.059642909964175,67.32329192673933,67.91730482450085,108.60468638560482,385.30938696632046
0,-0.08,0.47719429583487794,328.3671097987993,66.48614274803766,69.3844075606717,66.72016687371115,63.46043333501367,67.6297353245563,107.12158256996557,371.46804821572505
0,-0.08,0.47716714616833406,323.75396659910797,67.195059374961,63.85129420383466,67.769719355073,68.76361846539113,69.09709803867179,106.17812756506243,383.8669594136658
0,-0.08,0.47714068595544623,336.41529321382035,66.99855136408003,68.09802406730537,62.86383757424122,65.30909259543061,61.65366545666598,104.79444745466218,379.28235586116966
0,-0.08,0.4771147888529728,334.12623570883756,70.939624083523,72.46575525362988,68.93826549889353,69.85973586216855,72.91541796336126,104.10699609974282,378.88210213754195
0,-0.08,0.4770893537509672,322.9739903198809,61.88023882886013,68.28492113597852,70.6774931830965,64.20275200459413,68.21227715254079,109.00417500286915,379.6751170898239
0,-0.08,0.47706429973449566,332.3540593235199,61.71823528504509,71.41932732907611,64.71638607579847,65.51280151337649,65.18104955872985,107.3198424173523,382.9150750208288
0,-0.08,0.47703956205065,318.4568203081335,68.62391707435754,67.68625656544921,66.55428680376598,64.93772816585712,72.38759603527578,107.15329377641969,381.13593428615593
0,-0.08,0.47701508888039923,332.99836590115876,62.35678883522143,68.17238641798262,68.43545290372214,66.89635241536838,62.64423160391871,108.22040703938461,373.423856305903
0,-0.08,0.47699083875478626,330.3106278796863,63.46154097361381,70.23215835824291,61.2659361357232,72.11010370028927,68.39779924688997,109.47585958191054,380.01616844697867
0,-0.08,0.4769667784869515,328.51655719109067,67.30704095222485,67.76400432714797,73.99664856195213,67.37564328512718,66.13561503047995,107.09766308040594,370.44342309183395
0,-0.08,0.47694288151708364,323.5581157280958,66.36893568022731,68.5941994817337,65.11124171261156,73.54089143120967,62.499889980473796,105.9478004105495,389.0030835053162
0,-0.08,0.47691912658791374,337.45833642247993,65.20172337319705,62.45397618446581,64.29190489244573,69.56975797088487,63.70397235289712,105.90701395215912,379.7934448851521
0,-0.08,0.4768954966847888,336.6396731555262,73.62912815647573,71.88466376663838,68.57919752223015,69.69794316234031,64.27980655267407,108.09983408498084,371.27437094799023
0,-0.08,0.47687197818751537,328.6155772194376,66.96254699522822,67.16524360330915,66.45655556258596,67.9040023526273,68.71487364401295,102.64962931053002,382.18087255234406
0,-0.08,0.47684856019169486,331.41303663210977,67.45708579252991,69.25831319091009,67.88678278362973,73.36607371037174,72.38109961114742,106.6864164296741,381.33171481982805
0,-0.08,0.47682523396570264,336.3230626834918,68.22012077313038,71.58357778077571,65.36194058720913,72.0056467874909,70.31944006620107,108.4837722017655,379.98067176638625
0,-0.08,0.4768019925162195,327.5154169491575,62.868494396033455,67.1797929120178,70.0354509638137,70.09265322378978,64.99473678350759,108.3066746480523,383.11184606975684
0,-0.08,0.4767788302406264,340.0099573932872,68.40115140216993,68.88148811556567,67.14952179909689,63.8374058848112,71.0972580614174,109.3844035673556,379.13838869058924
0,-0.08,0.4767557426489036,325.9643527727312,72.06989136774924,61.974514407014475,70.3618888880049,69.61149616645542,70.26030301752698,103.84179096453651,375.74410598599513
0,-0.08,0.476732726141141,334.90924798369485,73.63007027004329,70.19478581529565,65.39475048927879,64.96655689537813,67.00803369242036,103.29363603756298,371.67699348763716
0,-0.08,0.4767097778295478,335.73835238806225,68.14495954024773,68.96671440549704,62.88484874282912,71.80747902120913,69.28285075707552,104.28732609544402,379.7472020948473
0,-0.08,0.476686921505644,341.7565085988656,66.36488406326332,68.23657458012069,68.87972011500376,66.85502594833213,68.53166521067968,105.31858946491738,384.15205995198227
0,-0.08,0.47666412495283095,340.2397827678633,67.78745832659483,61.96824089343329,66.1668790698703,64.53034231027209,65.92750069543166,110.96113329985873,388.67076433428855
0,-0.08,0.4766413874522829,336.2998275323027,68.07963188108867,65.01826622914749,67.4905150479991,70.51582263313128,70.22367500975676,105.41602322234279,385.68119976566686
0,-0.08,0.4766187084607922,346.2407772520436,64.22088924606516,66.73278552698552,70.50573811642664,63.955966480107165,63.84554103921842,107.72802620913156,382.24947207493267
0,-0.08,0.47659608755970817,328.46969120141387,65.62960870098715,73.85760781060219,70.72136006776373,69.00759905183273,69.16406847234525,110.02288531364408,374.1451897294986
0,-0.08,0.4765735244241787,332.79670943761323,59.23828267069266,65.03035488186164,68.8517520263062,67.90573946364785,68.8273655503859,111.9683514643303,387.71151002287786
0,-0.08,0.4765510187994934,326.1331172146174,60.54066819755227,66.87043151679354,62.547586049634376,65.16427023162075,68.24141733436278,114.33424113598119,373.5745133417911
0,-0.08,0.4765285704830855,327.1846260050217,68.9012828751432,69.67831947414282,64.02232193397552,67.68885655376731,63.993117537049315,100.81220063670396,377.96876659841695
0,-0.08,0.4765061792975902,338.87133190325824,67.35650246200834,64.16432466559574,66.19732184323367,69.54330912746488,66.91591776034014,106.12007616331371,377.9204087974503
0,-0.08,0.4764838449941351,339.0755269816663,65.81688734033838,69.69099583610078,64.62543340370979,65.28159304906035,68.85848470433011,108.26525137935234,377.4057084694283
0,-0.08,0.4764615674847804,325.9873458248441,63.84459327581219,67.88489977160064,65.77557524518127,67.2733381863662,66.52209364152122,104.45153370832654,379.6266140474095
0,-0.08,0.4764393466920393,328.5231396220345,64.22414177613217,67.05648989804651,71.83924784439156,69.69969758844886,67.72904493354481,104.25461581655429,371.7967593368395
0,-0.08,0.47641718254601256,330.17142507296825,67.4866655272583,75.38188654429163,70.22768824271259,64.5494523920567,64.1619872346461,109.60529659257529,375.1481885892012
0,-0.08,0.47639507498243094,333.1442770702612,71.45974248925583,67.26602783750934,70.10905235360467,70.69257597706172,66.28712998491406,105.50992073582636,382.8041109478215
0,-0.08,0.4763730239413371,330.23174993550396,65.267157070866,71.19010948779133,70.22843857310419,58.641329122893744,57.44945273343225,107.26788058134979,366.95911568807463
0,-0.08,0.4763510293661862,326.33153983424336,70.27985511861449,71.26429381407179,71.1136593420377,67.95482616384459,62.756649640853,104.30553992557256,368.6491055415399
0,-0.08,0.4763290912032304,327.41011651447155,70.12106967909983,66.38770456159837,67.12554209035555,64.97580767460043,69.01682094662598,102.00833942561725,378.1449872087408
0,-0.08,0.4763072094010813,340.22675454163857,66.89246814833812,71.36054467830284,68.5791353025323,68.08720033007948,66.03856612081493,111.7599870583422,371.09549694969996
0,-0.08,0.47628538391037534,328.97583519366907,67.54939416993534,68.20716816618514,69.09705628159689,68.21349053680692,59.319592808798255,114.20535573378935,373.2254009826715
0,-0.08,0.4762636146835074,325.42273797384877,71.70765486961314,63.531025850902935,63.18005836086764,68.77475164898415,75.05149480229542,102.66628430765518,371.6783128880187
0,-0.08,0.47624190167439473,331.26816696121466,62.42766686197637,71.41007470531976,61.85321921658286,66.31858724015746,65.56583205403713,102.66750678489434,378.44454908047413
0,-0.08,0.476220244838269,332.7433306911159,64.51249466973445,62.89077911328699,72.26622819785956,67.85764707578453,68.5822000231136,102.87795250489374,379.87844847000787
0,-0.08,0.4761986441314757,328.2858387109255,66.3781700035672,66.55694741677742,65.56559081806921,75.03646721235016,66.30779428601387,104.10465130510202,363.8960964459032
0,-0.08,0.4761770995112964,339.3150384123381,67.7100008368278,71.30134848191422,60.41098338485347,66.58649283159293,71.6013143442299,106.25696147239856,376.9084586842783
0,-0.08,0.476155610935777,332.9685341307518,67.49814003235907,64.65402460377932,62.30614487384112,70.138640954558,63.09610148467591,109.72690756179517,385.1127410049845
0,-0.08,0.476134178363576,333.2018076017372,61.554250494647675,57.25650440131183,64.26833480722098,66.18823720358475,67.69806388772302,109.4757244882924,395.34737227504826
0,-0.08,0.4761128017538262,337.49800559196115,72.94321067175196,66.66121029978164,69.46366602473314,65.55075599667494,69.9145348268758,109.25000314029747,370.488733093251
0,-0.08,0.47609148106601695,348.2349931746475,65.04210257640344,66.24274426612097,68.42027629940308,69.29295922166752,72.62520816683545,111.40756365793716,371.8860555183549
0,-0.08,0.4760702162598938,328.31038998048683,68.43766501963022,64.02112708752566,71.22275438865513,65.21910063718838,66.84650976273416,110.33502675851821,380.3357424428892
0,-0.08,0.47604900729537447,322.8096802033241,62.5138079693239,71.21462302187464,72.22479399536239,59.059175970495986,65.1302437128119,110.80307629275273,379.660193585039
0,-0.08,0.4760278541324819,341.2175495131502,65.44288722011251,66.15771461096328,69.19654703515104,63.95584264335556,67.47319696332663,113.6548488655629,375.65733750947817
0,-0.08,0.4760067567312938,335.59149992815446,68.19490532837102,71.74574599364706,63.082211666819724,68.78449697100855,67.44652508579215,106.25157069641055,380.5666261943393
0,-0.08,0.47598571505190096,328.4281241275185,66.76426936268412,68.63933476659189,66.49511325797562,62.033329738776594,68.51928586053866,110.70333148490127,366.63674204631457
0,-0.08,0.47596472905438164,328.6865577962391,67.21631733388577,62.65842138541059,65.64222209775977,67.6348142034202,65.45430510742547,109.80964321584047,370.52317683068947
0,-0.08,0.47594379869878106,337.98101048300583,65.2793202705628,63.73071200406202,67.32636384624422,77.10486947733705,73.78443952119082,108.34407146179674,382.1632691564802
0,-0.08,0.47592292394509883,328.9036446257166,63.68297724822528,71.17303256493885,63.57903954418991,62.324372613791354,66.9114807193304,107.48957271839333,375.4662538310104
0,-0.08,0.4759021047532825,337.7469495503182,59.591406991119236,64.41974387159077,67.91711566672319,65.61638510710952,62.53624663197571,115.4768780963054,376.4555981065159
0,-0.08,0.4758813410832239,331.1173829329704,69.58869395627859,68.65329537684387,70.57897501914077,64.46445118007107,63.810572131806325,109.79436981032862,382.0122510527743
0,-0.08,0.47586063289475733,339.82214871023,71.7844534797403,57.13444800623366,68.04597106160423,65.04402614496787,70.25547089275518,106.43532724275381,379.1472880655401
0,-0.08,0.4758399801476618,331.2239058732017,73.49102943248263,63.518147101079116,64.39106449953336,62.87384794017676,71.39020253474553,109.31620557507267,373.16243480405643
0,-0.08,0.4758193828016607,324.8609242248873,68.62077202639165,64.62547627092876,66.61019489670673,62.26134647094844,70.86300997681991,104.56432960448714,377.2812288170769
0,-0.08,0.47579884081642476,331.63562119400575,66.46364102546531,66.30710236371654,71.54988696834315,68.04615397585583,63.58021295226628,103.9790300554786,379.62348143381865
0,-0.08,0.47577835415157227,324.46944594999644,66.93141932709096,72.26762058152224,71.34578920755062,70.19636690437653,68.77746265172146,104.48907432591244,365.09240350451245
0,-0.08,0.4757579227666713,335.79226174739205,69.49486048586692,72.43291818617038,64.39736919604601,69.38680379848407,65.42946324815452,110.67000078570888,376.58320976399165
0,-0.08,0.4757375466212396,336.9749049362908,67.82569279094295,69.03650260020481,62.384049427721635,67.347313688838,63.41727355545077,106.20356626215295,377.6224101970012
0,-0.08,0.47571722567474595,326.01287480108607,66.42751812456916,62.313182935944084,68.96596754419699,67.56127630954887,71.34000970763775,106.77991635518397,378.2125423908555
0,-0.08,0.47569695988660865,327.4440377295501,62.467705469369605,70.10134782408949,65.46082007005424,67.94988224224069,64.22993808415396,107.30490510700828,380.74800946900416
0,-0.08,0.4756767492161966,334.16036807967816,64.59402065212728,65.40787052992465,68.9221330935902,69.69565134311095,67.58909961294573,111.61598157907439,378.58834168043154
0,-0.08,0.4756565936228267,322.18745195992597,66.50264935028535,67.64469350279951,67.94164728865847,66.73824635015647,71.61568016333442,108.28624125220213,374.5195302503832
0,-0.08,0.4756364930657649,326.67909199364374,61.12638743312916,68.40271012009914,67.70253221984686,71.2171627009628,62.60512584177634,108.00173299779418,389.4646156520416
0,-0.08,0.4756164475042244,316.63105657623277,67.5008216050909,68.77105172083678,69.31087871611524,64.74877159554956,61.387091427827364,106.8240184628007,388.4653031033567
0,-0.08,0.47559645689736574,338.84616377477806,65.22074435494288,64.25477017690436,70.69577922928771,71.92090835504095,67.78043264765924,109.1695447160538,381.11250913601725
0,-0.08,0.47557652120429594,330.28820347229305,71.01773955141573,65.54983354658461,67.99647507320364,69.657568422948,64.29747886725704,103.65183426430403,381.3268657236172
0,-0.08,0.47555664038406853,324.0016647240739,69.44636576084903,69.75318188153264,61.199752066337524,62.78665471363279,72.98125126827844,109.4910477404464,364.23832282437024
0,-0.08,0.4755368143956824,337.26586800682634,65.51692567707859,73.33553824082428,65.39763520284282,66.79126585040596,70.68441598804583,106.63716432291992,381.96283851141396
0,-0.08,0.475517043198084,331.2509511012453,66.18671631645678,71.65123232289245,65.76063921767374,71.3164950938932,66.67795282911415,104.57026427493166,383.9536987695566
0,-0.08,0.475497326750166,340.8262827842927,72.62505738766059,68.62849383969557,66.87119354133901,68.08030429235068,67.343239990532,107.19055845517707,375.74235358187934
0,-0.08,0.4754776650107679,342.0609691803726,66.23445211214379,62.38660436585142,70.80284546002657,64.61101929014484,69.77267629790917,103.76753720432652,367.11591028047764
0,-0.08,0.47545805793867796,332.40809773764045,64.89437403311612,64.72238904844282,70.47971999434819,61.51530596703764,74.1664433731067,105.02771375994377,376.52906368962726
0,-0.08,0.4754385054926341,334.2708203207199,64.35899775304671,67.29493734112728,65.35234915038575,62.86451013426253,71.13087330263613,109.39557139765502,376.30640815839337
0,-0.08,0.47541900763132405,331.2756742275424,70.78357833158468,68.05048008300017,66.04490848489475,64.45518785108295,60.877169113577835,107.47416297434381,377.81242942047265
0,-0.08,0.47539956431338803,330.22973089259114,67.69060936959994,68.5527847773654,65.84368468316121,63.77309871101356,69.05093368199108,107.96233697503907,368.9208143305216
0,-0.08,0.4753801754974189,319.692266958326,72.57602653185172,64.7687849273191,67.61053879294455,62.370784694837766,66.55701185854446,103.73437367841822,374.7037564499662
0,-0.08,0.47536084114196264,330.62455405421093,67.74412807206566,69.03603426820253,73.14044601038852,60.957595807521145,67.63188047014151,107.07527668791562,379.9291571557215
0,-0.08,0.4753415612055217,339.98393863319853,71.68331382496999,72.39702576749677,72.0263353946636,64.95857593866201,70.52352994830574,104.90760305659752,371.31291038138306
0,-0.08,0.4753223356465539,341.4815677836383,59.852006244734255,70.69150228095106,65.71168534027005,63.84183957648951,69.71387764837057,107.12580128541548,384.0280256437508
0,-0.08,0.4753031644234741,329.0144085494177,64.89279994189079,66.16715111302324,68.93207545315272,67.07785597631404,67.13998353488944,104.32142976619724,373.9219848800212
0,-0.08,0.47528404749465475,331.91882097199596,69.89907886873308,68.43702302959387,67.72086743019103,63.89016655737958,69.04819495444649,107.48248911130008,372.542921567086
0,-0.08,0.47526498481842655,332.29588575169856,69.53264148932482,67.70646808958337,68.01638635977517,68.86624012377216,66.67808453344574,107.48617433178181,382.0900818438927
0,-0.08,0.4752459763530777,327.47312746977997,64.88490384891463,62.621007800271165,67.69488271009148,68.54686938515485,68.3186847688892,105.72712346344676,382.72311525316996
0,-0.08,0.47522702205685485,343.8457743396255,66.68226505235775,66.14115089182455,62.987120600504944,70.19263723284288,66.07473819725148,108.1664781025509,380.3501206055991
0,-0.08,0.4752081218879619,334.29167950798467,62.07668637997586,63.75302994714526,63.461509024502746,67.30169222749221,67.26031522610458,106.54108721033398,382.4250832537848
0,-0.08,0.47518927580456044,332.15054395582223,66.51263306638583,72.33134500652892,68.48680537687864,66.45703200813888,66.0700845456348,110.42231654245116,379.9963078528207
0,-0.08,0.4751704837647677,320.52867260700657,63.700132019258696,65.71564295415423,62.905612342507254,64.5740921763083,67.5403277591416,106.93165173633625,369.9998801319164
0,-0.08,0.47515174572665647,313.0871769180389,70.81345354579445,69.73430401276244,66.95792409985742,69.29565498583995,63.026014113094604,104.23011929498145,371.0238487699142
0,-0.08,0.47513306164825464,335.62895855035896,65.94800200747804,63.69975873574046,64.02032165792792,66.61691067335296,68.77533415115617,104.19373443894995,383.20583452336274
0,-0.08,0.47511443148754234,336.94666834585473,59.632071486410034,64.21123619353584,66.94249816124189,67.87429026003022,61.439730445126195,102.76796290073115,370.0577247222727
0,-0.08,0.475095855202452,342.11578428462553,66.75356776926375,71.21392474610275,69.65319653890766,67.42770280526366,64.7410944143244,103.58880645357227,369.9351635993239
0,-0.08,0.47507733275086705,340.2095438091313,67.21559458221066,72.46687454346697,68.23001125531236,67.44156448536462,67.29269098633138,103.09014734393557,378.4374399312208
0,-0.08,0.4750588640906203,337.3752554555612,66.5412779628952,64.4338190744729,67.22243388255592,66.03854039416815,69.8442536968412,103.32738992582424,389.27759800153524
0,-0.08,0.4750404491794936,335.0467890516104,65.74693029758521,66.43970967916313,70.24717117264915,77.5291965764867,66.84555104471914,106.35388510206221,386.0548656343614
0,-0.08,0.4750220879752158,332.43508105827544,66.24521519921291,68.65036270327224,73.3539527508487,70.10196443045827,61.76941912796509,103.23221959256679,371.62059000552597
0,-0.08,0.475003780435463,328.90154458562694,66.75716746473285,68.07823253123274,65.80806730344486,67.35788159655966,66.80797416360899,109.30493633158957,373.79693318188066
0,-0.08,0.47498552651785664,330.8272243909592,64.24096068558967,74.97362831038127,60.51462079337807,65.2871428172911,67.21874316249381,106.53146404113134,385.2725134789091
0,-0.08,0.4749673261799649,326.48798472795403,63.349731552228604,63.47070262339795,69.35253158088916,65.52390452349248,67.13608479903316,103.29788177547829,376.18082267412797
0,-0.08,0.47494917937930053,337.72331572154707,71.78085113978305,69.47515290463676,66.37048883283167,66.53148481262616,62.53212357766465,104.68591034786206,371.3986014002326
0,-0.08,0.47493108607332174,340.5195506571832,68.94607973976092,69.66113613138019,66.11394829297484,66.49801554767875,66.50702390384318,105.27844618794433,377.3327680502757
0,-0.08,0.4749130462194336,348.59159953152295,65.01631994228184,59.75792720982681,66.06935269191831,62.59886931628647,66.57544220997016,109.50401480713923,367.0696711222565
0,-0.08,0.4748950597749859,337.2973033262859,66.6442467774308,67.15184628166182,69.90099361179625,65.32844967908088,62.55188530860847,109.33099374569618,377.46524591804655
0,-0.08,0.47487712669727633,325.31039682533026,69.3235271831995,66.59473842741545,65.26303527946034,63.25998525926726,64.15754346151529,105.74177439721315,382.2019901270699
0,-0.08,0.4748592469435495,335.49475041732745,68.56654253210948,64.52060918438109,69.58765520106687,69.69394239858305,60.17377780922359,106.76694532336911,378.3974411326003
0,-0.08,0.4748414204709987,336.7653314217926,65.9288346282093,69.3495350480016,70.84572528034906,71.56592265076922,66.86392763324608,105.07281357599133,376.82829735510984
0,-0.08,0.4748236472367678,338.366274147771,68.23793879449417,60.6440945000759,63.06784473578198,65.5449040143343,67.11042106352528,111.92556782052174,374.6839434279155
0,-0.08,0.47480592719795023,333.33384852835275,65.59762247360855,68.81481099360651,66.87721450879535,68.25810911863664,70.35252089155098,111.14470288536276,382.413408237972
0,-0.08,0.47478826031159216,335.6460300078699,67.11742779386817,66.79710750269379,66.64428853848462,71.323655183653,62.22308385000601,106.44483614490915,372.975986644984
0,-0.08,0.4747706465346924,321.9677012383022,61.95466423703797,62.03348826073694,64.3818149271295,71.14440905242391,65.39612162928087,105.83759562482506,382.7849984218999
0,-0.08,0.47475308582420456,336.05442910870306,72.75913263512561,62.76250686217595,69.38440887844966,64.8757031153218,68.77711843574495,107.91801214696976,372.96305263812627
0,-0.08,0.47473557813703665,327.2462109399188,75.16501657919032,67.54625702595133,69.01206882070096,69.81034143270095,65.87588276082548,104.34602530555766,368.23020251393467
0,-0.08,0.47471812343005293,331.59230078954494,68.76463381068994,65.7117874809347,66.72562265658476,69.51961697791646,66.75346550309298,105.7223565113204,365.880867768731
0,-0.08,0.47470072166007365,336.02731477362664,68.20043189980717,64.93705249679188,63.12959051070692,64.53191395388258,67.4036993725985,107.36518433018203,375.89670614793596
0,-0.08,0.4746833727838774,326.7096765289844,65.54795358236417,60.84623884720566,67.632623780755,66.92713514415993,71.8204597509313,107.19673879661669,372.7867214449222
0,-0.08,0.47466607675819805,348.44235440055854,68.83752285686003,66.74703561894033,62.685609423945344,65.83883268068622,64.09355204138244,111.80796923263757,378.6128664862552
0,-0.08,0.47464883353972837,324.7040125178468,60.95642331374782,67.9144845662777,61.40375330437073,65.43362698983411,69.98557772717105,103.8073220340676,378.2674666703146
0,-0.08,0.47463164308511757,338.8711089044011,64.05114789309683,67.82582985010954,64.48059564786196,72.35912691596937,68.96655886555108,103.45815884512427,368.22610607223703
0,-0.08,0.47461450535097177,331.86573813210435,69.40657296463237,73.26828354482222,69.54350168737074,72.3165082203153,72.82616724226811,105.33994710708618,387.97436310545
0,-0.08,0.4745974202938534,333.48372025441023,70.718553702188,64.32907384148588,65.58089030347682,64.2266106035897,71.83240394166316,107.19653235911977,371.1011954677023
0,-0.08,0.4745803878702797,333.1898905487587,71.99800959224845,71.20871104272896,62.54353705597934,71.44067998267353,69.7785650639778,110.9747932394986,383.1141209800906
0,-0.08,0.4745634080367221,327.9273770738449,63.13846209620492,69.91365664996724,63.77395882347855,72.05954803524148,70.53556955002146,107.39647184971508,375.62247334241084
0,-0.08,0.4745464807496063,332.87275297793707,60.45848325446004,63.11681755319321,66.15111191428277,67.26128768641631,61.97120042349389,104.5997145570397,372.3133007965172
0,-0.08,0.47452960596531024,326.28959621079775,67.6811983106116,66.42985795867162,72.22491023211676,71.17214521870342,71.04642270691353,103.217420864943,375.569743119051
0,-0.08,0.4745127836401623,342.05876245873674,69.39174241094223,67.06166065652495,67.29828221219711,64.97074559564587,63.972598516990374,104.2538585737528,372.3997556304536
0,-0.08,0.4744960137304422,328.6894464337585,63.68078033210595,68.79787806323257,63.590433278457525,68.46523030303683,70.13121176670629,107.37257779173004,372.63468562747363
0,-0.08,0.4744792961923776,335.1536340650406,70.33309626819552,66.20907340232628,67.4251032538489,67.77478836561376,66.89479334241375,109.68138870624517,369.5392464801125
0,-0.08,0.47446263098214525,332.5302691811364,65.01119922899828,72.84845961061556,65.36905588867722,72.49990849336136,69.05076193162098,103.62144171232327,382.8805978841803
0,-0.08,0.4744460180558682,335.5592543530951,66.32621234186561,71.96638298665029,66.1777376743764,66.54426995556636,65.9320894330751,106.11545721050993,390.84683067019625
0,-0.08,0.4744294573696166,340.02110579186376,63.446315431179876,69.81692142452118,69.53018392125367,68.02840467479697,72.59412743003567,105.04548813151165,371.8590387874124
0,-0.08,0.4744129488794064,326.10381015326226,65.47835634458735,65.81328605621897,62.87327122504379,67.73972837583521,69.75448232056674,112.4910677738725,388.98729008567216
0,-0.08,0.4743964925411996,337.44979739468795,68.70996893594773,64.0564102581352,75.01994707520669,71.24499457744338,66.79317203939154,103.21680932882454,373.8127722149934
0,-0.08,0.4743800883109036,327.1022646967638,64.6208679042091,69.39610643438097,68.16684543704079,59.62494653441078,65.5279750798555,103.08557197629067,384.448056696082
0,-0.08,0.4743637361443717,338.35318474928755,68.22224018600753,67.25603198600568,65.20985067147045,67.57241633996544,70.01782791310995,114.40120354141659,379.56343193253014
0,-0.08,0.4743474359974031,336.1076040041497,64.96257272846093,65.71962388724492,66.20149944011759,68.25983166016412,65.33190347890284,107.0352929281987,369.8030942927181
0,-0.08,0.4743311878257436,345.1474191354554,69.71632119026002,62.54943954370064,70.85464143664183,66.07091000422831,70.04554137405174,105.76178771661726,376.79221894581735
0,-0.08,0.47431499158508644,334.1601062190593,60.60045199743664,67.78203825688516,71.45819796837593,72.0665006924158,66.93220734185266,112.51854603764859,380.866603968067
0,-0.08,0.4742988472310725,329.12825377834395,63.317099559433444,65.88448131961962,67.33023658232284,66.56108856126106,63.2803114252651,105.68562758584793,378.6741842003167
0,-0.08,0.4742827547192919,342.85479591789766,68.43857634428159,68.32112680099482,71.35350418058525,63.95146282712656,67.21264306604554,103.05500968574056,373.16531276245024
0,-0.08,0.47426671400528364,334.36832947437017,63.878507401790245,73.17424375016596,65.80791115370556,64.3139370924998,65.63137259296477,106.37055145617379,370.67826311107854
0,-0.08,0.474250725044539,326.97597752426344,64.63918103168571,68.4471528538431,69.54047834664904,65.179014788835,62.740322904367105,112.21826388924654,376.5324062174894
0,-0.08,0.4742347877925006,335.6157032622784,65.89462101032683,71.9557069825651,64.87183973852828,70.57541328662884,67.53125302250173,107.62239006196367,371.2397315529099
0,-0.08,0.4742189022045648,334.33374017549846,70.34317239802729,67.06327253521984,63.990115796838666,66.79441964876342,68.00403822569177,113.56324839000354,378.8014909103049
0,-0.08,0.4742030682360803,331.5991143188368,68.43983992643822,67.03555919997486,65.59668398077213,65.5941107829492,73.89504966282311,112.43972464377771,369.8186845986316
0,-0.08,0.4741872858423519,331.6543593512763,64.13857317669753,65.20051926744507,68.76791592580265,68.28708624772653,70.38350009680337,108.43542723488582,371.0217944940332
0,-0.08,0.47417155497863905,323.9029776627305,66.88499644569642,64.18570569966809,69.05248175429378,66.38281024177269,67.40570843725592,107.47343853124293,370.24916044132686
0,-0.08,0.47415587560015765,332.8090714362102,70.34392512325938,75.23957493950948,65.77351763817515,62.828058820861614,63.48123784555543,109.2077828228513,372.35939560681214
0,-0.08,0.4741402476620792,338.1546894679277,68.29403467089487,68.42526194864867,61.221161357301,63.724878619660714,66.12200593850106,103.10054092705357,375.4339323276772
0,-0.08,0.4741246711195324,329.4914294060083,66.32511986217793,67.92552267435063,77.5990889955164,69.6301998563355,66.14591645328143,104.60491517884243,371.13682598188814
0,-0.08,0.4741091459276014,331.31687762100137,66.27665255331041,67.34022840277879,66.26687450867689,66.55922004775934,63.30891235928275,104.23847950156579,377.44549972946686
0,-0.08,0.47409367204132696,330.9973479551725,70.50454069665065,67.32453458493391,73.26188086967656,69.02375246306892,62.57591004271099,107.29922321988779,381.1203186508736
0,-0.08,0.4740782494157046,338.0863122849703,65.79740292585824,66.0611518896014,67.79839303890418,66.26998950379394,69.19492397012328,113.23263941980532,380.85148858806235
0,-0.08,0.47406287800568603,338.39897643292323,66.4087878112241,68.73440151028059,67.61480049783368,71.51615777483553,64.67616061555555,101.92907420960829,377.16667789702876
0,-0.08,0.4740475577661768,337.0643942390806,65.14347628241784,73.5132598068982,71.58967041011917,65.05694961312489,74.29793657720364,105.11920192794753,377.59871025951566
0,-0.08,0.4740322886520352,333.13056017539867,68.60363833387305,70.60060203930827,71.99111423117847,66.09787487644107,67.56728057455574,113.72541413323461,379.2318414200525
1,0.0,0.6443575040507818,66.13948831340156,64.97661599197572,68.05515966606774,69.74798650372624,70.57860088631013,64.2766376365983,64.01661244019093,67.59669142476987
1,0.0,0.6391352877238581,68.24797943142971,73.46651399085437,71.63147895088412,70.1844924515055,65.33528022011879,68.22938088324716,72.5656747120055,64.55540959883986
1,0.0,0.6337606468513719,72.72810192657457,72.46792013561624,66.23557406285605,65.88024750057204,72.72059932810296,67.3646733021263,67.89061620831922,70.3492031021673
1,0.0,0.6283526542514556,60.18526378741432,70.2192755053517,63.644656263566915,69.67265696427982,73.78387740413191,64.47782246550592,69.42460685868413,70.85789245158306
1,0.0,0.6253056388833369,68.99572051542386,62.250228899776786,71.45725101564346,66.15507095869602,66.26261070912007,67.99595785534297,61.415438647872335,69.99997166146699
1,0.0,0.6222806586095385,67.25076472756412,69.14414985106838,69.89476262903153,71.23639350687867,66.06354502573309,70.43503972092022,67.64427135859303,66.66728903174959
1,0.0,0.6180624179346247,65.01326887505009,65.61590636277558,61.28929772035272,65.6855474645729,62.540531841728786,69.27749887409006,64.22852383772616,70.79385137014839
1,0.0,0.6138437062969604,65.38040023839685,71.60113644541914,67.89232349110365,68.6765258051155,66.47836728250924,66.43891635317271,67.33591240400592,63.02288054956819
1,0.0,0.6100804372881266,66.17705998364737,70.11546341866267,67.20611626694873,68.85881994942723,69.17334581646584,64.53728922703212,65.96896763718618,66.50199152571923
1,0.0,0.6063369686938744,60.014195151013794,69.47494554311963,73.41068307427214,69.25906760838492,72.3863386184937,64.7015016772624,66.36850846940959,66.73884873522049
1,0.0,0.6026084092181107,67.37234078879757,67.13317300882687,65.21317607263123,69.14160824648009,71.29921680954978,57.47874549231854,66.59876056538933,66.0438875411231
1,0.0,0.5988889563414409,66.18693826174223,69.7095369376031,64.18265149355311,66.56839934237802,67.2942872079845,66.06820661033456,64.7026382804091,71.39839643739897
1,0.0,0.5951722816294926,65.18909128079989,66.91657131096336,71.15983482856322,69.69966438188374,68.43309115532574,62.94165177352889,69.05283246551886,67.4621215502541
1,0.0,0.5913492458037346,70.98999269125869,66.23077423428632,63.82346620680777,69.49702626021212,72.17448633183292,64.97517554267988,66.19208154463023,62.7115357042595
1,0.0,0.5875224465834922,61.93574611227628,74.72037733680767,65.46877465542812,70.00461836364573,67.48132023747439,63.59489435516176,66.33639027745667,64.75696206076174
1,0.0,0.5836920216877107,61.62817235583312,69.26305495449941,62.455559849511374,69.79105065744406,75.38504900055814,70.98606217018218,67.86577853020675,65.75719353995053
1,0.0,0.5798583241233731,67.42896202997363,66.11335093491341,67.59660945271973,64.9732869911104,69.60285487513978,67.20928501297381,65.69291682788592,67.81415796535893
1,0.0,0.5760219143074785,67.2059857031072,68.96363003976164,68.41821144175488,57.87979900559274,71.92647327674399,68.17858362269662,63.70811053452544,70.71065940113972
1,0.0,0.572183526835392,67.2282172773354,65.39959246932403,70.92357691715827,63.59435083237925,65.82052703909251,71.44951209213716,70.81210393836471,70.10022586911961
1,0.0,0.5683440268595105,65.72078316515055,67.27241958240263,64.90134790417531,65.69153859983729,68.39494275421974,70.57175777469675,73.21352760088266,66.35859772836609
1,0.0,0.5645043586920043,60.89549933782821,62.397624546951135,65.75025052005091,70.2195077282699,66.85417696291532,67.84459013342673,63.931310694264695,69.69009791974453
1,0.0,0.560665489684351,68.65596055458767,68.33501403666713,62.33595428812576,63.75942716639322,63.495248582678634,68.3336517440173,68.91260459409717,67.77110515079637
1,0.0,0.556828352724068,66.19189298868014,64.5066790101535,64.58771157910478,65.55535981379961,67.92872044447418,67.65005778172085,69.39444696472471,63.831984530233136
1,0.0,0.5529937907801532,64.95587851227296,67.53856498541442,64.85255740070977,69.57225644667605,65.47645965055109,66.82036970912618,69.5926715126939,65.96237479456273
1,0.0,0.5491625068151742,66.81760121832204,71.92692960749332,65.17199262759515,66.15161378472814,68.88864520778213,66.8941231951775,64.55842945085548,72.97849988871207
1,0.0,0.5453350220681139,70.23790397289243,64.94190870240541,71.43852534425186,67.15185783945981,64.0925862105811,63.51459953165129,71.01837299410852,71.93353618884885
1,0.0,0.5415116452150068,69.79944290846692,67.59909482059038,66.13988315718815,67.90038993985196,74.57398440631069,72.08872799340578,65.59829454879389,67.19992700647278
1,0.0,0.5376924542631272,66.19434490922633,67.70143848014787,70.52417365476603,69.56834475606797,67.53370612492313,70.27503552021335,70.04637426638222,69.29748278556018
1,0.0,0.5338772922683259,69.56644810654713,64.32146773390171,65.82432089408125,65.82089963344612,69.03728301635105,68.24203282234517,61.71944349065817,67.27030106905463
1,0.0,0.5300657771312209,71.04236834491758,68.07834437336284,64.71237846277499,66.12291360576945,63.82580045747121,69.19031676078617,64.374901970595,68.05977964349884
1,0.0,0.5262573248781118,66.70500039489447,65.71830550190876,64.73726180401304,71.95389932227305,63.081412774640256,70.45819775118935,68.30795011087004,62.85674199964585
1,0.0,0.5224511850196638,66.04537141616268,67.81978123334233,67.14000467353524,64.38451502687953,67.28565851478845,63.4139267566553,63.7060940491252,59.559454440836404
1,0.0,0.5186464858549525,64.78326723475547,68.9432651428268,62.35471840457285,62.890738250387436,69.17918607802385,66.14588777056815,66.82972071483528,65.45839401945294
1,0.0,0.5148422869948415,70.16352830342773,70.42179262399698,66.23257160075579,67.71324776251464,63.389607727854674,70.61890288858515,71.85234147895402,70.15449154509344
1,0.0,0.5110376359524373,64.84017586782143,75.24760720626253,69.51696717082355,68.97361620114678,65.22232982668709,65.15271360935367,66.27713521232131,68.0633409492056
1,0.0,0.5072316254140328,64.46706946516817,63.466933888577564,68.00479320101083,66.70027222512287,64.24627403745065,67.23645144085519,70.18857744481325,69.12756868779073
1,0.0,0.5034234477736861,63.84898849449715,64.86973625631956,69.458616010633,64.78628924349866,68.26924779488452,66.21628056049764,67.15027876428957,66.10321272394725
1,0.0,0.499612443687859,65.8440528919235,67.52690947409745,68.88641502322896,67.60942999720645,67.03676186568232,71.26219154885482,71.11405467723772,71.29291514812397
1,0.0,0.49579814177077486,71.39538704806183,68.4017279460492,66.95532074770139,61.641469077342435,69.0117950679851,64.29954664633462,66.93051363074764,71.0892455778984
1,0.0,0.49198028708290426,66.09902691941728,69.42651508506093,61.283282431022194,70.2584068656588,59.620705774105105,65.7943736163365,64.31351899829056,69.41415417409318
1,0.0,0.48815885673190335,67.28732118955946,67.42421081171463,65.06437216509553,65.6211770606323,63.776334305676315,67.74863070100179,65.4726348397878,72.86830798958646
1,0.0,0.4843340616681463,104.02653531118935,74.36492046710255,72.07930010824214,63.32106182284692,63.40837332877047,67.80748927655408,71.27776626859928,112.90835520165714
1,0.0,0.48050633457186237,125.01286392986222,62.71924919576413,66.62477096036214,70.1706476973677,66.42905648684207,68.4454732020294,67.63153124396703,130.97636585409455
1,0.0,0.47667630454948345,170.31563347725765,61.22766681792312,74.17741705136275,66.44832127660575,64.87977641016974,62.55160421150951,66.25206318357358,211.26074568088097
1,0.0,0.4728447601365793,318.29900799107276,66.15147156346379,65.83696479931804,66.8391163159323,64.6343643307805,65.90973465037236,103.83472600776783,355.3455271290969
1,0.0,0.4690126027990357,1025.0643621703703,105.09813341056757,64.01879598091755,66.1050046498892,62.19919340555021,65.17897261666418,152.81157475661502,1531.1629471271724
2,0.08,0.647640771583218,70.30142386211483,68.18370196966356,65.75278658426753,67.74262672027912,62.61591970822752,65.83538957978767,63.256290984660936,71.0509634313479
2,0.08,0.6459067359213589,64.23321265318742,60.75837697808453,66.53376409901716,64.72820920033713,77.0276429599868,68.05769744456403,65.11671473548996,69.89148746416072
2,0.08,0.6440055088698315,63.27488249877535,65.35165284402363,68.2676812567219,61.579458915978975,68.38351227954081,63.94030877235859,66.17725823665197,68.4902693212601
2,0.08,0.6419778374543559,65.09693514463197,69.14780237651237,67.30634876262857,65.25241684053208,67.18266652343348,72.90432762955525,71.00293272804875,73.45563462034804
2,0.08,0.637263853617281,61.22689448612101,68.1726078884549,64.08849456869017,70.75691549268998,69.52798162844542,69.16589858026235,71.34721008982409,68.75408567326956
2,0.08,0.632494783038167,63.51961804987103,66.46118990272831,69.6892980652847,62.65852673095681,66.55297045839346,68.50832147170043,70.57332393145302,69.36410088967172
2,0.08,0.6291622415018343,71.65737499607134,71.48670754465448,69.0124213177704,67.31856746282484,61.51044592976559,59.5366267284115,67.28664583304187,69.83887707484585
2,0.08,0.6253082849264516,69.009135085231,64.94059775786666,61.516844865797104,66.26040584655539,70.21845333429545,63.828963655144435,59.81605108052595,69.32323147865442
2,0.08,0.6214302424133837,68.73691439263881,71.90403067924248,71.46864692328367,69.86549142028966,61.676373957936384,69.15946708312093,68.62379575067757,65.08145667602373
2,0.08,0.6175339648283584,67.04381604469361,66.3647307492955,65.14283980635632,67.16404013263794,70.76533479448376,64.45988484661935,73.996522325167,68.14290956609649
2,0.08,0.6136265920184707,69.47574403468442,70.17497806658528,67.83381595983649,64.90633267167742,73.87261979379853,72.23793839943978,67.48459117987757,65.37366873839427
2,0.08,0.6098170846696797,61.47042851446661,70.36089768079488,66.67753299961052,69.8772981358842,69.2512555341779,65.62020635509352,63.525090581465264,63.149034839302026
2,0.08,0.606007966986335,67.16722029792962,63.73213298490582,69.85688424621537,67.36530871831924,65.90811796081931,65.09262464895437,63.02079719173144,69.07917473969647
2,0.08,0.60219891040424,67.83929027866937,71.64832602065209,68.27301749667714,72.25893068262934,72.72929450485059,59.74705989634507,70.44476330162384,70.72524628108138
2,0.08,0.5983911869919566,71.80596224745882,67.79830712793466,65.50275477865738,69.39934498774477,68.56040085269983,65.9043168231091,63.74828298047549,59.612813549882596
2,0.08,0.5945857199088334,63.58973076905156,67.18987309650157,66.84282882941824,64.12039549294444,68.24388951223922,63.88177350682567,67.44975913738516,61.08573967422953
2,0.08,0.5907830261207133,65.23961234646038,71.66175889271092,73.57981686409617,64.81156030305041,71.4541766447916,69.14066736729461,68.16281933412364,68.93692536163225
2,0.08,0.5869832709646574,71.2796827648095,77.72373874241887,65.33407239786403,69.2598991096137,64.1429513915996,70.6572421742221,66.54982092002025,62.62283691361019
2,0.08,0.5831863069502721,64.01827338579153,69.41704587321695,67.9226683667467,69.31019760834052,66.24824732856229,70.14387421765832,63.88419629538379,66.34463674571572
2,0.08,0.5793917153231364,76.4520794692991,67.1727334465919,68.49007216179817,67.86865720801977,59.86496305487354,60.38957698347733,69.56548051680367,67.23156990801569
2,0.08,0.5755988613009327,61.39611912302179,67.81325763354506,66.28217858093953,70.496729066114,69.41041013681188,63.716752574996846,68.81969808847388,68.80432417924223
2,0.08,0.571806958756912,65.64424778171204,68.78681094306303,64.4745837226967,65.21870969680262,66.89023820982763,73.35813332752518,61.38898495252954,61.225404480878645
2,0.08,0.5680151404898637,68.69009867902146,64.74196085139539,65.14384189857365,70.17218394985969,61.804202420724536,71.56448811727803,68.26425227299669,69.01648851462087
2,0.08,0.5642225291732196,64.1490720593813,65.60194639757765,69.0331223623033,66.47677398150141,63.60088652257491,68.58617229025525,60.34510671620087,57.991302378468426
2,0.08,0.560428309501715,71.0761455233342,65.3700717054325,68.63964209948811,68.4089173860934,68.44064732657806,67.90497783701501,62.786968628194444,66.39219396058537
2,0.08,0.5566317810137617,68.76175827176303,68.20592195008794,62.484048912092355,68.87285096887975,68.13027731042497,64.25672915562775,66.62818741138238,71.68315339820066
2,0.08,0.5528324096387922,64.04435210628398,71.86345724895453,63.33711569221254,67.53841625485897,71.68976341412964,69.05395863146235,66.98688614602352,65.19479155271087
2,0.08,0.5490298676597468,71.37526639705153,61.982141062233325,61.89061660150081,64.68530808858705,63.905244425982964,65.16925391341756,71.75960149479512,70.96797011392356
2,0.08,0.5452240565355833,69.82356648735554,69.31633590071576,61.310965440650165,64.74070430343939,68.17874957343571,65.96877051581254,67.36208691188403,67.27606230166361
2,0.08,0.5414151144028078,70.1862560840307,68.44163925888823,68.06705369789972,67.58367659864187,71.31031467776121,72.91640181809227,69.54576332352184,70.2937461854374
2,0.08,0.5376034083202796,67.19785582669002,61.03050696847763,67.87048248221362,65.62159986452461,72.85372242734418,64.11823505979267,62.0820776721094,68.53620699914386
2,0.08,0.5337895121405507,68.81963150652395,65.78327717465822,60.62460862391625,67.51625195550491,65.99441641139227,63.234899829394195,68.24017576340094,65.31480656815876
2,0.08,0.5299741716537438,65.66695025292874,72.46255145025951,67.09105883107212,70.79256073886503,68.258789548624,69.18708633549767,73.33220146522997,67.167863021706
2,0.08,0.5261582593201966,69.0479470658988,65.75659610980667,74.14533889677448,68.86062733307986,68.4610787980959,68.47354315097171,67.3198464663112,61.52974016570701
2,0.08,0.5223427214540326,70.94463303546299,65.81223815166491,64.3624414390962,67.61383536810375,69.80685437340054,69.33115973017985,64.96732590201759,72.06153461841255
2,0.08,0.5185285211122133,70.35710778254153,68.41901636672489,65.00110117940518,70.94788259811129,65.46510524937263,63.435380938880165,69.21875368410927,65.44687242680754
2,0.08,0.5147165801586412,69.05686628066508,73.52613533300044,66.75878941112967,65.83934057224077,71.01529230445216,66.08617463254774,76.06428749291356,66.0895696322484
2,0.08,0.5109077239948484,66.4152931670072,65.25957695532882,65.70305176445177,69.67188894732402,67.2171117503399,67.9967739043292,68.60750479914454,66.3306559040231
2,0.08,0.5071026322723665,64.3725385033014,68.0014076416267,63.67716619779262,66.3360664741143,69.72618193803729,66.76062779330371,62.04872637679058,60.070398879497326
2,0.08,0.5033900367188614,68.82553413321443,66.8890289566062,66.9116001153203,62.89609079185665,70.78173731597855,67.85092169306004,68.72369570046403,66.44262375777474
2,0.08,0.5018285208754081,64.7034709811035,63.014202282613574,67.39098091751754,66.98266791302356,57.77802181714276,65.60843284188783,67.42575504460049,64.5619361015127
2,0.08,0.500353825683034,64.39351141474698,61.886434293879205,70.76652657133998,70.47567203093526,59.68460753190638,68.65687687362426,68.26098778118,66.79392498335433
2,0.08,0.49537166558527507,66.57104935081531,65.31499575374349,65.66732504704652,63.556848146317634,69.71984439951918,71.85657034514792,62.17352543819809,66.19572473890777
2,0.08,0.4921383128946293,101.58167130359212,65.7814639598456,69.60303806692767,59.56018308798997,68.09245433218202,72.89220884900128,62.50768117085358,64.880677335568
2,0.08,0.48890004913742247,119.30269269746276,62.15743321942609,64.56960093973773,69.03394702871131,67.04468667790675,62.10672199549822,71.08592103617396,104.72093641065374
2,0.08,0.4849966829515841,156.68151445783025,65.80899662778018,65.62772073053475,66.85366138485949,68.99735726760674,71.02172405749386,64.21310853742017,131.8116031324842
2,0.08,0.48106255327553704,265.29571299005806,89.28312869850706,62.928139739682514,61.24178515475422,67.7669532784425,68.31447028174291,63.80485385203993,198.37018700599137
2,0.08,0.477106155822241,563.1780318680529,134.2743550553588,70.51862724754496,70.19751170899644,70.76816731747643,70.90153033638892,67.65601519576452,358.24562772376123
2,0.08,0.47899598524148074,360.11152244467274,110.39570868133899,62.522019011637,67.08380139308376,62.02663919472759,67.27035643765615,67.24382087073644,265.543467271815
2,0.08,0.4751861184468603,1523.8398774813697,161.81333350699344,66.49936132129406,64.5696216479637,63.64898172090342,67.16704783075141,78.48447324053429,582.4070851743036
