attempt,offset,distance_m,ps0,ps1,ps2,ps3,ps4,ps5,ps6,ps7
0,-0.12,0.8909233030027401,63.661986392768526,69.72902373751984,63.764686564764126,68.31835944115898,61.33395877391072,66.76852741590989,71.48557095442982,69.98390175304829
0,-0.12,0.8910802218739217,67.79212422639874,68.71471178911493,71.72911516248047,70.27284207699638,65.12323371561816,70.23625733432512,69.9682797330093,67.0684301241127
0,-0.12,0.8912197669589723,69.65102445933502,66.59716278911816,62.72145560694713,66.81719804950698,67.91515692747836,69.74630043932844,65.80231044871363,65.04791981242943
0,-0.12,0.8913413033630312,62.822918280007435,67.04181261225409,64.97159379863234,67.4289619275618,64.47864997406009,63.38677652571192,68.08024756492544,70.8050159716955
0,-0.12,0.8914454333288055,72.76020843703861,68.85290062479334,63.73115423201243,66.48059923421282,66.5327113795977,64.20646442918029,74.82776379635463,64.9405119371097
0,-0.12,0.8915305882699235,66.83767316804558,60.77796243616181,57.39907490458216,68.63013710310624,58.89512668185592,69.27001688675018,71.09819316326478,59.88680879021298
0,-0.12,0.8915964987324105,67.05578931199047,72.75844863056022,71.89432167303846,65.89048608150355,61.55329742905028,67.64144326000265,67.55304238632345,64.9923054327153
0,-0.12,0.8915195134959634,71.16212433205023,66.8273302930709,67.12673896939106,66.32599338023135,65.57367933306284,54.66788724248961,64.85075973104982,72.53495022642717
0,-0.12,0.8858149365662771,70.14256897284444,69.06712798467719,61.35353119302679,69.8331272980764,65.33383297651572,64.64161959475977,71.60147956838499,68.78820378143172
0,-0.12,0.8799708735702413,63.284387955928416,63.42266960946911,74.12034531958615,68.4568694730388,66.61464121437402,70.78224464206129,68.14640803173114,63.746205481911275
0,-0.12,0.8771873400160907,68.09786643640629,69.4194044118152,69.67955265263906,65.876334691924,73.48717565907434,65.62216648323336,66.45167333172259,66.56417159222529
0,-0.12,0.8728708069455859,68.15500764082111,66.60973873555463,60.3387528670366,64.81628776062458,67.73475469462775,66.99590158750681,67.1129761903214,73.45421843247843
0,-0.12,0.8685096692198214,66.61884897556057,68.6791909262602,62.182255119418606,61.45962502793987,67.8788553899973,72.35805931929366,67.5776076592859,68.48916154555997
0,-0.12,0.8647515711659363,69.8089163927495,65.16600472560347,66.02356361090541,71.23676795223558,65.37089541997756,70.9666572520742,70.7336362441394,69.76329198996213
0,-0.12,0.8609876208407311,67.51036077066911,67.67297929552656,69.29532875800695,62.06946648486711,66.30708791724884,68.28440776068838,71.3196517196158,65.36160816712817
0,-0.12,0.8572194091596912,72.05570758177198,73.65669671443409,67.12451686069434,63.063389288891486,63.23479131612567,62.727858419068184,67.62864513043988,63.58387453688988
0,-0.12,0.8534485238360616,61.20973534693474,66.10801796624938,69.33403643362249,67.37587211248999,65.98725132236257,69.81161686957132,70.83771848343014,67.34719874909506
0,-0.12,0.8496762662887295,62.09980496563806,67.02902438839966,63.97857443854257,62.7770968956903,67.2133859354629,69.30811227741329,67.90401761869366,67.00608341256661
0,-0.12,0.8459034983873597,67.68560293462238,68.84568910579472,67.93551449444392,68.93266534337046,60.30423657014282,66.03006092252974,66.10870635596162,64.65618201947163
0,-0.12,0.8421305796247762,63.67526268489749,66.65255882211127,65.77056237111917,69.24433567175825,65.75628917288054,69.95946624903753,66.85984260952141,70.41759489663002
0,-0.12,0.838357380438126,67.98643925551187,72.49250264138178,62.879301611515196,62.22424815227174,69.92697390725652,57.99336251098871,64.40344410122741,65.15718145869552
0,-0.12,0.8345833515188227,67.5216815757565,63.6217357561494,68.00210673660054,67.16666388645595,66.7193409479038,66.48074128735796,65.89950953293825,68.8061899604429
0,-0.12,0.8308075842307289,63.59491020911424,70.76433702472498,62.48480808713583,67.76150680946114,65.90611952637524,70.07303290827403,66.8569798510185,71.37169846118785
0,-0.12,0.8270087125629567,70.30293326684695,68.10968392290023,72.24533433367228,68.83517578254886,67.59186521978165,63.78834611737699,63.18959349112682,59.7798550276289
0,-0.12,0.8232071363788234,61.13992342024029,71.62685227003976,66.4682076704985,73.18001375996928,66.32879368162986,64.54200724186639,71.64057179342885,67.00692401750649
0,-0.12,0.8194030055708097,61.60455394270448,66.83039183891319,70.11542486395969,64.93063205367022,64.93473809872776,69.84891334879892,67.2797762737595,71.0005288591915
0,-0.12,0.8155965316492602,71.00232970353942,66.97532554235619,69.04923747046836,66.13298915438094,65.1814748731116,68.78600714611939,64.51813511627343,64.19443077571722
0,-0.12,0.8117880149347232,66.0489140725588,69.5200391717406,64.08473507772814,67.37941858184395,66.58705531443566,64.00172385323336,68.43477205938383,61.02928552364988
0,-0.12,0.8079778569062291,68.19446888992493,62.73852068767644,64.70579087942907,64.82585171743116,66.5962860543612,69.33000903218414,72.36520865691129,77.66088018593223
0,-0.12,0.8041665586221602,67.38995048102235,69.1459437570925,68.03143010633288,73.28201161373205,66.29680865927644,75.05963398062659,72.14225835230866,71.82952717308947
0,-0.12,0.8003547179742728,70.05887111468668,68.45938644181113,68.10623313004513,69.47435152469842,64.81653064506779,65.84942502023796,67.63386395514527,67.68694847738888
0,-0.12,0.7965429848116976,68.26566612316678,63.977090639753634,64.97994650145726,69.80364990706575,68.53292398688916,60.44383629667953,65.40960487042054,71.61977178193285
0,-0.12,0.7927320426533444,61.08304121625122,64.81566347712115,68.83450051222306,67.6713748985976,70.51400804883738,70.53305660734921,71.2331535049418,62.70426522033861
0,-0.12,0.7889225714016235,67.84275555263676,64.9620656935114,66.53523061676134,65.63433757572432,66.25912301548948,65.14656801546887,67.48781510112907,70.89638077656744
0,-0.12,0.7851152075163605,66.70523222625043,69.57860819154764,68.45714000787711,69.18179880543511,72.07228297753755,63.886536037850966,70.21240850830432,68.10650436049521
0,-0.12,0.7813105050568423,63.93030761970016,67.5460744203481,65.58889202253395,70.75142888342315,65.11530560947352,57.556797390693255,71.66891987614186,72.79515824438434
0,-0.12,0.7775972596975546,68.88363469423108,67.96822811360045,59.91759350751059,70.44373551592953,67.7424801385245,61.935876407789614,71.86714751410004,62.97697019426108
0,-0.12,0.7756792821270341,64.86489478572544,64.37886847464853,73.33785553714537,66.57741822584765,71.62880599330025,62.83843825505532,69.73095253623872,68.41774510566636
0,-0.12,0.773854157384334,69.4342126191179,64.21991962298705,62.05856642316769,65.25175123494662,67.80903489616884,75.58882724563257,68.68228232622985,67.71404436049659
0,-0.12,0.769040359774281,67.1313692535349,69.08951836223979,64.69805490636142,62.681070036660934,69.4682444737883,62.994764953048524,75.48248510626301,67.76805542177144
0,-0.12,0.7657117837034361,60.621618139376125,66.94680100554386,59.569401773136995,69.19499455455633,62.02708167082245,76.03938583535982,69.9486325112908,61.11794510113439
0,-0.12,0.7623930696019284,64.77210952035684,65.53997936878604,69.66056359446348,72.6940375791872,66.17111906584984,64.48290572699078,69.99155848327658,66.51169494972697
0,-0.12,0.7585480043623067,70.29119634312704,68.80899272795173,69.93316219838199,67.34808437071285,67.28677266615678,69.73584003581107,67.05759606860664,68.57975809255444
0,-0.12,0.7546871386269439,65.15052413343444,66.65324597400127,66.78943259857357,67.94418204503765,62.09191768294429,69.94049752351164,70.270211442569,70.8206671296129
0,-0.12,0.750814121693376,68.34520883388896,68.66287926118123,58.75393259858488,63.2628671858288,65.32710422667913,56.08950405865785,70.21637712217183,67.05204824742592
0,-0.12,0.7469333499980113,68.63351018003742,66.80157636609998,67.79922573429351,67.24734536447393,67.17563779130072,66.70782226324516,71.65718287312501,66.73442120859
0,-0.12,0.7430496331637138,65.1365713039673,68.08960255206075,67.18921379490693,62.233255140879685,69.18939854752217,66.59063429282875,63.703116705044195,64.69402976096212
0,-0.12,0.7392333193645886,62.48991501690449,67.82043577354152,69.41174347983892,69.81582691180765,67.18394327187733,63.899993298387315,70.81674679132945,66.94675070478714
0,-0.12,0.7354196525544403,65.9944812720689,60.02375650040428,64.68913699776087,70.95986332135574,69.3481485108044,68.81013803977399,72.8475265885901,70.22348529640429
0,-0.12,0.7316090333129509,67.60971276276068,68.88603745226729,76.02879797028511,65.343085651339,64.83474407425334,64.03271721709376,67.93802567257471,66.00593063955688
0,-0.12,0.7278015331265282,71.37435306265381,70.46145313934758,64.84223933053164,68.31021747182376,72.37499725961365,69.04044910880235,73.19568649565149,65.07857736679142
0,-0.12,0.7239969254181553,61.153708158092876,70.02914755758012,67.0784423420995,70.57090202204975,68.86741852420542,71.6409636971672,71.13809733749356,63.08182565680517
0,-0.12,0.7201947194122267,70.2062665483798,69.22178520299991,61.744751397352715,56.29603695576607,67.0221934635917,70.65647426571985,75.24642881235398,67.10887273323281
0,-0.12,0.7163942099268947,69.1366384977363,67.9389440568884,67.88922161852614,63.56839898980187,65.9037950116283,68.11827349510001,64.42713139699228,71.51532887478574
0,-0.12,0.7125945387512632,60.904616637598785,62.424796409431096,64.31033178505707,66.07859960281249,69.54090068579498,63.2238058599672,67.87847909753154,67.03607790637399
0,-0.12,0.7087947629381021,72.45259490509656,63.653753735054835,69.88473976332524,70.08185658575935,70.5812776264923,67.11296046869715,71.312994493237,62.8848646310633
0,-0.12,0.7049939266322442,68.73590609219423,70.75931004939791,63.95483056952913,80.23126250212363,66.26385052191881,66.32377642536181,67.71128296518671,65.57290647603891
0,-0.12,0.7011911354727567,60.29108144058894,65.24262393575329,66.92486287064956,69.60200805888928,66.79734949288417,66.31780160049924,65.73243171238693,66.63059164575631
0,-0.12,0.6973856103921714,75.4279720122619,70.94799503758614,62.2937760112908,69.02948346315296,71.59288471007,72.41873490858967,70.56430725403968,71.96117762388212
0,-0.12,0.693576745807532,60.268951833539525,64.94076504418291,68.20473492719489,65.52863479497157,64.64478467360772,65.98768439985672,66.01569091757855,71.33692337953762
0,-0.12,0.6897623086922785,61.885831857473555,66.83007372972597,66.73777752416605,64.99979602031999,68.35835465263028,67.77316842902326,66.4244239818531,74.6173265692092
0,-0.12,0.6859441065935441,70.76601770912937,61.350846987048335,66.7528023170123,72.9837479756856,70.87598078705322,72.27052635911721,73.21315056489235,72.23577039255221
0,-0.12,0.6821223496458042,60.78097719868294,61.83370242741243,73.22750144041524,64.86724428342217,65.07785437665501,62.36613524015855,65.11768848206705,69.71000640987208
0,-0.12,0.6782974839178788,67.37960832659486,65.39611023476327,67.359157308597,66.48914204395744,66.94878966827245,65.39336631259916,60.76912695949773,60.85448232322236
0,-0.12,0.6744701648892805,66.7032468900493,69.02788678797975,70.14534171632859,72.25377097741568,68.89109895805835,68.21566953357159,69.36731434582074,69.96420362073705
0,-0.12,0.6706412182583346,67.83762730613402,71.7715731272238,66.07947359560752,61.67448689537143,69.81159376539952,69.19758469503473,70.93231058498534,68.18043214114003
0,-0.12,0.6668115903066034,70.5076591173661,68.9705864556402,71.64098208296406,66.69672940328348,68.18057905762288,63.60189397339675,66.52795674371947,75.63123849289815
0,-0.12,0.6629822909178364,66.08602105610824,65.96222757935644,69.94788411860655,69.44293349127345,64.82910953452918,64.24393581903186,68.07392591944078,66.79946687366517
0,-0.12,0.6591543327506079,66.72391550832374,70.43980736859605,71.9585549522836,68.49675584975803,65.13473390701677,67.9558259813901,70.63140301837716,70.0269417669678
0,-0.12,0.6553286702657137,63.34576561301847,67.99423429438481,62.4239318430636,69.60112812317875,61.295695229697984,65.7888138335684,63.58350940066161,74.71773851384467
0,-0.12,0.6515061422989785,60.36291461183162,68.2777564017274,65.43397256676309,66.0893510129268,68.73313269851249,70.67747152287592,66.46898891764022,69.10410288785047
0,-0.12,0.6476874216450075,68.36067932833865,66.30767644654853,72.6210761159648,67.47609299340326,65.69198910533196,70.65604750530879,58.09196201290661,71.53001024521781
0,-0.12,0.6438729746880323,68.7264704705018,73.34689495630114,71.497103600712,67.10641267869171,62.84561323853507,68.47427935878972,61.836619737671,62.58123120969895
0,-0.12,0.6400630335056496,68.56132646115717,58.56004292442853,65.85947891473536,64.54100808309029,73.11462426392612,67.15525873985092,64.59486369648887,71.31185980027549
0,-0.12,0.6362575821151982,65.26129212817548,65.91026597663539,63.22667930033483,67.35062020592301,71.24667284809901,68.13827292465997,72.63871276746922,68.4387569915544
0,-0.12,0.6324563576759474,64.81013447868897,70.97787578526203,64.49324059321401,68.19948265118204,68.09393280674762,69.90572404329295,61.21593629563273,64.7106811975101
0,-0.12,0.6286588665553873,69.03915285321173,64.4380991452073,63.052290810626296,66.69385660642774,68.32682938404744,67.51551842591557,66.7802261039468,65.30879983693104
0,-0.12,0.6248644142704541,67.77168696535405,64.19135301044773,69.20896988821796,67.15719632653816,65.76196805202525,64.12851960613698,67.62314721203248,66.16316989963474
0,-0.12,0.6210721474798512,65.48249230302575,67.12887860795017,64.42477938161218,64.74247312637199,66.08652614238137,70.92113073942767,66.41659100054699,70.79079678743362
0,-0.12,0.617281105482927,70.59869007395541,71.69328188041202,66.88877254225334,69.14953110318035,67.10227093121689,72.15248524898136,62.530945685643665,65.60137246063553
0,-0.12,0.6134902781173975,64.23016064158219,60.94483766434069,67.52909671856949,64.87301974221579,64.01674909725796,63.30180169528046,68.95145196183556,71.11838989277229
0,-0.12,0.6096986665755643,59.832674288544,65.21559647380757,68.65989640597608,65.67348588467077,66.47263736958371,67.25067607222178,66.0736485378678,69.13723735200934
0,-0.12,0.6059053434971952,65.77550385139455,67.62566862489057,71.74454809069448,66.50309937159761,68.81334082833966,70.09581681119757,68.68249673997438,71.92590419699032
0,-0.12,0.6021095087540846,69.29070547317664,67.82640189663165,61.10606307275764,70.52757233351589,61.78794035811536,74.52529467645148,66.11525680792732,70.30367564669554
0,-0.12,0.5983105376103802,67.93520466652288,63.874942387277464,63.89527605199901,60.213860911734294,67.62909426605397,67.27249393096105,66.37628189975928,69.7482531874856
0,-0.12,0.5945080184056091,62.878848063033566,63.762372621254116,64.4500292650124,68.47988494715736,72.43247894195552,69.20899996018755,63.286353989616586,70.9829678040987
0,-0.12,0.5907017775348361,63.31035688223175,62.740252396378445,66.38223171279223,64.80726188489373,66.05301770713002,70.18000978295682,66.36927716369051,66.82993731702197
0,-0.12,0.5868918902549373,70.49219948433083,66.67496626675727,68.6726784057722,70.68899513341692,68.3329119109219,67.22893714620433,70.0976197174393,69.84881064336533
0,-0.12,0.5830786766837119,65.58070426648344,65.83258856588044,67.22930776766849,66.85372686454865,67.55419553052594,62.422318179642005,69.9599184576023,68.93950300486259
0,-0.12,0.579262683231778,61.34995364993642,72.74303620089286,64.65956289011514,67.9389033685268,66.88847867335912,72.05188309268505,59.60214650989582,70.25356921721892
0,-0.12,0.5754446505665751,68.00648819466039,68.51087907757179,71.44573621646286,66.48454298724215,61.05451762052415,67.21435338711771,66.10287083663094,75.58912269614915
0,-0.12,0.5716254700046415,69.59578310628815,65.32277139871869,62.03898654607213,69.96014874814706,69.91814019730457,64.86973621605188,67.46894585399006,68.4556110702302
0,-0.12,0.5678061309168674,64.79178938318461,74.41264655746859,78.149732965701,67.96307797919398,67.94959130453194,70.83742439793207,61.605275333483085,68.13487056538186
0,-0.12,0.5639876622709951,63.60838699323437,65.780101378131,69.43613864861476,63.946906037698284,71.89345474580362,68.1182819047581,58.248559176850485,64.98553436669727
0,-0.12,0.5601710717932137,68.32764581326215,62.00227108033511,65.2244668801733,73.33066130052421,65.65782305067998,60.77400632088593,70.20277284831322,66.86874069966451
0,-0.12,0.556357286382921,69.04186430802119,66.00217620241338,70.23242410496366,67.73817970256371,63.1111224960643,74.41874090009141,63.104598852534465,68.13464477872323
0,-0.12,0.5525470973499623,67.24590520971445,64.5477293312462,62.555125992489415,66.86326960300892,70.30292868779102,74.1468400504248,71.5671377573753,65.31357526605306
0,-0.12,0.5487411137632752,68.61769208373626,62.29467299180722,68.1357089264743,63.06793836523535,64.62605579784494,64.58684544893144,64.97967507507182,65.43536554679173
0,-0.12,0.5449397267187115,70.93692358233122,68.47806460660456,67.52339737348429,67.14709833969734,64.19480357905546,70.56242970281671,69.54808073862633,69.45940684726948
0,-0.12,0.5411430866797863,66.77777676183692,64.42805889757393,71.8959371604506,67.0227857923605,67.94650355290216,69.3708056480975,72.65574184302338,67.78800136060256
0,-0.12,0.537351095257655,68.28215426354151,63.82323979445705,71.5977597729276,58.749690399530145,70.31343445291611,63.780548629811825,66.97773988799433,65.0828052920554
0,-0.12,0.5335634119241893,73.94233252468666,72.71016828923536,71.58586284260691,72.09383605739302,70.49643758277317,63.153833731525566,66.71182513746172,64.59724591642353
0,-0.12,0.5297794752489725,72.18310041440203,65.42755692689627,67.24511781925048,69.3317645628427,67.65633414483378,74.90933664330512,62.98024378756488,61.25514033199267
0,-0.12,0.5260876326632944,63.40853302708742,66.3485926299343,67.80904005135957,65.4365181474071,72.37687085580008,63.91064380118391,62.58694112769064,71.70354758576525
0,-0.12,0.5241584544775947,66.27691178995171,72.78972445568337,70.02126567414683,65.41423363837292,64.67079162080555,69.64452355135332,59.813469828690046,61.18951271311178
0,-0.12,0.5223217090481107,72.57355003383458,68.39698667998998,69.25675336996325,69.45327874321785,65.4205484827168,66.09515406838737,60.53711941237126,68.91105445623941
0,-0.12,0.5175144433092111,63.687271205889544,67.14339372856682,71.32587630778119,64.50075522274518,64.68856967485128,64.51166753350303,67.44977058151771,68.48034660179016
0,-0.12,0.5141835432108733,71.26187474482775,70.8607124129427,67.22336896730368,65.47453761619605,66.77160628588945,65.42105337731037,67.19368215737953,66.56617508238577
0,-0.12,0.510862282693182,65.73584105574949,63.56572357153505,67.48454934562287,69.80570741217716,66.34550113621525,67.653736944435,63.72385944537837,63.59222379844891
0,-0.12,0.5070175510385233,59.12470032948986,67.32333202531429,68.7592052581077,73.76808465838059,70.59951811170009,63.27599320047514,61.23253077903188,68.60213728051767
0,-0.12,0.5031570507626427,64.18905035798535,70.59181029970063,63.665916563199644,66.22866936590364,68.61091603913124,63.252471888298786,64.8805947021074,64.43814800314732
0,-0.12,0.4992844618283398,74.03503872046593,65.72477961567478,66.55574856816335,67.4436521144929,67.88552069996148,60.83043553544686,65.6916351001597,63.23630220348764
0,-0.12,0.49540421792583783,68.04586081768818,70.27980525708459,64.10473939282997,69.70202338421646,64.62473702306782,67.8168705217279,63.887511063412404,62.14592013976452
0,-0.12,0.49152117047459926,67.19207135257955,65.6447319750566,66.78224112627892,66.77653159301686,73.46112803892278,65.2015556460142,61.76147059767888,66.52364421107322
0,-0.12,0.4877065354809611,68.30417592445228,68.66865715690614,67.24151290511588,66.9164651647123,69.2014841202903,66.25950214151429,64.26247503673049,64.78014830045096
0,-0.12,0.48389472139235806,63.338577243608135,64.77831382202129,68.75556754953567,67.90038348999916,65.94946290336426,70.85438820024798,65.01430569018534,65.17984980582003
0,-0.12,0.48008612746496027,67.06090920549175,66.25617965312595,68.5278859748897,69.03776923967735,60.96954367925721,65.10676544752704,70.61821688658934,72.90083826916285
0,-0.12,0.47628081823204005,66.95661287858161,73.13764645712202,65.21718520973306,66.87026185856749,69.27087567447289,64.08754897734067,64.76464769218838,65.87062418596994
0,-0.12,0.47247855958915386,68.89152251938246,69.0357253079617,69.36624842715126,65.04806600779155,64.65237221568191,64.8327831737212,73.06961253713467,70.6158134628446
0,-0.12,0.4686788536611846,70.01713705767929,71.70601414315469,67.19659694949229,67.94371504031358,62.4558847484987,69.83208151817946,72.79971001562903,68.02405915331768
0,-0.12,0.46488098933173055,65.12775001582355,68.73509993465375,64.95172058086668,70.39318038670375,72.13133040103295,63.09023132364535,64.27585723010651,67.11398541679762
0,-0.12,0.46108410437524233,62.22117049983208,67.918835751805,67.19104362865066,70.00391340674945,66.33750493867463,67.48268803516018,70.04325021392702,67.79369786256679
0,-0.12,0.45728725436769674,68.57198649158245,65.30561435197725,69.72325874848676,57.34819951654914,61.810544856838725,68.79172104187823,67.66649652541633,66.51834581092753
0,-0.12,0.45348948506473935,62.741357078252506,67.95654954434787,66.29384152339894,64.42326256335467,64.39739073218738,66.85505135259895,69.23691376853601,62.78878000035506
0,-0.12,0.4496899084955176,68.6541066967871,65.64650339988916,69.81278848471014,63.783676947056485,74.85972836392035,68.14613842037133,72.52122161535414,70.40164845726241
0,-0.12,0.4458877536003996,63.61273271775925,73.87064552731735,61.43950004070192,66.0063135152754,67.45484931656928,62.068768550195976,58.37876417405093,60.416262485432235
0,-0.12,0.44208242721265234,67.29429356598513,61.84787761359256,66.0806387527418,62.42954667021663,69.6132775947583,68.75419524840224,65.13631347826757,70.21798838476265
0,-0.12,0.43827171723955466,69.15457076019166,69.4088128340314,72.76466108700649,66.10532352688894,62.50877737487683,70.15573778786478,67.83149521947152,63.5066894154129
0,-0.12,0.43445744456409763,70.16092211464958,67.71335840176883,67.79133090417194,67.8131140091379,63.36441064753989,67.78446465572219,63.85777313248597,63.14294344815014
0,-0.12,0.4306398398250115,64.33853481109279,74.67892704178037,69.18572522788725,68.45516431628847,64.29670730583739,64.93238440988519,67.42621589838764,67.24252521827722
0,-0.12,0.4268193711416614,69.94150085125264,71.05253446347115,64.1463804380264,65.86309954349963,66.65059447540636,72.71223516447704,66.16165942448372,64.64545533686356
0,-0.12,0.4229967167959906,64.35046199872326,68.84990856454671,66.81606807563696,68.04720633628479,72.39637377990078,69.02905705760517,71.64195415966064,67.38366840840658
0,-0.12,0.41917272524903676,68.55767477026036,67.48507445132341,69.74933448021063,66.58134161733699,69.07390472024996,67.73727097780977,68.87959626733969,65.2908228038838
0,-0.12,0.415348364744701,60.98449355060235,67.39526788236716,72.82943419694763,66.56179996152207,64.16568586042652,56.23807356256071,70.7223857589629,63.82712644318421
0,-0.12,0.41152466564690093,67.23851169109348,68.13822953158653,63.76274901218828,61.33003855448474,65.26295134175786,62.341481432408784,60.385029595619464,69.6572456933259
0,-0.12,0.4077026590530323,71.48710521325958,71.2036101760768,66.11619473058668,71.10944960159497,64.0697116500873,62.178899132746714,63.7572470443905,65.51191917776
0,-0.12,0.4038833154216076,66.84506501871203,67.24558404697642,69.07343932409339,64.03284114001461,70.25888318671491,70.90607382473084,67.18162912639107,64.38671850683932
0,-0.12,0.40006748693205324,67.85657363093152,66.32325552179381,63.28459336966928,63.28996159795551,63.71976703750106,61.906742261138085,66.32992738827207,59.24585223856266
0,-0.12,0.3962558570581695,65.25337620761546,64.69269239896491,64.77284001847809,66.05797511112648,65.382273661827,71.9864013228978,65.82750390226234,74.64733177081035
0,-0.12,0.39244890039477054,68.58888459647903,63.19099492190657,69.14560649286213,68.76121381553317,69.6434460230615,66.24869363807692,62.65395981312349,68.62640401350974
0,-0.12,0.38864685515367536,69.45824979730648,72.35040216844001,65.3850920978442,68.36394343423203,69.38173164221328,68.1701772613364,68.34204007538588,69.0632615031162
0,-0.12,0.38484970997664086,72.87197360773766,67.58260108256745,60.98662631112432,65.99042260648353,66.82057359183618,65.46620319048621,69.96430919625675,67.73285431947568
0,-0.12,0.3810572058450435,74.4842948296132,64.10504169158261,69.48125006867384,66.913121699497,67.40461467175477,61.329143106319194,67.78842996467722,65.40734682777288
0,-0.12,0.37726885295214907,61.9986111199907,66.04410267823977,65.60116388161404,72.74729067436624,69.51091091292858,65.94803453577521,69.93691479741423,64.14171950096224
0,-0.12,0.37348396149997715,66.52479607829254,67.34276406005809,66.79911892133744,64.89405060180353,64.07537476779012,70.98710869667812,68.10188922953178,69.65607787233895
0,-0.12,0.36970168454490077,65.90812263861945,67.33965384318017,68.8699316276298,66.35429724929129,68.48078986885771,70.2481149947568,65.0692599437597,65.70351135054564
0,-0.12,0.3659210702956145,70.6482685204039,63.590857502270325,68.8624750968481,68.88664116917404,72.0071978386946,68.3306632980566,76.34694731601552,64.47638861938425
0,-0.12,0.36214112070746046,72.82419004505626,72.26859217557036,70.6509003230795,62.1625706370733,73.22720043547083,66.36988258681173,73.5865842224102,64.79484051511703
0,-0.12,0.3584511456950877,63.249610909352015,61.11024414209911,73.81648286748525,68.37109321243268,67.13863575717782,64.87131083663385,66.90477908991667,70.34414409900349
0,-0.12,0.3565208453239749,65.86101620109507,70.58822076555326,71.06848777820984,67.08554302001951,63.73987462782705,68.32635554235839,60.59911517242436,66.89483466182433
0,-0.12,0.3546792809763511,65.99565043683128,65.7547005550852,70.68121085393145,64.69211753237602,60.49950408125152,67.4716846311254,66.08038559620618,67.3813504153878
0,-0.12,0.34987508694069447,73.90347353927008,69.89458488983774,63.741343823653274,62.21424556786889,65.65645710890144,65.5881632901659,65.44491848413003,63.97466785584672
0,-0.12,0.3465436115966688,68.99457322926986,73.19515915859704,67.08961820322881,64.81303185814178,71.1737251715125,66.11084225234062,69.98164787129556,61.82014878534003
0,-0.12,0.3432184777193589,70.00034342924152,62.05961393909282,60.98752872741188,68.98988051526005,69.57601780305099,66.42269614779309,63.12054742498274,63.88573214370267
0,-0.12,0.3393641713854866,60.67732885884598,68.09969718031526,68.4554937390587,60.235603212429844,69.69710063513459,67.18902390263138,68.84692239906204,72.58473115995142
0,-0.12,0.335491778003301,66.80424161514716,68.808152338912,64.82763607512078,64.54431239002383,65.69594066362241,61.162034159481614,68.10126404260082,61.42465641848882
0,-0.12,0.3316057620043164,66.27601915401507,69.73330584212029,62.27163185538159,67.51947280935391,67.5272296401291,66.78212208471135,70.14509562120311,66.0690520005602
0,-0.12,0.32771144919525425,74.29085672186261,71.76635520208256,67.50368884219863,72.52047201022434,69.37962960054163,68.26463388795581,66.28430523337734,64.13896468404165
0,-0.12,0.32381463821688744,66.06017338933395,65.68836393910999,67.19217342367764,59.74902280558688,66.51826946509148,68.78043797327086,64.1220256539603,61.95590667852057
0,-0.12,0.3200054313859742,67.1475714330736,66.94125453835075,66.32567768708294,64.8359374944482,74.90959412626019,58.6607288009578,63.460195437871405,68.4172108524812
0,-0.12,0.31620010389453246,65.02890841220187,71.96945411243645,69.29352208598783,71.49404243842102,64.98318956424544,61.7269784274604,74.2940626739452,63.47948022130154
0,-0.12,0.3123988225619064,72.95082362305331,71.26181527408112,65.84988490694629,60.046272281296645,67.51552471477754,69.80548057342277,66.83310432464084,71.2302426915379
0,-0.12,0.3086013886072854,59.60676809541395,67.82514891065856,73.11170640272246,72.08151561348468,69.51077401891682,67.90335065012526,68.0088481478,76.4801722659458
0,-0.12,0.3048072832109695,61.26758851522545,63.54488496104616,66.30251214049792,67.29489477372044,69.68335307935406,67.87755098799411,70.79987866855066,68.65163370170846
0,-0.12,0.30101572560265766,66.62180367495901,68.00007157366589,74.49980231271684,66.21532761398166,66.84523336739838,73.14355933997858,62.13702591804293,69.00809178740818
0,-0.12,0.2972257414112301,67.34316393099962,62.63531423561355,71.38783957044454,70.09408873543758,67.0604919223897,71.62252692777292,64.17741179505595,68.22503051937932
0,-0.12,0.29343624180241296,66.78940128050517,64.28408339989885,66.20970737080503,74.90959325993104,78.57029679707637,64.78886040075906,63.95164509263039,75.08626846163159
0,-0.12,0.2896461072098471,65.10607133549408,67.30268454545084,60.46740688352618,67.71544114933484,69.3545634987691,64.4170347220663,67.83310237442717,69.3043614533476
0,-0.12,0.28585427140891856,65.24916511314251,69.53571920325169,68.20165510842264,72.60277102887613,64.38553503095717,65.34620255636408,68.69587437451582,66.37258844095366
0,-0.12,0.2820598070718659,67.11523967246951,73.66217782964092,66.44768780051626,65.66890852736648,63.916540234680625,71.23055128411373,69.5987754269962,67.28020313922504
0,-0.12,0.27825285165261554,70.61991296048323,62.21063011888645,60.942252403803465,64.47694576660125,67.59370702957966,72.00376828341457,66.30779245486423,65.79591786250518
0,-0.12,0.27444259750153654,67.88570313475225,62.06165088133781,64.03452492794558,63.18891937025011,61.50056784045598,72.06074722169284,65.44007170619932,61.62308577457527
0,-0.12,0.27062936004209853,63.565086064149945,71.76084945261395,69.94839649193112,64.454179311842,66.62850111998637,61.687232230668855,62.30752184294944,72.28425317827435
0,-0.12,0.2668136989380244,66.69632611823131,66.0293747162227,69.40209554644494,62.98454540147675,61.39605992452569,67.10758531331632,74.21951335874986,69.0964090896977
0,-0.12,0.26299638789500096,65.41139324059296,63.776231524361286,69.28291603601087,66.78389623487296,68.15317654864137,64.97156700562833,64.873668718525,70.10044929613004
0,-0.12,0.2591783720939248,66.52975546767864,63.93154217652547,66.95170389875801,69.13671385467633,67.5840668545461,62.98070649264889,73.33660025116725,67.145790863529
0,-0.12,0.25536071480788064,70.41281035980957,62.891734565802615,69.72811540981364,69.11958717090266,67.15174987709229,68.8239080998882,70.9286499873357,63.67175174893762
0,-0.12,0.25154453664062426,72.71036610537845,64.70085552666788,74.34748891946853,66.48963791718022,67.5113396579041,68.9309111736499,61.31626401548496,67.62652366231134
0,-0.12,0.24773095122667851,66.8427387029869,67.55149724620712,70.10452969496846,66.21796010051945,63.98753661790882,71.6445351402965,65.37283955226881,71.11571766513093
0,-0.12,0.24401039533698785,69.88610074335126,63.642633765282206,66.78862345404434,61.02859074783059,69.8125961894321,70.41797734496306,60.5753069774571,66.86127235370951
0,-0.12,0.2420964160291768,64.7099256228854,68.42510078184378,66.89831913842758,70.2566575216725,66.57040790221919,65.28062642873782,63.44679522310025,60.74554478250924
0,-0.12,0.2402754034153717,73.27015763525002,62.1678600956466,64.25321543274617,67.08737073548409,65.51759605725313,72.57844989940637,61.46208277496871,70.78391604087581
0,-0.12,0.23546249539347064,66.93576444629261,65.00690126859911,70.46963490511911,63.22608483690982,66.41069943765854,65.75159462206223,63.99260384038075,70.45973143472558
0,-0.12,0.23213697369517372,64.59474787597883,65.60268580786384,69.18103830183752,63.10158551580917,64.88859598673912,67.3586520417145,74.19096900704722,64.29718320688188
0,-0.12,0.22882152145225176,63.938543204770156,66.61093765636205,67.24439667963065,65.68486105137896,67.05185592240369,66.24160939066756,71.80176572763729,66.73218105373265
0,-0.12,0.2249792754768313,70.17436453508148,68.93079260134338,70.59293485220964,71.38540296798442,65.65676629161513,70.83419159606818,74.21236443169092,70.4848960311054
0,-0.12,0.22112172674644626,67.35150451248666,69.50877269630278,66.28958402667648,63.12737273255438,68.14328165772021,69.98230755710617,65.80968485093987,62.60996936462518
0,-0.12,0.21725260909288813,68.71556553218683,74.47003400056104,62.81108483129669,71.76452904917157,64.77955561566301,64.82864241873767,73.28464949768174,69.1380421088716
0,-0.12,0.21337641906091825,63.49943352126944,58.90880637224484,71.43049364105471,65.46204032504363,67.41799364853021,73.01788229266198,68.24226859854798,63.27460052317562
0,-0.12,0.20949807894658412,69.38683939105034,65.73138980251098,72.8049832695771,64.38406508808848,66.21295460772184,66.97075887419216,68.46561943575809,66.27319749358601
0,-0.12,0.20568945985644346,61.51960268930723,66.10272380408864,70.15257188026881,67.25049397686725,66.40422134923155,64.83718585565549,61.05564329346518,64.75782855887331
0,-0.12,0.2018844075212862,65.92249592568824,67.31208293395238,65.2756637853129,66.42457649001119,62.70012505349731,64.52790408556831,64.71220944172572,66.92542459205725
0,-0.12,0.19808337243028043,66.17817428681059,64.11943021336523,67.72025662816749,70.06098700906738,66.82664848234887,59.81643455012762,67.17555923051205,68.06556652485276
0,-0.12,0.19428647911135402,62.264949155519986,68.67016725694705,67.1987952486582,66.0416386950597,67.14067176444311,69.4800343468001,65.5838274862172,67.22290650265604
0,-0.12,0.1904935478376972,63.77346436847521,66.92392091198626,64.79948744936195,65.94581738449352,65.61355996490704,65.42429256556,66.35881508293947,64.1314483538202
0,-0.12,0.1867041412867177,65.19709356557614,67.5813260660889,69.3950587500738,63.76331192728715,68.33592167011284,67.22206230956188,64.16984820721959,64.41824439819462
0,-0.12,0.18291761578706972,106.31830213797478,88.48375791797439,69.97552261906671,71.98004390339435,66.6626964345138,69.69047277139768,71.75811348111341,69.95281456393279
0,-0.12,0.17913318511682183,122.76988937678155,115.94962704305466,67.71889411249724,69.2196705177232,65.09580340386391,65.30423844828839,63.83837627105992,63.468323520594105
0,-0.12,0.17534999100821855,165.08224808131723,153.20968359953676,70.23609219302186,67.55461996893303,63.8377322149125,75.32511601622082,65.1584374162885,60.997507311106034
0,-0.12,0.17156717715538417,260.6174753198962,233.54331005766863,66.19336563209917,63.112785180677676,66.37795500138468,61.242530075071926,66.07284075718509,66.40226064588029
0,-0.12,0.16787541772411949,360.1518643832352,381.0599394943043,67.87421815851695,65.7585981202268,64.53803981356015,64.80114124707464,66.40066326001417,68.4099494354058
0,-0.12,0.16594509768329738,635.9660350737322,835.7186018111631,70.12774089479424,67.15057493708784,64.02659310669175,70.53575778830758,66.4659684015476,82.41206592152913
0,-0.12,0.16663780917286486,421.2563287209502,370.12073282238555,66.88724733572967,64.48141253598861,69.90022060245404,69.18536969270204,64.00790539218694,82.21816910807978
0,-0.12,0.16744787239876982,460.45172700535244,416.24984927523496,65.30038747775649,66.22910913656324,65.09777649516971,74.82587857980471,66.11190292258647,86.08104521394246
0,-0.12,0.16555097204393965,461.6951553437463,384.75969660636923,65.87105382861003,64.66583730684063,63.37563486127143,66.351081556447,61.97110225575264,87.96016667776351
0,-0.12,0.1644654642385487,467.9186535404408,388.16243747597395,71.92285253271932,69.35795826730183,66.77789683650569,67.66824112771644,68.86664476275665,83.80002120611037
0,-0.12,0.1634174951792326,465.25814460935555,383.4805122147258,64.84187845917491,60.06796902205669,68.21324659394313,68.05341280686167,64.47141222398757,91.81562300148916
0,-0.12,0.16239952553064121,468.570414129806,401.35869238336545,70.44873455657752,61.89877014508838,68.53108886606506,64.11303051347842,64.63258524964311,93.24346177370487
0,-0.12,0.1614083885946827,481.0936501075428,394.873330955324,68.75919532999299,65.85989046285437,59.97747797157029,69.07473970592244,65.40580790370947,89.94675747207673
0,-0.12,0.16044156732089046,476.70328210170476,397.02174111260774,66.47688568525373,69.02605456663683,64.21380774649987,73.27608181111691,67.00004698060602,84.21334001907402
0,-0.12,0.15949704456164482,490.0054239481666,409.61804382125297,68.99747976531873,65.93873120411757,71.09152709783547,64.2068435588772,67.85093080746675,82.54384117640984
0,-0.12,0.15857324468104173,474.7325826868411,406.1961875567848,67.04899277959846,67.7404608849463,66.39584478454842,71.70632455417365,67.92269862095984,86.21634494764517
0,-0.12,0.15766895902072897,470.7778408820688,406.28610801677604,66.72133702725546,66.65950996886215,73.71508445252802,71.83089341975816,65.45220248378675,89.08826168408466
0,-0.12,0.15678328339094363,489.5084802982214,393.5934593120868,72.25092460940402,69.79469674937287,69.48574796738122,67.39892080019986,68.92744450159996,89.87747921720174
0,-0.12,0.1559155658044866,473.2532905638178,417.2090218215348,71.49608501279054,68.3774204307762,65.97491308866536,70.85755843082646,65.35985578865231,88.95795436831668
0,-0.12,0.15506535910255664,461.86379533252807,399.03893100776116,59.91783643417925,58.371712778856406,63.26069517641902,69.01501215152656,71.39548206569039,94.75713751074278
0,-0.12,0.15423237430514875,466.5572540067943,412.89125906813155,67.20014196376779,72.75659307938497,64.31849706127093,59.21302696906619,69.53200947842716,85.25498865412784
0,-0.12,0.1534164524896647,481.3046561057136,403.2527447908877,67.5773850227598,69.7008266165943,64.94964884891438,66.89462523292568,67.34428292380144,90.65517778780833
0,-0.12,0.152617915290869,495.5490819170713,409.7436808547958,66.88558224403306,73.98843033815206,63.48405872944623,66.68044975976262,74.48456159911049,93.68091273187234
0,-0.12,0.15183714316127314,474.8350095280507,403.14114535300934,65.42691588604755,67.68803268975635,62.404145692230614,63.74342874943562,64.2652055633644,91.9741587522544
0,-0.12,0.15107405190608703,485.9416200725161,405.39397401344064,62.53824729601698,67.23636111137846,72.02299390910748,67.58880028958869,69.49623303943518,90.83489069017065
0,-0.12,0.15032863091953658,470.44142671554675,415.07178972831565,59.89024641642683,68.73505751608346,64.59488929543464,64.07067424595692,73.70350783024614,85.2535057327957
0,-0.12,0.14960092555149665,498.0955586299104,428.74884900968493,68.61384136112024,62.56081469501034,70.49953694896443,68.11285683072525,69.86724649909102,88.825019128281
0,-0.12,0.14889102410722987,447.185683090591,418.0801212604196,64.65223099621998,66.24455109181038,69.4760622464365,68.40549542513496,69.12745763633063,89.19305308188204
0,-0.12,0.14819904761384659,487.18925158164,415.32118042000803,74.0781142397364,66.85158496982288,65.2149679361038,67.1271680249201,68.8408667954501,91.38591555421453
0,-0.12,0.14752514180661772,483.4539197372982,419.133265032973,62.57413168877621,64.27719415113745,67.21509069786832,69.09853496597162,72.49420852832844,84.68403118165719
0,-0.12,0.14686947087897406,450.8850266218879,409.82928276817336,65.485640539105,62.95251480617766,65.1828622481234,67.13994038856961,70.0734604153342,91.46103910105147
0,-0.12,0.1462322126145986,476.3138938377974,417.9249698270444,57.41155415780793,67.64209303955096,69.13030352893836,67.44546605858582,69.00828923183676,88.64098519032028
0,-0.12,0.14561355458819722,482.3028904727682,415.0788370096476,63.08920946923034,67.767445496516,65.70006848804076,69.50733876095852,67.56842143743134,91.80357526323212
0,-0.12,0.1450136911823087,477.5136335076367,417.17567178148914,71.75047976037207,63.50290327697279,70.84120490808415,64.53575311948212,68.50030687055175,88.01557275871436
0,-0.12,0.14443282122029125,491.54263661988824,413.45237770901576,68.35591157555052,68.74706277638404,65.53738832961126,69.79154859519798,70.24873354561869,87.7902876916036
0,-0.12,0.14387114606033652,440.1548817200083,412.0385296687802,62.761693632708855,74.4100567484584,64.68048516225159,63.69425423627435,63.23046684624361,85.41601271919392
0,-0.12,0.1439215572796676,486.84731602288065,361.1411740224137,70.20986061899332,69.52722185199283,70.41702038232548,67.20463247521654,62.08885044114858,108.31581352818532
0,-0.12,0.1434337807794346,509.0378586594749,358.9872268754613,67.02020821842133,68.77118645948528,63.13166309524991,63.43868861087764,68.50067333264849,110.32106132734759
0,-0.12,0.14296000144124124,492.6979752205724,361.92664472748476,71.92895786795552,68.34987018566532,66.818906206906,69.43982709727959,64.41410104108616,108.48758923693686
0,-0.12,0.14250263349077194,501.10662211300513,358.6405080224244,69.62844124485835,62.23843201849015,68.86201763280474,69.17892226147399,68.51124698761913,102.89103319722648
0,-0.12,0.1420620518196125,492.34822952520017,362.56646819841046,69.58980277794434,65.09539127378785,65.27435478341965,62.97419010972786,73.44048272649503,113.80041595854892
0,-0.12,0.14211742184654802,536.4029223883638,319.5550726904461,69.2754484160511,66.66737874674016,65.16132375986128,67.2528894115743,68.09014545820956,125.4152200443439
0,-0.12,0.14174136730312,534.2553005065485,322.77964487795595,71.13502216091173,62.35743280854282,71.96582677902246,68.17458659621205,64.56862914170176,122.67250116497425
0,-0.12,0.1413772589520488,512.2082996034775,329.514247089257,70.35950346948742,64.51092153275106,65.49765204237659,64.3745682223883,62.7422512840409,124.6180848422891
0,-0.12,0.14102712983240676,537.8820164595315,314.7052071987382,67.84412094473598,67.12539114518434,65.56031931073514,64.39415207606177,65.78634899010278,110.87911160944137
0,-0.12,0.14069125483440467,533.0974292077075,317.2085481912233,70.24032267671184,71.88735198020214,62.888655788772496,65.70054503250327,64.69594312079154,116.37395697495047
0,-0.12,0.14074835247793283,534.5589527127858,260.4341738690257,65.16209218387054,72.14817651950415,69.94406277331983,64.02064417006704,68.22472649717405,140.8794915704563
0,-0.12,0.14046740477753294,549.9408880341114,277.8337931933505,67.75459265479222,65.6471900781735,71.59936328170731,65.17172344874602,69.48118149328829,138.32299457029632
0,-0.12,0.1401961239827316,565.3560464029549,269.75631524024845,64.73521546911662,71.22687090756732,69.51936539893761,59.86912246008922,63.308129926725705,139.55851674976466
0,-0.12,0.13993622167180736,534.9100263713159,277.9135920951366,67.58121628770373,69.13488574235502,66.41805396706151,67.15979132226394,65.41347408579507,134.6424796393064
0,-0.12,0.13968789084835714,555.8063298883272,258.0410251524372,66.28443254627639,69.33206070590425,72.96769740686368,71.19342985776147,68.12124960433947,135.7369908136485
0,-0.12,0.13945119588329338,526.152082208199,274.6179200462408,66.43229454351842,68.5638542389336,71.6312899193559,69.08367442333508,65.2803439790888,135.5635494791138
0,-0.12,0.13951097896169964,531.4831329278828,227.37658042478074,62.42388425151373,65.29515030591433,64.19288536224578,65.18774519136787,71.19494934994621,157.63808632869666
0,-0.12,0.1393184274409183,524.2254676881707,232.05226596089418,64.48196923650046,66.99091793686765,66.9475910011199,64.45599483489434,65.34947892827668,146.74174191769052
0,-0.12,0.1391332300561937,549.0063514352013,228.34273288778508,64.80884255516615,68.1068280012739,74.96762191135637,62.53821625820706,68.50368891282746,160.24219130567465
0,-0.12,0.13895678817548948,534.9522130732728,229.22945987550244,61.71348475220431,75.03155846720344,71.39637412204176,69.67556086008874,64.770977797207,155.80814910893662
0,-0.12,0.13878924662544737,521.0084855680766,222.99860564370547,65.64738676834979,64.20988311175054,65.78836258400027,70.70214792522083,58.61256776009983,157.38973475899368
0,-0.12,0.13863064468670871,558.7795916747162,231.08851895506444,66.20224930059854,66.78054178353248,58.4388302736135,66.49548936308365,67.8809060972446,153.69676473316167
0,-0.12,0.13848095786613904,526.0884088715318,238.05659018205324,67.90408101211985,68.04159709332556,68.54223158623428,67.1369086526683,68.7327261893151,157.30946228915184
0,-0.12,0.13854339905976398,540.0007339354686,201.6105191577233,69.02101842584366,61.29728898780191,65.95714596192636,73.08131142141646,74.0604337323051,172.1375893904294
0,-0.12,0.13842648049490383,505.7947021361678,200.53787790475377,66.20331292906276,64.73278012017289,65.5568915085403,68.66712315601912,67.82906053925753,180.09619375775287
0,-0.12,0.1383146747805475,533.9347201486108,187.697659577354,63.72386403758551,70.96378787376953,65.16156183934693,63.279390440676664,70.19736334742579,184.209628879462
0,-0.12,0.13820916268776856,520.4042720834595,201.05437764945415,66.52866599172984,69.50940975721694,69.25773879387576,67.88211183732176,64.70221713960088,184.98278774893646
0,-0.12,0.13811008250057114,520.3472951560174,190.400240611731,65.31759264979787,63.04423063995532,63.87606087109779,65.84328507542318,67.3154666698808,182.52360369191587
0,-0.12,0.13801747396655994,562.7649087812504,187.86186995724333,65.3086038602395,73.81146963799529,65.01758507337426,65.06877977577487,69.64624935036782,188.4426905685426
0,-0.12,0.1379313148871394,525.1257886525619,197.560739716006,68.35210517365232,66.54950851599567,66.39153303697076,64.74973897802987,66.33955472176343,179.21017930458333
0,-0.12,0.13785154546571457,544.1519540121672,197.02067119081434,64.91985189166519,67.78927015839106,67.70908412236231,68.80845860396224,63.47575840816592,190.7736932683776
0,-0.12,0.13791908253743224,503.52416077692635,159.5665347160174,68.01454462945482,70.90148582046437,68.80933976306818,65.16789976349143,70.83695986883258,210.67588842226118
0,-0.12,0.13786015645880517,499.3438185053403,168.51413333015583,69.36174518504981,68.50358849617216,66.56632957067457,70.0294095150026,65.5320582895335,208.500833447734
0,-0.12,0.1378044675490758,495.7840990776329,162.58485840866643,72.61537702166369,67.88002375475062,65.66359775612456,67.6630029007079,69.73785326040435,211.9062327012949
0,-0.12,0.13775303671980882,483.5918408863195,155.13840377842342,72.61328185355407,69.1588601521558,65.71994093109994,63.80051181709887,72.88812715076284,206.33066008680944
0,-0.12,0.1377059844919563,490.02514649305164,158.82910100549213,70.0124368894253,72.44816510991657,65.80813361262032,69.98426094453501,73.29464230945818,213.11482125449996
0,-0.12,0.13766333805122988,515.1204572083127,157.3194022259312,70.6688450677464,70.1799484363189,64.68631487522372,68.47400217562092,70.21804052769531,202.39797448923676
0,-0.12,0.13762506545364953,512.659569736402,152.9527524161743,65.69419088228788,62.27024448699909,64.91214066964606,63.60946196765908,67.44598576815648,212.2818844140913
0,-0.12,0.13759109902384345,509.70904361250524,161.59890934159733,65.05480864912752,68.47561726853016,65.60529284468976,71.17596003734128,67.40786743529675,215.00996760318466
0,-0.12,0.1375613534879691,519.0484397072021,160.95979612207952,72.207486360439,67.50880361449039,71.49281540478559,64.84816414626574,67.93182531735651,210.303191410969
0,-0.12,0.13762916167759529,448.0344793632015,142.92455521196933,63.72234957611921,67.8565236392997,68.52005960622905,63.90811990557725,67.11005132848474,244.19398935085192
0,-0.12,0.13760965418651525,467.0444774390984,132.30473457010882,67.98294986035289,61.35301525633267,69.39236701055462,63.47932345287916,68.42637045268259,241.39066594229286
0,-0.12,0.13759174857987808,444.40872099347956,132.83527328117725,69.91794083766682,70.14842459596348,69.11853459445423,62.436980128776774,69.50812035246963,235.6118639330117
0,-0.12,0.13757638271202263,458.16076271647006,142.94429429315298,67.3102086106497,63.04698493516551,66.45187710358339,60.099396428285395,60.42537645813429,237.36860470696823
0,-0.12,0.13756367719426574,463.11977559615354,141.79130608160074,66.09298731487394,67.2102405270986,67.03161025557789,70.84540541739035,70.45094979599043,244.78650898060596
0,-0.12,0.1375536563504572,459.7629762929262,143.3615750650919,64.21933773585387,72.50758555001505,65.1330507456922,67.89610109518527,70.38816638244114,232.60139911164123
0,-0.12,0.13754628563580276,460.2082235292614,137.50439282760652,69.47805270958402,67.86606792216523,64.01680508039556,67.45223149039157,64.10645634639609,236.0572296416761
0,-0.12,0.1375414949612167,441.96602134459806,151.42038550803733,62.980971085655945,69.21091013485164,66.17045047012301,65.95317249462859,67.09186914311299,232.31962068257369
0,-0.12,0.13753919695588995,470.90284995910565,141.7842511865595,71.45823688766404,60.51314287584227,69.94329273838268,65.47572674014201,74.25597078657734,245.35566985847285
0,-0.12,0.13753930052977864,454.2487000633732,135.10333944613657,68.9382071948876,70.6548090004266,73.32782041538196,70.87382950134547,66.5792596042413,244.61385394323761
0,-0.12,0.13754171999054246,461.18397103855375,142.73348846534904,64.27879738892935,68.11025086375085,67.47119078869753,63.20177119214129,74.2623546295994,246.50664419838017
0,-0.12,0.13754638049576665,467.07666672263946,136.0945871623579,63.83016947104607,71.39091419602742,66.48758647299418,67.57630189921298,67.30259883397488,232.8236187039239
0,-0.12,0.13761454400135317,412.30137056164784,110.32619372583704,65.9999499627441,66.81524204501406,72.30160970556858,62.14506863870923,61.81483874300116,286.3012001859638
0,-0.12,0.13761863257432141,421.4653623645461,120.32791099530282,68.47164081880756,64.88151539515185,62.556838743745125,66.0893010212367,73.08075329936943,277.544909953571
0,-0.12,0.13762292312319696,408.9183989993581,116.3923156647551,64.5726883155095,66.30722748755389,64.18913720128297,65.86022350921483,66.56716252188913,275.01620889469723
0,-0.12,0.13762842015410862,388.82540119563185,107.73106358827111,68.48645796835247,68.84542451274301,72.5850702327351,65.7588116235546,67.20232550090655,284.393493745658
0,-0.12,0.137635262868009,411.6551678813888,118.90945387017592,64.56641170582348,65.20804192663596,60.26913213765639,66.60774814762173,66.29876894835951,286.3589954439102
0,-0.12,0.1376434854949506,413.50252926671976,117.60268557195845,66.47256013757017,70.60604390493864,67.266608811245,70.49167851205046,71.53618867996514,279.71715403891204
0,-0.12,0.1376530557522233,404.12169762781247,120.03773065000263,62.43664014527368,66.9759634538953,73.53305881933179,65.27664940295952,65.24689320808072,281.4878093714945
0,-0.12,0.13766390106059548,410.0821737958117,120.28349872494059,69.22336880917481,70.00564979113065,63.04324338436628,66.4465200744369,60.59430367642784,285.83310764596996
0,-0.12,0.1376759325843456,423.8833824488692,121.31347701935877,66.58534208875723,68.6158682402502,68.4490248721964,71.35472892087458,63.26580766522301,285.2792604262561
0,-0.12,0.13768905838586915,415.47479969784405,122.47834283322736,64.48718663687526,66.05629220088032,73.200998001422,73.4299051732841,73.13561501303165,282.61947769348615
0,-0.12,0.13770319180678312,420.3165864577438,109.91089433600018,72.8183925414157,66.65736141975448,63.86288606228752,67.85723649062592,64.0398929194582,284.82665940837484
0,-0.12,0.1377182575714062,418.0894534117491,117.8226794286693,68.15776782378211,65.96393109929244,70.36882710292107,61.92860047808459,67.62549500479334,285.2602766891307
0,-0.12,0.13773419613865817,409.89867971295297,110.96880527530321,63.588308846491856,63.07754029908079,65.65474806916075,71.17500416556133,69.01249930940635,277.0752459610192
0,-0.12,0.1377509634160941,422.5387626558033,113.17636643043728,62.211992242351556,64.22947090942628,72.57438622678788,62.20783061996258,65.33782222576151,283.0513916880294
0,-0.12,0.1377685297417293,412.03224479407226,116.03401366286451,66.91015331267134,61.74260881744181,67.59461123465786,65.18314707373398,67.53025432487753,283.5608042036409
0,-0.12,0.13778687796747333,405.2678282056557,123.74741770546866,71.01837940404569,72.88452825625014,69.8874045787353,63.512438087583156,69.69795496598084,285.70719055922405
0,-0.12,0.1378060011095923,407.3940480019295,116.13473317471806,61.70091804096494,68.65342302564778,65.47135477858022,70.1471599769043,68.76710640383187,286.0935754602069
0,-0.12,0.13782589990911015,411.95903958565543,117.43342101153752,70.11259048752144,67.72291276965913,72.41331077559587,62.61545651092826,62.960285037141055,276.9469107187938
0,-0.12,0.1378465805350702,409.17645194257267,117.79480773476888,69.54158653313635,69.58583922334667,68.27880018015557,71.83593717888759,72.73885837926154,278.4870608596266
0,-0.12,0.13791442904377854,364.94033060667095,104.10987809805549,63.484075642559944,67.3099016510328,66.27642556635374,70.85553416775758,64.42375122775488,322.88204040954264
0,-0.12,0.13793933062906857,356.0705098908697,96.01328314438211,69.98781292773796,67.5283492694727,64.77859284172523,71.4535750814029,64.00757288540507,326.73589572488146
0,-0.12,0.13794670664528358,364.3013270503534,97.8045027904269,67.25164746898416,67.79704210985184,69.6379960987673,65.79015690470656,65.94402002366058,337.85946390844214
0,-0.12,0.13795182867752478,359.53978130558477,102.40685487886303,66.12150705191148,68.96134403421246,63.78937078999011,68.22014917862191,72.86257150452302,328.661007964975
0,-0.12,0.13795711296774907,377.215043990713,91.73439759351274,66.40053507428198,64.33711411401114,67.46987019092876,65.10669740755075,68.1486467867301,334.6133873977765
0,-0.12,0.13796262316443195,355.23676415058856,95.69275429413032,68.78044146409744,63.65408690917028,67.2986589924579,71.60309568500635,72.41444213772122,348.178241650925
0,-0.12,0.13796811259575054,355.5322343568502,89.86288641288571,66.82804922124677,67.89129531454505,60.263626425045295,69.28067509462126,68.33609536503914,334.83357037789915
0,-0.12,0.13797365885851218,352.4295299207937,88.3200005166048,64.13952494293156,65.71441280979961,69.94495455711397,69.93692026286158,69.64619937013077,329.4000831763687
0,-0.12,0.13797912221584754,356.2656520247,85.72933020055027,65.54522791181793,71.9592646743014,66.22199460726121,62.04575795040406,74.57961177970354,336.87449211897535
0,-0.12,0.13798436614650475,356.32626913292586,84.33295136251859,69.91810118252445,61.783454259324834,66.83664936555799,70.38979396173936,77.09022838736801,336.3294702577952
0,-0.12,0.13798928372670877,352.11617969987753,78.87258873676967,62.611610525350926,68.33352477525604,66.74565089876072,66.70013235905306,80.67211600639351,337.1257823323399
0,-0.12,0.13799269096642175,349.6454477621887,73.87134624652252,72.45186786718321,70.78448939233878,68.46222207765857,65.68017990232393,82.43155421558508,341.37389502595136
0,-0.12,0.13799359258339428,333.9909838401793,81.4489648300108,63.40679988803009,71.42803410187017,64.62082980446749,68.31073259202017,83.33281103061312,346.844953576851
0,-0.12,0.13799261592596185,355.4856966409173,77.80452279942418,72.14432570114653,65.78151939292057,67.86547113121941,66.89173999164284,85.69619006861554,355.129183955752
0,-0.12,0.13799176572140648,350.118781966424,88.12209324551267,66.99725816038271,69.40043408271163,64.45335991213334,69.14668934120338,81.7131972836051,345.0988850256652
0,-0.12,0.13799107970207566,349.5612086362774,80.66691735391932,67.95049530640256,61.63405761453513,64.58999322362239,60.020152810568256,75.47495755719201,351.72655395290604
0,-0.12,0.13799049055823598,345.67767862307176,77.15560172526634,66.3760639683853,68.99969120802636,68.36522168697192,64.35946861984742,81.90006774014721,351.0492201494821
0,-0.12,0.13798995773125913,351.0901189770969,74.43293381735215,68.3397637129793,69.02246350332489,67.26059397268229,68.59217917288987,80.5394314742894,344.8775676143807
0,-0.12,0.13798945832918166,347.8167338400384,75.06490354583907,71.67989139770681,69.28539657866821,63.03229681670335,67.9017549550281,82.31588285784328,352.7981698115955
0,-0.12,0.13798898136862778,343.94953670014536,80.74482353014592,62.20498839120112,63.60761010672597,65.12944072149243,69.16172014630767,81.47053909887704,336.4572867282638
0,-0.12,0.13798852336192027,348.44146805209493,81.84373207147915,68.67373688487254,66.2997298170018,65.17655884056055,70.12265566001005,80.84468762059527,345.88224515213807
0,-0.12,0.13798808333251683,352.1507837730471,79.59378091045679,61.68686096068594,67.9883793170188,70.03918028735305,62.14385250809675,81.60735174121103,351.2836809075879
0,-0.12,0.1379876630469645,349.6656488210383,78.36545484984131,71.38264881909252,68.93903085657045,62.88890627026615,67.81874550893257,83.48282919266872,348.92103669347387
0,-0.12,0.13798726678096254,352.45167159481184,72.83661732424845,63.82680191512922,63.32603615698401,68.63043458561225,64.98897068687575,80.52250403860452,341.8880569836173
0,-0.12,0.13798689813380252,340.50511434492535,78.81707438681175,71.92281369460298,67.09981058136069,70.90478571840553,62.7537080737709,85.41889058956225,344.47302920289667
0,-0.12,0.13798655960343761,345.79653134854004,77.50181836239972,65.9912656092279,68.34400341014656,71.10463364309108,66.39165282230022,78.84311495310673,342.05992527934455
0,-0.12,0.13798625246099744,339.8249752675281,78.26275658623405,65.28856751787956,65.86191150277136,64.32585234197343,63.110515885707855,84.59536615011777,352.37041514151997
0,-0.12,0.1379859768152572,340.69819994823894,81.16859434960844,67.07384006862183,64.59488185311996,67.41135604434625,66.79898048042561,78.14514361049837,339.39876164754037
0,-0.12,0.1379857317858842,357.2773429924757,80.76272201742172,69.3810085234815,65.24006636112969,65.580407674495,65.91028175290897,77.98040731914679,348.45762829149925
0,-0.12,0.13798551572641723,347.3420534423733,74.81270621051767,68.11854123663637,75.47944556634319,65.254746296515,68.6349238946956,80.8854962286927,342.01269278873866
0,-0.12,0.13798532645637732,347.0056041382195,70.92095170441432,71.70084641514005,64.354043656416,66.21314038330607,72.05683314974262,80.1939124046438,347.1172722742527
0,-0.12,0.13798516147662768,352.42111592507644,82.33173083806658,69.06728176234637,63.81641148362959,66.95455475840906,65.77244155266506,83.79862846161586,346.9730576896343
0,-0.12,0.1379850185718406,348.3353356404917,85.99377556601588,67.91318905717999,69.44871631427038,62.73985472852674,63.80593201524207,76.95965368820004,354.8288835900698
0,-0.12,0.1379848951617375,343.9171559038104,79.55805242356749,68.26011828231916,60.98531610124582,63.037941342621174,66.93537435035388,83.01183330456256,353.8322089527039
0,-0.12,0.13798478833052943,346.8573815022058,82.01709528013842,60.50671073861539,68.8156808852113,66.99613788478227,64.62630665234293,82.40263680965718,349.5639665995138
0,-0.12,0.13798469477634978,346.07669292687495,78.672737174061,66.40690139179199,63.059642909964175,67.32329192673933,67.91730482450085,82.11533019709186,356.328002981425
0,-0.12,0.1379846124123751,345.1151218564824,79.41807490610832,69.3844075606717,66.72016687371115,63.46043333501367,67.6297353245563,80.65200565110912,341.8357201058968
0,-0.12,0.13798454037208888,340.42865104042346,80.1675528531496,63.85129420383466,67.769719355073,68.76361846539113,69.09709803867179,79.71559179189909,354.54016594718667
0,-0.12,0.13798447707545589,352.8547280599196,79.97724658711138,68.09802406730537,62.86383757424122,65.30909259543061,61.65366545666598,78.36107716671945,349.6877093507824
0,-0.12,0.13798442121273669,350.51057544165974,84.07276443119864,72.46575525362988,68.93826549889353,69.85973586216855,72.91541796336126,77.68105001543738,349.1890066254501
0,-0.12,0.1379843717056226,339.4129267845363,74.69614677514632,68.28492113597852,70.6774931830965,64.20275200459413,68.21227715254079,82.37633783512771,349.94338647175516
0,-0.12,0.1379843276690714,348.6402752686147,74.53767744425352,71.41932732907611,64.71638607579847,65.51280151337649,65.18104955872985,80.74314371430467,353.2464394226522
0,-0.12,0.13798428837678284,334.84793728458226,81.70175806305478,67.68625656544921,66.55428680376598,64.93772816585712,72.38759603527578,80.57229320176248,351.36166745668606
0,-0.12,0.13798425323095295,349.19934793263326,75.21525505983486,68.17238641798262,68.43545290372214,66.89635241536838,62.64423160391871,81.58978999831388,343.33938747564696
0,-0.12,0.13798422173650868,346.5107153643572,76.36674136916763,70.23215835824291,61.2659361357232,72.11010370028927,68.39779924688997,82.79002029521219,350.14317998444875
0,-0.12,0.13798419347970914,344.7109401812703,80.3575573445192,67.76400432714797,73.99664856195213,67.37564328512718,66.13561503047995,80.49737370598253,340.2058325218447
0,-0.12,0.13798416813524966,339.78401193347804,79.39090263182842,68.5941994817337,65.11124171261156,73.54089143120967,62.499889980473796,79.38708303845779,359.4193666774583
0,-0.12,0.1379841453718583,353.51893249652727,78.18628082019201,62.45397618446581,64.29190489244573,69.56975797088487,63.70397235289712,79.34431489266295,349.86665805250885
0,-0.12,0.13798412493114742,352.69318806411525,86.92339771474691,71.88466376663838,68.57919752223015,69.69794316234031,64.27980655267407,81.45059609604077,341.03234687049627
0,-0.12,0.13798410658573662,344.7399869415648,80.01922402634725,67.16524360330915,66.45655556258596,67.9040023526273,68.71487364401295,76.2065524863279,352.326879752882
0,-0.12,0.13798409013324764,347.4952571009268,80.53523301540714,69.25831319091009,67.88678278362973,73.36607371037174,72.38109961114742,80.08794087427128,351.4437898568899
0,-0.12,0.13798407539187998,352.3418751635806,81.32911662344131,71.58357778077571,65.36194058720913,72.0056467874909,70.31944006620107,81.81616758802754,350.0424058406083
0,-0.12,0.13798406219718753,343.6165696863516,75.78641707755023,67.1797929120178,70.0354509638137,70.09265322378978,64.99473678350759,81.64561197145179,353.28635160583815
0,-0.12,0.13798405039973588,355.96911306384015,81.5221811898648,68.88148811556567,67.14952179909689,63.8374058848112,71.0972580614174,82.68275899657269,349.17048886340945
0,-0.12,0.13798403986338745,342.06217591921745,85.32623242007341,61.974514407014475,70.3618888880049,69.61149616645542,70.26030301752698,77.3501743139497,345.65566839966885
0,-0.12,0.1379840304640172,350.9034485573721,86.94507193404951,70.19478581529565,65.39475048927879,64.96655689537813,67.00803369242036,76.82316664478108,341.4445701822657
0,-0.12,0.13798402208850774,351.7148482996391,81.26303132347599,68.96671440549704,62.88484874282912,71.80747902120913,69.28285075707552,77.78021210061863,349.809167399934
0,-0.12,0.1379840146339241,357.6600323894283,79.42012968391585,68.23657458012069,68.87972011500376,66.85502594833213,68.53166521067968,78.77414538818618,354.37743162805987
0,-0.12,0.1379840080067896,356.1499946997958,80.89580372144306,61.96824089343329,66.1668790698703,64.53034231027209,65.92750069543166,84.20737479103558,359.0639277198246
0,-0.12,0.13798400212242087,352.2423924569271,81.1999464326363,65.01826622914749,67.4905150479991,70.51582263313128,70.22367500975676,78.87132351723405,355.97181878138474
0,-0.12,0.13798399690429441,362.06961978042045,77.20254905701194,66.73278552698552,70.50573811642664,63.955966480107165,63.84554103921842,81.09930497162013,352.4219250346615
0,-0.12,0.13798399228343042,344.4766428263631,78.66345122983996,73.85760781060219,70.72136006776373,69.00759905183273,69.16406847234525,83.3113898389291,344.03146821521534
0,-0.12,0.13798398819779079,348.74918727630353,72.04140489215497,65.03035488186164,68.8517520263062,67.90573946364785,68.8273655503859,85.18759096221712,358.092226553462
0,-0.12,0.1379839845916913,342.14678121352114,73.39190321795665,66.87043151679354,62.547586049634376,65.16427023162075,68.24141733436278,87.4692302423505,343.4523353358711
0,-0.12,0.13798398141523452,343.17833787062574,82.05644964514397,69.67831947414282,64.02232193397552,67.68885655376731,63.993117537049315,74.44742539414933,348.01097642187136
0,-0.12,0.13798397862376574,354.73335113777944,80.45638679732956,64.16432466559574,66.19732184323367,69.54330912746488,66.91591776034014,79.56273404022828,347.9671996998294
0,-0.12,0.1379839761773576,354.92656901152463,78.86160109516673,69.69099583610078,64.62543340370979,65.28159304906035,68.85848470433011,81.63209850321354,347.440401623054
0,-0.12,0.1379839740403299,341.9669799230375,76.81838054805084,67.88489977160064,65.77557524518127,67.2733381863662,66.52209364152122,77.96020221133683,349.74766154031494
0,-0.12,0.13798397218080355,344.46725454167137,77.21221599345844,67.05648989804651,71.83924784439156,69.69969758844886,67.72904493354481,77.77296305739968,341.64290824588505
0,-0.12,0.137983970570292,346.0893381961276,80.59350737855395,75.38188654429163,70.22768824271259,64.5494523920567,64.1619872346461,82.93237292989546,345.12146391825354
0,-0.12,0.1379839691833311,349.02209217642775,84.71107032547825,67.26602783750934,70.10905235360467,70.69257597706172,66.28712998491406,78.98809148736738,353.0591357894187
0,-0.12,0.1379839679971452,346.1311692431899,78.29432662331789,71.19010948779133,70.22843857310419,58.641329122893744,57.44945273343225,80.68552375684317,336.65177097532904
0,-0.12,0.1379839669913478,342.26286540838896,83.48912670114827,71.26429381407179,71.1136593420377,67.95482616384459,62.756649640853,77.83256799526796,338.40933653768894
0,-0.12,0.1379839661476764,343.3211400907079,83.324891960099,66.38770456159837,67.12554209035555,64.97580767460043,69.01682094662598,75.6203503402755,348.2529747224911
0,-0.12,0.13798396544975536,355.99456117930833,79.97949682500835,71.36054467830284,68.5791353025323,68.08720033007948,66.03856612081493,85.02641623931683,340.9573967393405
0,-0.12,0.13798396488288853,344.8524006173091,80.66049112874715,68.20716816618514,69.09705628159689,68.21349053680692,59.319592808798255,87.38834107456013,343.17067566887556
0,-0.12,0.13798396443387467,341.3274094320355,84.96975597813397,63.531025850902935,63.18005836086764,68.77475164898415,75.05149480229542,76.2626199492607,341.5750903946998
0,-0.12,0.13798396409084562,347.1026095853448,75.35346736829565,71.41007470531976,61.85321921658286,66.31858724015746,65.56583205403713,76.26648177305567,348.59092281643973
0,-0.12,0.13798396384312364,348.5532549474235,77.51407155301935,62.89077911328699,72.26622819785956,67.85764707578453,68.5822000231136,76.47221095392773,350.08319423398893
0,-0.12,0.13798396368109528,344.13322197549667,79.4475586484862,66.55694741677742,65.56559081806921,75.03646721235016,66.30779428601387,77.65852138163469,333.53521694137993
0,-0.12,0.13798396359610057,355.03808353903185,80.82782718161671,71.30134848191422,60.41098338485347,66.58649283159293,71.6013143442299,79.73827220899734,347.0208339602699
0,-0.12,0.13798396358033382,348.7487090869798,80.60841298221028,64.65402460377932,62.30614487384112,70.138640954558,63.09610148467591,83.09008016932917,355.52594928178235
0,-0.12,0.1379839636267585,348.97038008632,74.44910463960291,57.25650440131183,64.26833480722098,66.18823720358475,67.69806388772302,82.8511867289183,366.13393113701767
0,-0.12,0.13798396372902835,353.2125844028268,86.25114934328343,66.66121029978164,69.46366602473314,65.55075599667494,69.9145348268758,82.63683283689775,340.3926400038838
0,-0.12,0.13798396388142004,363.82845269846234,78.06362696189379,66.24274426612097,68.42027629940308,69.29295922166752,72.62520816683545,84.72318700854521,341.8471404394856
0,-0.12,0.1379839640796708,344.10233919795746,81.58240085928362,64.02112708752566,71.22275438865513,65.21910063718838,66.84650976273416,83.6914415652833,350.6062012056135
0,-0.12,0.13798396432054846,338.64967758659833,75.443808194441,71.21462302187464,72.22479399536239,59.059175970495986,65.1302437128119,84.14704038170258,349.9136123413856
0,-0.12,0.13798396459964976,356.8565973785087,78.47916687823883,66.15771461096328,69.19654703515104,63.95584264335556,67.47319696332663,86.90468565918206,345.7748237605423
0,-0.12,0.13798396491301804,351.27988374828317,81.33103701540844,71.74574599364706,63.082211666819724,68.78449697100855,67.44652508579215,79.75866689285827,350.8667085371574
0,-0.12,0.13798396525709739,344.1817730946687,79.84857587062353,68.63933476659189,66.49511325797562,62.033329738776594,68.51928586053866,84.06189132982523,336.446412927346
0,-0.12,0.13798396562868886,344.4282216677623,80.31706257154315,62.65842138541059,65.64222209775977,67.6348142034202,65.45430510742547,83.20231927387792,340.4789336807072
0,-0.12,0.13798396602491617,353.6167644042859,78.3098675788904,63.73071200406202,67.32636384624422,77.10486947733705,73.78443952119082,81.79005606682014,352.54181637955105
0,-0.12,0.1379839664431908,344.62442797601983,76.65567465293566,71.17303256493885,63.57903954418991,62.324372613791354,66.9114807193304,80.96792022135416,345.6129731395433
0,-0.12,0.1379839668811849,353.36657430193435,72.41576820726694,64.41974387159077,67.91711566672319,65.61638510710952,62.53624663197571,88.68975099116676,346.64485445237585
0,-0.12,0.1379839673368041,346.7965251640082,82.77560600406846,68.65329537684387,70.57897501914077,64.46445118007107,63.810572131806325,83.20222081717705,352.4069178445525
0,-0.12,0.13798396780816474,355.4016428626009,85.0510137967553,57.13444800623366,68.04597106160423,65.04402614496787,70.25547089275518,79.95921725002687,349.4469997845269
0,-0.12,0.13798396829357268,346.8832633273484,86.81949622731595,63.518147101079116,64.39106449953336,62.87384794017676,71.39020253474553,82.7473709964051,343.25606615548475
0,-0.12,0.13798396879150518,340.57688601673004,81.77265274301625,64.62547627092876,66.61019489670673,62.26134647094844,70.86300997681991,78.15705463712548,347.52891632241693
0,-0.12,0.13798396930059317,347.27199831840744,79.53731679305979,66.30710236371654,71.54988696834315,68.04615397585583,63.58021295226628,77.59427711061471,349.9618626509009
0,-0.12,0.13798396981960648,340.17067121659386,80.0220727067885,72.26762058152224,71.34578920755062,70.19636690437653,68.77746265172146,78.09055873363201,334.920607545408
0,-0.12,0.13798397034743956,351.36686580097705,82.67848274169751,72.43291818617038,64.39736919604601,69.38680379848407,65.42946324815452,84.07122988673372,346.82786662739915
0,-0.12,0.1379839708830994,352.52790708425897,80.94879866399403,69.03650260020481,62.384049427721635,67.347313688838,63.41727355545077,79.75509857391751,347.911342694217
0,-0.12,0.13798397142569466,341.669883702318,79.49993278026487,62.313182935944084,68.96596754419699,67.56127630954887,71.34000970763775,80.31594214324338,348.5297590621199
0,-0.12,0.1379839719744244,343.07682518894273,75.39653689830456,70.10134782408949,65.46082007005424,67.94988224224069,64.22993808415396,80.82722819759769,351.16268711266315
0,-0.12,0.13798397252856964,349.7143279691498,77.59996375870072,65.40787052992465,68.9221330935902,69.69565134311095,67.58909961294573,85.00178473230619,348.93350738455575
0,-0.12,0.13798397308748495,337.8556689748222,79.57780921153568,67.64469350279951,67.94164728865847,66.73824635015647,71.61568016333442,81.78373824414963,344.7273856401247
0,-0.12,0.13798397365059115,342.29147186218694,74.00659697852134,68.40271012009914,67.70253221984686,71.2171627009628,62.60512584177634,81.51198576124636,360.2108227344609
0,-0.12,0.13798397421736822,332.3376682258206,80.61218580685066,68.77105172083678,69.31087871611524,64.74877159554956,61.387091427827364,80.37567923092112,359.18320739151557
0,-0.12,0.13798397478734895,354.31413625422607,78.24943087320533,64.25477017690436,70.69577922928771,71.92090835504095,67.78043264765924,82.64949966552385,351.57654193109653
0,-0.12,0.13798397536011436,345.8349941365074,84.25663996705637,65.54983354658461,67.99647507320364,69.657568422948,64.29747886725704,77.31162334372405,351.8058050655234
0,-0.12,0.13798397593528763,339.60377923129005,82.62828619691605,69.75318188153264,61.199752066337524,62.78665471363279,72.98125126827844,82.96815871888516,334.1181719318449
0,-0.12,0.13798397651253036,352.7218667464437,78.55635686500176,73.33553824082428,65.39763520284282,66.79126585040596,70.68441598804583,80.20848818386911,352.4789473659373
0,-0.12,0.13798397709153862,346.75943700219034,79.25043589865703,71.65123232289245,65.76063921767374,71.3164950938932,66.67795282911415,78.21031381521597,354.54771565881487
0,-0.12,0.13798397767203924,356.2267599032392,85.92224516218977,68.62849383969557,66.87119354133901,68.08030429235068,67.343239990532,80.7513118999179,346.0525550875202
0,-0.12,0.13798397825378655,357.4393118782699,79.29990190879396,62.38660436585142,70.80284546002657,64.61101929014484,69.77267629790917,77.43917631607127,337.12777559632474
0,-0.12,0.13798397883655908,347.8762464454769,77.91122864977248,64.72238904844282,70.47971999434819,61.51530596703764,74.1664433731067,78.66307494640445,346.8819202185711
0,-0.12,0.137983979420158,349.7103390944509,77.35643708730193,67.29493734112728,65.35234915038575,62.86451013426253,71.13087330263613,82.89812270902816,346.6587700531628
0,-0.12,0.13798398000440398,346.73647177453427,84.01398533982204,68.05048008300017,66.04490848489475,64.45518785108295,60.877169113577835,81.04010778854943,348.2255142492666
0,-0.12,0.13798398058913564,345.69176001965565,80.8088565777271,68.5527847773654,65.84368468316121,63.77309871101356,69.05093368199108,81.51672128913995,339.0265658513624
0,-0.12,0.1379839811742075,335.2529125491038,85.87142741541497,64.7687849273191,67.61053879294455,62.370784694837766,66.55701185854446,77.4226666708522,345.021627044154
0,-0.12,0.13798398175948834,346.06348967636995,80.86431129462783,69.03603426820253,73.14044601038852,60.957595807521145,67.63188047014151,80.66410189016253,350.4393005213151
0,-0.12,0.13798398234486042,355.31738821221586,84.9463378521829,72.39702576749677,72.0263353946636,64.95857593866201,70.52352994830574,78.5662649607306,341.5257526030165
0,-0.12,0.13798398293021694,356.7901783640025,72.6859984116399,70.69150228095106,65.71168534027005,63.84183957648951,69.71387764837057,80.72010340181276,354.6978360213722
0,-0.12,0.13798398351546248,344.4412262013369,77.90957926825979,66.16715111302324,68.93207545315272,67.07785597631404,67.13998353488944,78.00444146878013,344.2420066060523
0,-0.12,0.1379839841005108,347.30634522842723,83.0973936027737,68.43702302959387,67.72086743019103,63.89016655737958,69.04819495444649,81.07303912698539,342.8216925600632
0,-0.12,0.1379839846852841,347.6700005208241,82.71766511023361,67.70646808958337,68.01638635977517,68.86624012377216,66.67808453344574,81.08018029099968,352.7135131937119
0,-0.12,0.1379839852697135,342.8870152112157,77.90138700575922,62.621007800271165,67.69488271009148,68.54686938515485,68.3186847688892,79.37754872073857,353.3762836699287
0,-0.12,0.1379839858537363,359.0826896135918,79.76392091558789,66.14115089182455,62.987120600504944,70.19263723284288,66.07473819725148,81.74726756587813,350.92692404610773
0,-0.12,0.13798398643729717,349.6167113936777,74.99133039166367,63.75302994714526,63.461509024502746,67.30169222749221,67.26031522610458,80.17400112142809,353.0825157293408
0,-0.12,0.13798398702034656,347.4878781881564,79.58813041889756,72.33134500652892,68.48680537687864,66.45703200813888,66.0700845456348,83.94340183790578,350.5754771737511
0,-0.12,0.13798398760284042,335.9750708166311,76.67363825619911,65.71564295415423,62.905612342507254,64.5740921763083,67.5403277591416,80.55996398385805,340.2340151677477
0,-0.12,0.13798398818473967,328.5998622045008,84.04490033532315,69.73430401276244,66.95792409985742,69.29565498583995,63.026014113094604,77.94161351494367,341.3016322645381
0,-0.12,0.1379839887660099,350.90204167276164,79.00301315972364,63.69975873574046,64.02032165792792,66.61691067335296,68.77533415115617,77.90952644727814,353.9204227339359
0,-0.12,0.13798398934662112,352.1967298877487,72.45804949535723,64.21123619353584,66.94249816124189,67.87429026003022,61.439730445126195,76.52870195490716,340.3165819579424
0,-0.12,0.13798398992654662,357.30358567463725,79.83778255662911,71.21392474610275,69.65319653890766,67.42770280526366,64.7410944143244,77.32869123594818,340.197278135478
0,-0.12,0.1379839905057636,355.4071893561752,80.31655943174516,72.46687454346697,68.23001125531236,67.44156448536462,67.29269098633138,76.84767829599384,349.0064381044356
0,-0.12,0.13798399108425186,352.592167162412,79.61778659178452,64.4338190744729,67.22243388255592,66.03854039416815,69.8442536968412,77.08117361536526,360.235565022089
0,-0.12,0.13798399166199404,350.2777856601001,78.79463009601034,66.43970967916313,70.24717117264915,77.5291965764867,66.84555104471914,80.02361867125624,356.906829579843
0,-0.12,0.13798399223897545,347.6830135837116,79.31097975758287,68.65036270327224,73.3539527508487,70.10196443045827,61.76941912796509,76.99502687307907,341.97233800475965
0,-0.12,0.13798399281518273,344.1757512779777,79.84149236221532,68.07823253123274,65.80806730344486,67.35788159655966,66.80797416360899,82.89729659481416,344.232780816331
0,-0.12,0.13798399339060513,346.072196155258,77.23403841102964,74.97362831038127,60.51462079337807,65.2871428172911,67.21874316249381,80.20661998344471,356.1192440003471
0,-0.12,0.13798399396523256,341.7673568123136,76.31048724138381,63.47070262339795,69.35253158088916,65.52390452349248,67.13608479903316,77.06825817073673,346.7155664030884
0,-0.12,0.13798399453905705,352.8789479422508,85.04733290450984,69.47515290463676,66.37048883283167,66.53148481262616,62.53212357766465,78.42023888977276,341.77293260860085
0,-0.12,0.13798399511207102,355.63716671411817,82.10976246031782,69.66113613138019,66.11394829297484,66.49801554767875,66.50702390384318,78.99942370612592,347.92306765867835
0,-0.12,0.13798399568426795,363.61771943263784,78.0374970310757,59.75792720982681,66.06935269191831,62.59886931628647,66.57544220997016,83.10998597714777,337.30728934544106
0,-0.12,0.13798399625564176,352.4282937755698,79.72445168996354,67.15184628166182,69.90099361179625,65.32844967908088,62.55188530860847,82.94566533738265,348.0753011285855
0,-0.12,0.137983996826187,340.5531566723165,82.50088419287273,66.59473842741545,65.26303527946034,63.25998525926726,64.15754346151529,79.46005269761766,352.9857560596202
0,-0.12,0.13798399739589856,350.6246490374368,81.7164454154366,64.52060918438109,69.58765520106687,69.69394239858305,60.17377780922359,80.46030128477136,349.05531203696574
0,-0.12,0.13798399796477154,351.87267918928785,78.98308440933927,69.3495350480016,70.84572528034906,71.56592265076922,66.86392763324608,78.81643904270058,347.4387260821869
0,-0.12,0.13798399853280127,353.4477348634326,81.37591725908872,60.6440945000759,63.06784473578198,65.5449040143343,67.11042106352528,85.48446822046617,345.2268154065914
0,-0.12,0.13798399909998316,348.4565022520783,78.63985325714836,68.81481099360651,66.87721450879535,68.25810911863664,70.35252089155098,84.72911735066535,353.23466617753036
0,-0.12,0.13798399966631253,350.73559399324785,80.2147656124482,66.79710750269379,66.64428853848462,71.323655183653,62.22308385000601,80.16127255167858,343.47428731526867
0,-0.12,0.1379840002317848,337.18571562115466,74.86478519175755,62.03348826073694,64.3818149271295,71.14440905242391,65.39612162928087,79.57404320643475,353.6343387996496
0,-0.12,0.1379840007963959,351.1204273441123,86.06104184017362,62.76250686217595,69.38440887844966,64.8757031153218,68.77711843574495,81.6017877750783,343.4762043935879
0,-0.12,0.1379840013601415,342.3913661108611,88.55416382761015,67.54625702595133,69.01206882070096,69.81034143270095,65.87588276082548,78.12953695910737,338.58543858645703
0,-0.12,0.13798400192301766,346.68383945998767,81.9216855771401,65.7117874809347,66.72562265658476,69.51961697791646,66.75346550309298,79.4723533074805,336.16166253536204
0,-0.12,0.1379840024850205,351.06437668400883,81.33702024057038,64.93705249679188,63.12959051070692,64.53191395388258,67.4036993725985,81.07488382412033,346.53542502507196
0,-0.12,0.1379840030461465,341.83087571487613,78.58835328046108,60.84623884720566,67.632623780755,66.92713514415993,71.8204597509313,80.91458270213732,343.32439254894194
0,-0.12,0.1379840036063926,363.3348710430199,81.99720485143837,66.74703561894033,62.685609423945344,65.83883268068622,64.09355204138244,85.40764781176625,349.36178157907415
0,-0.12,0.13798400416575626,339.82578557518235,73.83031610017274,67.9144845662777,61.40375330437073,65.43362698983411,69.98557772717105,77.62164386324467,349.0119450774361
0,-0.12,0.13798400472423497,353.8405124933471,77.0372575065728,67.82582985010954,64.48059564786196,72.35912691596937,68.96655886555108,77.28490144520877,338.6276262426634
0,-0.12,0.1379840052818275,346.89582521938576,82.58687703465864,73.26828354482222,69.54350168737074,72.3165082203153,72.82616724226811,79.12086488285553,359.0729275175015
0,-0.12,0.1379840058385325,348.48773689281546,83.94642860896593,64.32907384148588,65.58089030347682,64.2266106035897,71.83240394166316,80.93271759519537,341.61855988034057
0,-0.12,0.13798400639434955,348.18705240642,85.27227591425252,71.20871104272896,62.54353705597934,71.44067998267353,69.7785650639778,84.61701816976775,354.05823954622133
0,-0.12,0.1379840069492791,342.96756603577217,76.09145883150262,69.91365664996724,63.77395882347855,72.05954803524148,70.53556955002146,81.13487520753749,346.3129745558322
0,-0.12,0.13798400750332174,347.85345943670615,73.31429424464412,63.11681755319321,66.15111191428277,67.26128768641631,61.97120042349389,78.41345533783472,342.89615409102936
0,-0.12,0.13798400805647876,341.32650824573767,80.79891544545013,66.42985795867162,72.22491023211676,71.17214521870342,71.04642270691353,77.06979291684046,346.2738133854149
0,-0.12,0.13798400860875235,356.92769725920635,82.5714831107514,67.06166065652495,67.29828221219711,64.97074559564587,63.972598516990374,78.08316006201652,343.0011169378934
0,-0.12,0.13798400916014505,343.68255728254434,76.65342569829421,68.79787806323257,63.590433278457525,68.46523030303683,70.13121176670629,81.12644902894469,343.2519846193265
0,-0.12,0.13798400971065955,350.0721240487498,83.54696388191579,66.20907340232628,67.4251032538489,67.77478836561376,66.89479334241375,83.38092498925963,340.05655270565694
0,-0.12,0.13798401026029908,347.4651722950315,78.03207984035099,72.84845961061556,65.36905588867722,72.49990849336136,69.05076193162098,77.47665437405833,353.8699691329658
0,-0.12,0.13798401080906722,350.45397942294005,79.39477377082362,71.96638298665029,66.1777376743764,66.54426995556636,65.9320894330751,79.91182954132937,362.1209771615784
0,-0.12,0.13798401135696753,354.86134628975026,76.41044176934504,69.81692142452118,69.53018392125367,68.02840467479697,72.59412743003567,78.87198090530444,342.4804457976846
0,-0.12,0.13798401190400364,341.0733189979976,78.51616437845145,65.81328605621897,62.87327122504379,67.73972837583521,69.75448232056674,86.13727112636809,360.21193242052726
0,-0.12,0.13798401245017955,352.296026780326,81.86495753823999,64.0564102581352,75.01994707520669,71.24499457744338,66.79317203939154,77.09515898804588,344.51767262851
0,-0.12,0.13798401299549856,342.0419469266892,77.62757327905777,69.39610643438097,68.16684543704079,59.62494653441078,65.5279750798555,76.97039089465116,355.5302141293713
0,-0.12,0.13798401353996412,353.17064243782187,81.35953434614542,67.25603198600568,65.20985067147045,67.57241633996544,70.01782791310995,88.01397380361591,350.4836210569245
0,-0.12,0.13798401408357888,350.93757852853867,77.98166061920558,65.71962388724492,66.20149944011759,68.25983166016412,65.33190347890284,80.83098401094195,340.3921674643557
0,-0.12,0.13798401462634588,359.87736095410776,82.9077853117869,62.54943954370064,70.85464143664183,66.07091000422831,70.04554137405174,79.59188277106557,347.63170102511134
0,-0.12,0.13798401516826705,348.98967579804884,73.46135231543504,67.78203825688516,71.45819796837593,72.0665006924158,66.93220734185266,86.19020904927326,351.85521541396514
0,-0.12,0.1379840157093445,343.99801435964673,76.27650676262843,65.88448131961962,67.33023658232284,66.56108856126106,63.2803114252651,79.52469158095502,349.5944937944157
0,-0.12,0.13798401624957898,357.5779488438336,81.5836943079123,68.32112680099482,71.35350418058525,63.95146282712656,67.21264306604554,76.96010133523146,343.9023982562987
0,-0.12,0.1379840167889716,349.16602491178816,76.85826402911083,73.17424375016596,65.80791115370556,64.3139370924998,65.63137259296477,80.2005841356441,341.3369905902503
0,-0.12,0.1379840173275228,341.8372404094635,77.6465170273266,68.4471528538431,69.54047834664904,65.179014788835,62.740322904367105,85.91450268779174,347.401830370949
0,-0.12,0.13798401786523207,350.3810979147834,78.9474775804213,71.9557069825651,64.87183973852828,70.57541328662884,67.53125302250173,81.43047124860568,341.9336587429062
0,-0.12,0.13798401840209942,349.1019146719005,83.55733806571031,67.06327253521984,63.990115796838666,66.79441964876342,68.00403822569177,87.23690575349038,349.76510484184394
0,-0.12,0.13798401893812384,346.3844720034847,81.58498283343282,67.03555919997486,65.59668398077213,65.5941107829492,73.89504966282311,86.14391685688504,340.479194878106
0,-0.12,0.13798401947330413,346.42917754049836,77.12773952336867,65.20051926744507,68.76791592580265,68.28708624772653,70.38350009680337,82.23624508161859,341.7318408440702
0,-0.12,0.13798402000763935,338.7446831569871,79.97374935702422,64.18570569966809,69.05248175429378,66.38281024177269,67.40570843725592,81.30022525187901,340.940385964552
0,-0.12,0.13798402054112827,347.5524376859946,83.55810143124215,75.23957493950948,65.77351763817515,62.828058820861614,63.48123784555543,82.99885013371423,343.1315009020806
0,-0.12,0.13798402107376967,352.83508049218017,81.43387378698677,68.42526194864867,61.221161357301,63.724878619660714,66.12200593850106,77.0341261600473,346.32020352456567
0,-0.12,0.1379840216055628,344.247629086386,79.39355814148591,67.92552267435063,77.5990889955164,69.6301998563355,66.14591645328143,78.50786920820607,341.88249595113837
0,-0.12,0.13798402213650646,346.04496858680517,79.3433291909249,67.34022840277879,66.26687450867689,66.55922004775934,63.30891235928275,78.15314270569247,348.41699634833793
0,-0.12,0.13798402266660034,345.71856185512223,83.72452468297452,67.32453458493391,73.26188086967656,69.02375246306892,62.57591004271099,81.14901922403499,352.22655790853474
0,-0.12,0.13798402319584452,352.7273839769263,78.84669281571576,66.0611518896014,67.79839303890418,66.26998950379394,69.19492397012328,86.95452857098266,351.9562716390697
0,-0.12,0.13798402372423907,353.02693975747985,79.48024360488296,68.73440151028059,67.61480049783368,71.51615777483553,64.67616061555555,75.90508344885839,348.1521531747282
0,-0.12,0.13798402425178502,351.69551527661827,78.16904533169306,73.5132598068982,71.58967041011917,65.05694961312489,74.29793657720364,79.02833467096043,348.60697049110365
0,-0.12,0.13798402477848362,347.7904775934862,81.75467547447718,70.60060203930827,71.99111423117847,66.09787487644107,67.56728057455574,87.45014225199581,350.30429715862874
1,-0.08,0.2908645883051077,66.13948831340156,64.97661599197572,68.05515966606774,69.74798650372624,70.57860088631013,64.2766376365983,64.01661244019093,67.59669142476987
1,-0.08,0.285655004649819,68.24797943142971,73.46651399085437,71.63147895088412,70.1844924515055,65.33528022011879,68.22938088324716,72.5656747120055,64.55540959883986
1,-0.08,0.28028696460281005,72.72810192657457,72.46792013561624,66.23557406285605,65.88024750057204,72.72059932810296,67.3646733021263,67.89061620831922,70.3492031021673
1,-0.08,0.2748859859623185,60.18526378741432,70.2192755053517,63.644656263566915,69.67265696427982,73.78387740413191,64.47782246550592,69.42460685868413,70.85789245158306
1,-0.08,0.27183854415507686,68.99572051542386,62.250228899776786,71.45725101564346,66.15507095869602,66.26261070912007,67.99595785534297,61.415438647872335,69.99997166146699
1,-0.08,0.2688130447987289,67.25076472756412,69.14414985106838,69.89476262903153,71.23639350687867,66.06354502573309,70.43503972092022,67.64427135859303,66.66728903174959
1,-0.08,0.26459895782818876,65.01326887505009,65.61590636277558,61.28929772035272,65.6855474645729,62.540531841728786,69.27749887409006,64.22852383772616,70.79385137014839
1,-0.08,0.2603845686804757,65.38040023839685,71.60113644541914,67.89232349110365,68.6765258051155,66.47836728250924,66.43891635317271,67.33591240400592,63.02288054956819
1,-0.08,0.25662364848716773,66.17705998364737,70.11546341866267,67.20611626694873,68.85881994942723,69.17334581646584,64.53728922703212,65.96896763718618,66.50199152571923
1,-0.08,0.25288265307194885,60.014195151013794,69.47494554311963,73.41068307427214,69.25906760838492,72.3863386184937,64.7015016772624,66.36850846940959,66.73884873522049
1,-0.08,0.24915675063573886,67.37234078879757,67.13317300882687,65.21317607263123,69.14160824648009,71.29921680954978,57.47874549231854,66.59876056538933,66.0438875411231
1,-0.08,0.24544024499787678,66.18693826174223,69.7095369376031,64.18265149355311,66.56839934237802,67.2942872079845,66.06820661033456,64.7026382804091,71.39839643739897
1,-0.08,0.24172692213559077,65.18909128079989,66.91657131096336,71.15983482856322,69.69966438188374,68.43309115532574,62.94165177352889,69.05283246551886,67.4621215502541
1,-0.08,0.23801042520934199,70.98999269125869,66.23077423428632,63.82346620680777,69.49702626021212,72.17448633183292,64.97517554267988,66.19208154463023,62.7115357042595
1,-0.08,0.23417279772526725,61.93574611227628,74.72037733680767,65.46877465542812,70.00461836364573,67.48132023747439,63.59489435516176,66.33639027745667,64.75696206076174
1,-0.08,0.2303271055526518,61.62817235583312,69.26305495449941,62.455559849511374,69.79105065744406,75.38504900055814,70.98606217018218,67.86577853020675,65.75719353995053
1,-0.08,0.2264750238960179,67.42896202997363,66.11335093491341,67.59660945271973,64.9732869911104,69.60285487513978,67.20928501297381,65.69291682788592,67.81415796535893
1,-0.08,0.22261865525869518,67.2059857031072,68.96363003976164,68.41821144175488,57.87979900559274,71.92647327674399,68.17858362269662,63.70811053452544,70.71065940113972
1,-0.08,0.21876040702778823,67.2282172773354,65.39959246932403,70.92357691715827,63.59435083237925,65.82052703909251,71.44951209213716,70.81210393836471,70.10022586911961
1,-0.08,0.21490285057594594,65.72078316515055,67.27241958240263,64.90134790417531,65.69153859983729,68.39494275421974,70.57175777469675,73.21352760088266,66.35859772836609
1,-0.08,0.21104857052106862,60.89549933782821,62.397624546951135,65.75025052005091,70.2195077282699,66.85417696291532,67.84459013342673,63.931310694264695,69.69009791974453
1,-0.08,0.2072371944831906,68.65596055458767,68.33501403666713,62.33595428812576,63.75942716639322,63.495248582678634,68.3336517440173,68.91260459409717,67.77110515079637
1,-0.08,0.2034314692765031,66.19189298868014,64.5066790101535,64.58771157910478,65.55535981379961,67.92872044447418,67.65005778172085,69.39444696472471,63.831984530233136
1,-0.08,0.1996310624524958,64.95587851227296,67.53856498541442,64.85255740070977,69.57225644667605,65.47645965055109,66.82036970912618,69.5926715126939,65.96237479456273
1,-0.08,0.19583539179489984,66.81760121832204,71.92692960749332,65.17199262759515,66.15161378472814,68.88864520778213,66.8941231951775,64.55842945085548,72.97849988871207
1,-0.08,0.19204366454734165,70.23790397289243,64.94190870240541,71.43852534425186,67.15185783945981,64.0925862105811,63.51459953165129,71.01837299410852,71.93353618884885
1,-0.08,0.1882549295447706,69.79944290846692,67.59909482059038,66.13988315718815,67.90038993985196,74.57398440631069,72.08872799340578,65.59829454879389,67.19992700647278
1,-0.08,0.18446813917169447,66.19434490922633,67.70143848014787,70.52417365476603,69.56834475606797,67.53370612492313,70.27503552021335,70.04637426638222,69.29748278556018
1,-0.08,0.1806822174553773,69.56644810654713,64.32146773390171,65.82432089408125,65.82089963344612,69.03728301635105,68.24203282234517,61.71944349065817,67.27030106905463
1,-0.08,0.1768961302508758,71.04236834491758,68.07834437336284,64.71237846277499,66.12291360576945,63.82580045747121,69.19031676078617,64.374901970595,68.05977964349884
1,-0.08,0.17310895336979126,66.70500039489447,65.71830550190876,64.73726180401304,71.95389932227305,63.081412774640256,70.45819775118935,68.30795011087004,62.85674199964585
1,-0.08,0.16931993464911804,66.04537141616268,67.81978123334233,67.14000467353524,64.38451502687953,67.28565851478845,63.4139267566553,63.7060940491252,59.559454440836404
1,-0.08,0.1655216415100453,64.78326723475547,68.9432651428268,62.35471840457285,62.890738250387436,69.17918607802385,66.14588777056815,66.82972071483528,65.45839401945294
1,-0.08,0.1617211345668276,70.16352830342773,70.42179262399698,66.23257160075579,67.71324776251464,63.389607727854674,70.61890288858515,71.85234147895402,70.15449154509344
1,-0.08,0.15801157029929053,64.84017586782143,75.24760720626253,69.51696717082355,68.97361620114678,65.22232982668709,65.15271360935367,66.27713521232131,68.0633409492056
1,-0.08,0.15628882587547546,64.46706946516817,63.466933888577564,68.00479320101083,66.70027222512287,64.24627403745065,67.23645144085519,70.18857744481325,69.12756868779073
1,-0.08,0.15464896994140687,63.84898849449715,64.86973625631956,69.458616010633,64.78628924349866,68.26924779488452,66.21628056049764,67.15027876428957,66.10321272394725
1,-0.08,0.1497524717294858,65.8440528919235,67.52690947409745,68.88641502322896,67.60942999720645,67.03676186568232,71.26219154885482,71.11405467723772,71.29291514812397
1,-0.08,0.14647877628212078,71.39538704806183,68.4017279460492,66.95532074770139,61.641469077342435,69.0117950679851,64.29954664633462,66.93051363074764,71.0892455778984
1,-0.08,0.14320103608733056,66.09902691941728,69.42651508506093,61.283282431022194,70.2584068656588,59.620705774105105,65.7943736163365,64.31351899829056,69.41415417409318
1,-0.08,0.13931168699136556,67.28732118955946,67.42421081171463,65.06437216509553,65.6211770606323,63.776334305676315,67.74863070100179,65.4726348397878,70.49522066225786
1,-0.08,0.13539492464742373,73.8171877563979,74.36492046710255,72.07930010824214,63.32106182284692,63.40837332877047,67.80748927655408,71.27776626859928,71.40507820908121
1,-0.08,0.13145879823445938,106.85965316293564,62.71924919576413,66.62477096036214,70.1706476973677,66.42905648684207,68.4454732020294,67.63153124396703,85.64126466481486
1,-0.08,0.12751257226393092,122.26459453738477,61.22766681792312,74.17741705136275,66.44832127660575,64.87977641016974,62.55160421150951,66.25206318357358,121.11142307276677
1,-0.08,0.12356620219027788,208.08960926927776,66.15147156346379,65.83696479931804,66.8391163159323,64.6343643307805,65.90973465037236,65.27037616969265,168.40407425096657
1,-0.08,0.11978906827948739,352.8343427126727,97.9563326932989,64.01879598091755,66.1050046498892,62.19919340555021,65.17897261666418,71.3523891539981,299.415802044083
1,-0.08,0.11972445062248395,389.05967463280547,118.81544257758964,70.2036210656752,63.94709171635987,65.96511257209495,68.78182652975532,69.3048682240796,272.8190915768657
1,-0.08,0.11952279987605192,523.4453734465914,120.97403296283342,63.6464955667155,64.08434351053378,67.51649242465749,65.52992849678964,64.43047927264718,323.9032264080481
1,-0.08,0.11980900576709648,411.3994648364365,117.07278731064841,69.8046980600094,67.00866102925944,66.90293653057722,65.21128057040401,73.32065022824203,299.94875758217097
1,-0.08,0.11975505744905204,409.0335260277414,109.1824454767853,69.01258109166542,75.63042524046196,65.60624400201071,68.61534344431678,71.57880629133153,304.1826061279468
1,-0.08,0.11971531045895906,406.261639537094,113.15908423388156,62.24843244024944,66.37646972637387,64.26564891769567,67.06686515155452,67.75430599721369,302.2926884671219
1,-0.08,0.11968176791196937,411.4001942039404,111.84423262960581,69.69301344955069,65.78399722180149,68.75557700155407,69.42681435945651,71.43501865009756,297.5968673417464
1,-0.08,0.11965368139762984,404.2426087786276,123.53168320504612,67.25882175531474,68.08513620106038,66.28811710066591,67.55337480575761,69.16726340592429,296.31429668285074
1,-0.08,0.11963033019862421,399.41454717424347,116.48844810275335,69.41519426676012,66.7649773506555,66.44885390514487,70.0323418092829,68.95144690155857,298.4700234437429
1,-0.08,0.11956994642868127,405.4016259594066,120.79830888953693,64.44607974624861,64.60283522617199,62.38489059180351,64.54984692600408,66.69677981456498,290.2322420971524
1,-0.08,0.11950486994119833,433.89195189137564,121.23627657456177,74.07436037447731,67.73799689272373,68.32465423010474,64.15408668664647,68.46969804704146,283.98358704702
1,-0.08,0.11943382490252592,434.0129883069995,120.99766353781699,68.87968516112197,68.62119851137795,60.86049422272567,65.59827702807296,68.37960219813172,273.4811804787036
1,-0.08,0.11935517763308898,436.63680636133034,136.24904470498313,66.87265890586498,68.6988350207889,71.34868888891964,63.42384886193086,61.83563498586213,242.59119822564372
1,-0.08,0.11924035615743145,446.81927035904704,138.80949232072254,60.423884660413954,61.500960961228955,64.95076774609592,64.8515946726936,65.39503159837273,258.15196414995063
1,-0.08,0.11913525593774675,456.91451664692397,133.02709023960816,69.87185506632972,68.48613691403666,67.5983554499835,66.94346223658174,65.42756794695885,247.6633106285028
1,-0.08,0.11903514126663078,436.7449621536526,125.93980899777485,68.6111814972706,61.111128377201815,63.72070005159171,66.74557736979749,67.30018506808905,248.63547929521923
1,-0.08,0.11893931486166656,454.2480798826615,138.29261215279467,65.33432392308524,70.23853790860073,65.13858190979204,67.93532538204391,67.05300572893053,248.06073370113333
1,-0.08,0.11884725995693987,439.60417635059144,131.70666635019987,66.95516083201693,58.72056388551502,66.0264879728775,64.28147235786253,63.42943324998416,256.68304112398425
1,-0.08,0.11875884921629468,439.11527196393985,134.55716828007857,62.46552067950109,70.965742861285,65.48879095429292,65.58853712325137,69.70000280501372,255.8348438989197
1,-0.08,0.11867413672209454,455.67262094315254,122.11571372839512,68.3955856022764,69.98328145448804,68.17059429420955,63.058297988656086,66.59433861171662,264.79719391302586
1,-0.08,0.11859278276525244,451.5161930858803,130.90690709100272,67.33071040231853,63.017206798119844,66.85180888897548,59.158039446389644,66.4722487469511,241.52841743933834
1,-0.08,0.11851451934955237,444.6890639992998,125.67770123939482,67.03154061190465,63.48792447463974,68.84544608571544,71.47535266452411,66.46164421878404,254.26092381523407
1,-0.08,0.11843913339486653,452.98428862209886,136.50737976401547,63.37878333632724,70.74693452643058,60.54080188175271,66.27604890394024,66.84681645132484,262.2572801745515
1,-0.08,0.11836645427084158,445.4515158383127,134.51354462642192,63.80785109398316,67.84586253623601,68.06043977151107,65.83177137452202,68.94609429750008,253.20722834499279
1,-0.08,0.11829634448513986,439.86999817441836,132.11527834600977,70.73803928194519,67.6005303698375,66.28882383616074,72.58495813525822,61.58422981192064,259.75668658591724
1,-0.08,0.11822869272635507,439.0896427838286,132.20502645230204,64.679021250392,68.92438879807759,68.6615527945245,64.38052832355795,68.78597232005916,251.39800106512925
1,-0.08,0.11816340863332755,438.30688275257154,123.3143563387503,68.29057768457481,68.44985881501295,69.61927356417358,66.46769374273657,63.76234211754206,244.3695545392509
1,-0.08,0.11810041881149162,449.99884553994156,129.7316418915264,65.42360007361941,64.70182693116902,61.34026156191825,57.728102814177895,63.0053565112311,255.53756565169272
1,-0.08,0.11803966374279584,443.8398336656579,135.20709011845184,71.05966528969249,70.53379474786793,66.00351416827141,66.60784276139783,67.75416472966901,262.0941857017153
1,-0.08,0.11798109533667966,448.7874065228179,132.53149148606428,63.64959224086387,66.11750179798526,67.60104657825751,61.72020511439179,67.03867500574603,252.88968564406002
1,-0.08,0.11792467494674116,433.69470509203404,128.83942564971298,66.35579549797546,73.2850622830153,64.4361199535557,71.92279205825767,72.01366506953647,262.76670619701224
1,-0.08,0.1178703717340815,428.55133779683655,140.5994443620704,61.99290468957732,68.9336880436484,68.21413831178388,71.5350615157724,65.28073869476691,267.8138665857412
1,-0.08,0.1178181612977498,451.9340793217741,129.08676677671733,72.56585971923663,70.37042102401546,72.70490621009208,68.14686182473855,69.69237242725757,263.5769007471936
1,-0.08,0.11776802451913573,427.624715129284,131.90595612509014,65.63747734832803,72.82394350638442,67.27083711609946,70.11581917983578,67.1513215162143,255.8808190791894
1,-0.08,0.11771994658410985,449.59259730451237,126.4668651546114,60.11074079914047,70.73988496499413,71.94598290647315,70.685083907932,69.33427818463862,256.9883614349601
1,-0.08,0.11767391615709108,451.5261182357073,140.28279340290547,73.89801582409066,66.34204001673677,72.24018851213457,67.88374108321575,63.38989496305077,260.8057885632494
1,-0.08,0.11762992468728671,452.1240368804517,131.14749739683268,62.76189888880197,60.782473467783426,65.02432946359176,68.27014742317418,65.72729065857273,257.0776403641822
1,-0.08,0.11758796583075229,444.92651288284947,137.51330410175663,64.59503491142264,70.19453045449724,66.98938717169382,64.48023269218108,65.84222784871677,241.0135829895846
1,-0.08,0.11754803497380514,450.98965282096407,133.50327648539388,71.8795419656058,70.23467072315226,63.4496709297419,70.61751884913235,71.15879872791963,262.56142959793317
1,-0.08,0.11751012884446553,436.6811766576436,130.62315983123742,64.77700127923511,66.31198740960744,64.00658776832125,67.13342513085729,71.2817991216733,266.2979192081189
1,-0.08,0.11747424519943947,452.1196121861296,127.85774311016155,66.86539430923195,61.279300374489026,64.87470351435624,70.85289903780351,65.68900264508346,255.12285171770276
1,-0.08,0.11744038257498488,477.41038484180746,131.5673701129752,69.48331887146179,68.90228711298563,66.91688814398775,69.62668582321838,68.70089053577405,246.420991743581
1,-0.08,0.11740854009091108,459.45256390844617,133.38499024437826,63.68255711301786,67.6415742523456,69.0395926773993,64.73867899308964,66.48332941207774,256.11477175299825
1,-0.08,0.11737871729800024,456.2615214054194,127.11946836418399,64.76720901695697,69.39735173654948,64.15561975645666,73.76912797596098,69.4209030640984,258.78130396705495
1,-0.08,0.11735091406027474,446.47950281606035,134.34266918439414,67.62103793380386,69.18411187050145,67.3735730917927,68.94151343458357,71.25496083525475,254.74070614804518
1,-0.08,0.11732513046472313,437.9849116426646,137.13391342574008,71.82160850863943,70.81967520065037,68.56914256252729,67.71208740837825,65.20161364214137,248.5632921295126
1,-0.08,0.11730136675228267,458.7066227339654,131.87986748639534,65.75278658426753,67.74262672027912,62.61591970822752,65.83538957978767,63.256290984660936,261.854555033409
1,-0.08,0.11727962326500509,440.0763022452053,120.53498150151304,66.53376409901716,64.72820920033713,77.0276429599868,68.05769744456403,65.11671473548996,259.8052661815918
1,-0.08,0.11725990040536602,437.132333435915,127.55078331076702,68.2676812567219,61.579458915978975,68.38351227954081,63.94030877235859,66.17725823665197,257.3278379210738
1,-0.08,0.11724219860458587,442.7232788545142,133.3489784800865,67.30634876262857,65.25241684053208,67.18266652343348,72.90432762955525,71.00293272804875,266.11799949799655
1,-0.08,0.11722651829760095,430.84216696059286,131.85818604429645,64.08849456869017,70.75691549268998,69.52798162844542,69.16589858026235,71.34721008982409,257.798957057054
1,-0.08,0.11721285990295226,437.87813280610715,129.24277269374423,69.6892980652847,62.65852673095681,66.55297045839346,68.50832147170043,70.57332393145302,258.88035379352266
1,-0.08,0.11720122380635539,462.85515562022135,136.91940399636474,69.0124213177704,67.31856746282484,61.51044592976559,59.5366267284115,67.28664583304187,259.7222166418572
1,-0.08,0.1171916103470877,454.7249560155544,126.9182233562557,61.516844865797104,66.26040584655539,70.21845333429545,63.828963655144435,59.81605108052595,258.81102541526394
1,-0.08,0.11718401980660355,453.8879767451714,137.55554242339994,71.46864692328367,69.86549142028966,61.676373957936384,69.15946708312093,68.62379575067757,251.30497792346983
1,-0.08,0.11717845239897755,448.6899079745475,129.09253872592961,65.14283980635632,67.16404013263794,70.76533479448376,64.45988484661935,73.996522325167,256.7245557530945
1,-0.08,0.11717490826289684,456.1530750320431,134.91283496335538,67.83381595983649,64.90633267167742,73.87261979379853,72.23793839943978,67.48459117987757,251.82453150405655
1,-0.08,0.11717338745500307,431.5810465923638,135.19627577850034,66.67753299961052,69.8772981358842,69.2512555341779,65.62020635509352,63.525090581465264,247.88833996517906
1,-0.08,0.11717388994442614,449.06506129368387,125.06892603585743,69.85688424621537,67.36530871831924,65.90811796081931,65.09262464895437,63.02079719173144,258.3850271157119
1,-0.08,0.11717641560837332,451.12663639264287,137.16193062725128,68.27301749667714,72.25893068262934,72.72929450485059,59.74705989634507,70.44476330162384,261.29946651857153
1,-0.08,0.11718096419780263,463.3000472038962,131.2796689582961,65.50275477865738,69.39934498774477,68.56040085269983,65.9043168231091,63.74828298047549,241.63292831030972
1,-0.08,0.11718753531488053,438.0815070103929,130.34958074424114,66.84282882941824,64.12039549294444,68.24388951223922,63.88177350682567,67.44975913738516,244.2409128100061
1,-0.08,0.11719612856400585,443.1441867984317,137.1807256406224,73.57981686409617,64.81156030305041,71.4541766447916,69.14066736729461,68.16281933412364,258.1376772040529
1,-0.08,0.11720674344415297,461.68088323692933,146.4410781685504,65.33407239786403,69.2598991096137,64.1429513915996,70.6572421742221,66.54982092002025,246.9635965353468
1,-0.08,0.11727482070749351,389.45828029547454,117.35320747220368,67.9226683667467,69.31019760834052,66.24824732856229,70.14387421765832,63.88419629538379,290.92706043635815
1,-0.08,0.11728600070856297,408.0070525865538,113.44986375173193,68.49007216179817,67.86865720801977,59.86496305487354,60.38957698347733,69.56548051680367,295.8790379891448
1,-0.08,0.1172928922074547,380.5693263889109,114.29790636257952,66.28217858093953,70.496729066114,69.41041013681188,63.716752574996846,68.81969808847388,298.906831016374
1,-0.08,0.11730081758260215,388.7118513303004,115.55475356186733,64.4745837226967,65.21870969680262,66.89023820982763,73.35813332752518,61.38898495252954,285.29615193598613
1,-0.08,0.11731010798047484,394.40781172424585,110.29013598821949,65.14384189857365,70.17218394985969,61.804202420724536,71.56448811727803,68.26425227299669,299.7616261858651
1,-0.08,0.11732061275666335,385.7751819722506,111.33897723620707,69.0331223623033,66.47677398150141,63.60088652257491,68.58617229025525,60.34510671620087,280.01024935553505
1,-0.08,0.11733216535725846,398.2647582489602,110.95481514500078,68.63964209948811,68.4089173860934,68.44064732657806,67.90497783701501,62.786968628194444,295.7182054028122
1,-0.08,0.11734472696956107,393.4797677510757,114.49033688500597,62.484048912092355,68.87285096887975,68.13027731042497,64.25672915562775,66.62818741138238,305.79739577686536
1,-0.08,0.11735828354249402,384.2515291395718,119.04187556777369,63.33711569221254,67.53841625485897,71.68976341412964,69.05395863146235,66.98688614602352,294.4191560015413
1,-0.08,0.11737272215880318,397.02223613778733,106.3121813411123,61.89061660150081,64.68530808858705,63.905244425982964,65.16925391341756,71.75960149479512,305.3865510043398
1,-0.08,0.11738793907027092,393.5534208087825,115.52513659649239,61.310965440650165,64.74070430343939,68.17874957343571,65.96877051581254,67.36208691188403,299.0762598060029
1,-0.08,0.11740384602154956,393.58903059337274,114.2971469384597,68.06705369789972,67.58367659864187,71.31031467776121,72.91640181809227,69.54576332352184,304.9649647088143
1,-0.08,0.11742037306522987,387.6759749757889,104.84027639546423,67.87048248221362,65.62159986452461,72.85372242734418,64.11823505979267,62.0820776721094,302.10460302934354
1,-0.08,0.11743746887677024,390.0818583175444,110.75155575117569,60.62460862391625,67.51625195550491,65.99441641139227,63.234899829394195,68.24017576340094,296.5282673233511
1,-0.08,0.11745509938360274,384.0735225920611,119.06591200770444,67.09105883107212,70.79256073886503,68.258789548624,69.18708633549767,73.33220146522997,300.15902124671214
1,-0.08,0.1174732453836323,389.70756487092234,110.58557520261634,74.14533889677448,68.86062733307986,68.4610787980959,68.47354315097171,67.3198464663112,290.0828518647689
1,-0.08,0.11749189968578987,392.7584291749125,110.60688784582528,64.3624414390962,67.61383536810375,69.80685437340054,69.33115973017985,64.96732590201759,309.45612037289396
1,-0.08,0.11751106416799098,391.4939281537994,113.82769169312219,65.00110117940518,70.94788259811129,65.46510524937263,63.435380938880165,69.21875368410927,297.5207650421637
1,-0.08,0.11753074702350877,389.03943237171376,120.17482386645645,66.75878941112967,65.83934057224077,71.01529230445216,66.08617463254774,76.06428749291356,298.7905275541816
1,-0.08,0.11755096036085942,384.289089844194,109.82906416103863,65.70305176445177,69.67188894732402,67.2171117503399,67.9967739043292,68.60750479914454,299.3020375550527
1,-0.08,0.11757171823771678,380.6310534611714,113.23503474632743,63.67716619779262,66.3360664741143,69.72618193803729,66.76062779330371,62.04872637679058,287.93483393316245
1,-0.08,0.11759303514641498,388.3576778801622,111.83641828919039,66.9116001153203,62.89609079185665,70.78173731597855,67.85092169306004,68.72369570046403,299.5926038988479
1,-0.08,0.11766078657537814,356.6499181366847,91.73317174035651,67.39098091751754,66.98266791302356,57.77802181714276,65.60843284188783,67.42575504460049,327.2965707055969
1,-0.08,0.11768961930621454,341.6578523915785,73.89619832902109,70.76652657133998,70.47567203093526,59.68460753190638,68.65687687362426,82.25278732216464,347.3294022367793
1,-0.08,0.11770303748778008,331.2276600185585,65.31499575374349,65.66732504704652,63.556848146317634,69.71984439951918,71.85657034514792,91.18401484471836,359.60324398544293
1,-0.08,0.11769855954710784,336.29095447291894,65.7814639598456,69.60303806692767,59.56018308798997,68.09245433218202,72.89220884900128,98.5686630803831,363.320218159281
1,-0.08,0.11768301291263741,329.5647788632344,62.15743321942609,64.56960093973773,69.03394702871131,67.04468667790675,62.10672199549822,105.70350717059577,366.98344663193285
1,-0.08,0.11766887589251888,325.1285202954429,65.80899662778018,65.62772073053475,66.85366138485949,68.99735726760674,71.02172405749386,97.13720718284254,366.01530577605615
1,-0.08,0.1176562504438053,327.06274941425613,64.04254091715273,62.928139739682514,61.24178515475422,67.7669532784425,68.31447028174291,94.76764175023658,360.39249550863997
1,-0.08,0.11764498453033506,329.33506260338044,69.87863825234922,70.51862724754496,70.19751170899644,70.76816731747643,70.90153033638892,96.49682195692603,360.338241289593
1,-0.08,0.11763496660932636,334.01879277004736,65.8984006502184,62.522019011637,67.08380139308376,62.02663919472759,67.27035643765615,93.70701993384615,358.4757872539574
1,-0.08,0.11762610224949399,345.6920689546196,70.24635975882539,66.49936132129406,64.5696216479637,63.64898172090342,67.16704783075141,88.47326676830545,357.29418797599703
1,-0.08,0.11761830780045507,345.0149696056172,72.49908470300004,64.38568521705628,66.50397328041362,70.22824267387821,66.09970522199492,87.64885957073618,363.5788861158201
1,-0.08,0.11761138245808875,343.0133783755167,75.83328355559219,64.89308398365331,68.96005341270215,69.90769615448312,68.90624252205892,77.87229569106714,349.28825415181205
1,-0.08,0.11760545832786518,340.18899567809547,83.88724679683213,67.14143741455315,70.54552054228932,66.50779499327679,71.03866370036384,80.422820348255,351.9395848102979
1,-0.08,0.11760237708399837,349.4912585189119,87.77979853064278,63.56563764134444,67.44769163020088,70.43576988715131,64.36295826371051,72.71407456037852,354.0431085545017
1,-0.08,0.11760303931231077,350.39201815094754,82.30579281826651,65.58787230491643,70.70645078476852,67.51400207760607,69.50216011302841,82.47687785884851,345.39041235317995
1,-0.08,0.11760465740472487,354.0798780630389,84.87758963282221,68.58931918110099,60.31328848099864,68.07793774175354,67.81021841961287,79.36541309823347,342.89344933704837
1,-0.08,0.11760607971129888,342.08209269139945,78.59003223394372,63.48322184513159,69.555015085153,65.90831338542299,74.11265878711487,80.23179168959035,345.9852853522575
1,-0.08,0.11760727494175197,349.45681604058257,77.54358902032246,59.2547124235219,67.2844526661514,65.35676716543853,64.61724812842435,74.63484511966571,343.3674075992789
1,-0.08,0.11760831991739601,348.6613235832615,83.69603935614153,62.79631916392557,73.1480980725644,70.33883383953051,67.41160042626765,79.8631223406915,347.2450219827628
1,-0.08,0.11760926386044844,356.2795007233597,82.49528701265747,67.45653718984083,69.9219674469311,67.60460909981265,61.87344253311214,85.36767240866861,353.5383531365934
1,-0.08,0.11761013603328861,353.7768073767531,78.11102666845613,67.28163421604422,65.10899228839857,69.80617198459069,64.85973115528174,79.43088511003808,341.05927303040755
1,-0.08,0.11761095037380917,358.2465638232106,82.19080997970494,68.87683725596852,62.068408428376685,66.02083160434856,69.84506186207888,79.76509756161151,354.49918827929696
1,-0.08,0.11761171573866294,343.59245616937994,79.47880566484204,70.21331910912284,67.4918077982395,69.71812908166497,64.09832243538231,78.729064304691,343.34786548823615
1,-0.08,0.11761243697197324,355.1210593341507,82.63014498947805,67.33925176367738,68.16453409888429,67.08919996518648,71.80454616629756,77.73649508193338,347.8543772114454
1,-0.08,0.1176131125191195,355.78453150195895,78.69132201582215,68.51614372968227,72.35158494849956,70.12425294593535,69.9805668829511,82.62943711342409,349.4475570542268
1,-0.08,0.11761373985234636,348.8036299049911,82.76796125797048,66.95938014686223,62.66109513373533,66.83093452606269,67.12191148630473,79.45943707958071,349.02118000019385
1,-0.08,0.11761431699249651,344.24497456987,81.18028397139071,63.35480185264179,68.26898685428549,67.50995266684815,67.7335191882056,78.17922327149424,357.8875269430256
1,-0.08,0.1176148430145454,352.2316003560837,74.0857749113109,70.84624355129645,67.56848867822886,70.5813996232034,67.16523649805116,82.1947536315656,349.11447323057297
1,-0.08,0.11761531821317098,351.5727411964486,86.22760935646416,69.53793965827033,71.91552205522514,66.73363892930449,71.5379723247707,77.23773820362415,351.6669348961075
1,-0.08,0.11761574404780185,348.2320785010959,82.58447312107961,70.08626292760174,70.97654848996793,68.03944674502586,69.86649758585823,82.76144014313887,343.19939204745924
1,-0.08,0.11761612295943759,361.2707620920178,80.93128159820722,69.02287991041433,65.26679644171475,68.34717564351952,67.24211773808432,82.88886104584003,338.4969839671949
1,-0.08,0.11761645812747588,347.2549724268027,78.22276637920456,72.37546370034777,59.86652250585606,69.48920787013984,72.40769176333681,86.7489299529951,343.9890287381882
1,-0.08,0.11761675389830278,350.64935175033605,76.74619905101002,69.08188231063288,63.3758722668233,75.03912930017378,64.22886023994197,80.07257524041802,345.7517756387116
1,-0.08,0.11761701390278859,350.756125508099,81.22274053322153,64.22388363802183,74.17777493343567,65.0857272285496,64.84417461361679,82.5030817184045,345.7625542692762
1,-0.08,0.11761724168721327,345.9948220856145,75.34129289317586,64.0229188757685,68.41508878299663,69.34451907746781,59.08096756085303,76.98112985692327,337.8105570041137
1,-0.08,0.1176174408703151,348.711190451233,85.15038382905567,62.8288063064564,66.00070969316354,67.9943577586113,65.14222014483117,82.5555126204838,353.907380264103
1,-0.08,0.11761761496881583,337.9880703923425,72.44103538190234,74.56097495629196,69.89812409473807,67.06936792065596,68.41167641637281,76.80422987512249,340.0393038833823
1,-0.08,0.11761776906568043,350.4722638256072,85.97179311238523,64.26549028595595,66.4514887123572,66.67187910019659,66.25042329843889,77.15714452009297,365.9779106431897
1,-0.08,0.11761790402821964,348.2067786609614,77.77651777753881,63.5162659765538,68.17134204522412,70.86422281430801,61.870223300154706,75.50635069701333,345.3610009627384
1,-0.08,0.11761802257533847,352.32936799073,82.59449141932124,72.9708122687744,63.62000184042573,66.54135389366435,70.92067640940805,80.4941527203484,352.3462543015969
1,-0.08,0.11761812707401663,347.3848931837661,77.81866541863855,72.43008353845066,66.47069738728725,64.74295183935638,68.64564230058741,86.67936552542888,356.212414238484
1,-0.08,0.11761821955018094,357.49573519706655,84.97923890990884,63.824221705656136,63.558326723794764,68.03797974204765,70.04273835181185,79.87736418482314,343.8672013124202
1,-0.08,0.117618301716169,353.8400159140233,79.89948023924298,68.29381509654894,66.97208201535736,63.522669826842225,64.57087320049712,74.22244851821097,335.25091380127503
1,-0.08,0.1176183750054375,338.58137945980786,75.56369540489484,74.52346012708283,63.32482127210749,67.41601490183582,66.31457209564499,80.36368948196866,347.080012889712
1,-0.08,0.11761844061019561,351.55580029918843,80.00359299900539,72.55205101144401,67.2672723807985,69.6653523602221,72.15373337024702,84.06783397967388,353.2202430055829
1,-0.08,0.11761849951881534,351.35019495965173,80.54509113161764,67.60789350667483,68.73220240838363,67.78445292125147,67.07126571678432,84.61897563196939,345.0895675708306
1,-0.08,0.11761855255089029,340.4703962632451,71.35641506736104,71.37999076386598,72.61297830500797,66.50486535968224,68.1243212277182,79.81644491984105,334.685334558258
1,-0.08,0.11761860038864863,346.0231756081171,81.73876906953953,64.56105976146449,65.69410342633537,69.38144975685856,69.7600361608736,85.9505668515191,342.19058428190743
1,-0.08,0.11761864360409034,353.88335441724684,78.66854023646292,63.062405287443205,67.3256542919116,68.54650114955395,71.48976355997307,83.03494007467091,349.2334658058405
1,-0.08,0.11761868268170012,350.78451477205556,85.53143286677131,66.71255514912745,65.73740696427252,66.86708879904441,73.83632260454544,85.62516061279041,347.1272246261715
1,-0.08,0.11761871800265083,350.5383570832457,75.07268825410632,75.85745025249399,64.66903968150771,59.895006579571316,70.63191278879945,83.78478009397297,353.39763577398145
1,-0.08,0.11761874997231049,348.5270718901427,82.90423252524211,68.37513883282735,67.48536509485513,64.93470513260601,70.57153854418718,80.01488409181293,348.5904348187434
1,-0.08,0.11761877890647886,348.7983034525716,79.36006338084385,66.70579388457742,68.47922209109387,68.8742455785968,67.55681141741282,76.94935601400005,354.0007691120463
1,-0.08,0.1176188050869129,339.7726033806174,81.4984893846897,68.33234509904428,71.67205755309688,66.3119332838999,73.01801071203796,78.75386210007196,343.40130399730265
1,-0.08,0.11761882876756917,362.00037827776504,77.11581836625881,64.86804003574692,68.50831486362772,66.80638131496544,73.2550865798488,82.20438792700934,339.24627913620594
1,-0.08,0.11761885017913896,349.3708525314268,84.05268842161821,64.41920881145946,73.02361712987084,66.42131427755606,63.10140292877705,82.37834461267376,346.1964383016358
1,-0.08,0.11761886953230619,337.01794915642887,84.28267914792491,68.91744703067816,67.25911204404144,62.6805373814581,60.96363194149503,80.8404104233559,348.3398127628454
1,-0.08,0.11761888702008147,345.45274073640945,76.05702350826488,65.66906101245539,67.08121019504841,67.76358033381274,64.47431123883293,74.86150628467485,346.37526296543456
1,-0.08,0.11761890281949486,351.6876917664074,79.48653975991773,68.91735505872735,71.07917955722104,69.5845924077634,71.06306408114199,76.92656126049303,346.1465163814596
1,-0.08,0.11761891709286723,351.43265618534605,80.08854562057185,64.87193918333591,67.8118777069252,62.101385335018364,65.64094742598347,81.42179445221484,347.1625538361937
1,-0.08,0.11761892998881814,351.9882532487601,78.59388862069012,65.07615613245991,63.65553864580693,66.64495014332745,64.84022028426018,84.4068488245846,355.66672699856315
1,-0.08,0.11761894164312574,345.0149161917827,81.32327005836522,61.94683602759539,64.61994269944515,65.26895420334834,65.64314912508031,73.14569503552637,348.9922277853306
1,-0.08,0.11761895217950975,341.2848576429656,74.367467954984,69.48062912510143,66.48696275254147,66.54461226521371,66.03396856652921,80.63312888385786,347.27636339403426
1,-0.08,0.11761896171038526,349.263041955747,74.70714027643335,68.71453911264786,70.88905146516618,68.14976909747499,66.52274671166425,83.59544038510653,342.2244855720146
1,-0.08,0.11761897033760726,346.00182637612636,79.62333635941012,65.88733458375633,68.98617491573911,70.7711560975687,64.7387829614611,83.79506997183914,356.6958230919516
1,-0.08,0.1176189781532165,344.3491399070988,83.99424302794839,60.9791611070755,67.19938287348947,67.37463759182339,64.25332624329228,76.20921113961994,351.44015201013525
1,-0.08,0.11761898524018505,336.73002958183207,77.95349211143315,62.491495634896204,66.28476890953254,72.25154846321279,72.02011869178075,79.74446256855573,353.1065682554361
1,-0.08,0.11761899167315351,344.03012611052566,83.67672694788052,66.61129839090201,69.92381849920184,67.40334966530402,68.42450862178839,85.58366589931138,348.8638200964361
1,-0.08,0.11761899751915318,355.6715822690899,81.82680569196552,66.2688443273251,66.31175085867523,66.16751100090812,69.36064019045922,78.64699212334699,339.66207408314233
1,-0.08,0.11761900283830204,351.92796888197387,78.35394480354977,61.303623493007514,68.46008737299391,66.77440561158862,68.0492144267499,78.02514225232296,347.30413738276746
1,-0.08,0.11761900768446762,355.53575189243776,79.72306738665473,67.6788943830064,71.47656462261598,65.13415726301812,63.49071743259642,77.58726008727926,347.27460067569535
1,-0.08,0.11761901210588936,346.3975283979071,80.66789428530294,71.132547620307,67.52864517463458,66.5003855204403,67.60461652132103,83.86771032927577,351.6995866034576
1,-0.08,0.1176190161457573,343.5623339769187,79.16101787249616,60.738929986287026,65.87249324420601,73.19286711702938,66.66703918562406,82.92566152635517,350.4204775970728
1,-0.08,0.1176190198427433,343.6046044192219,88.02847498613323,65.64032879362723,64.75824821850088,66.70716413488928,66.20055864492804,79.83826311420655,332.11460280805716
1,-0.08,0.11761902323148374,340.11777955524457,77.96538515811382,67.87572383077988,67.65823234053569,63.41053485210373,68.2745708333556,81.3341194104243,340.74221263077834
1,-0.08,0.11761902634301696,350.72490005482706,78.09910515391952,68.13969158554325,66.19499950040507,66.08263637678098,65.30577724292137,80.69281710637311,349.81111805418936
1,-0.08,0.11761902920517432,350.077492996219,80.35597533331182,65.50169818612126,64.96730234464673,69.20643665197194,63.26343645747475,81.21908046699329,350.94521031799013
1,-0.08,0.11761903184292949,342.19701665995797,81.63333190090049,70.35817644232964,72.58470055446601,65.79602212728726,66.81890984267274,82.19725384755108,353.72914027834867
1,-0.08,0.11761903427870861,358.7907584134044,79.03665125489671,63.08874303755138,66.18541269324268,67.48686760486109,67.60094776197838,85.12357379146603,348.4360513892334
1,-0.08,0.11761903653266477,347.2863012682125,81.57494724336317,62.33015931392616,68.20646759019617,65.38314828691807,73.4496114970795,76.9530904229355,350.55382619010453
1,-0.08,0.11761903862292152,348.6434374806533,79.76300085526131,68.95374418677777,63.64303082022301,66.74976500818605,67.20806131566695,83.22098082557159,350.4834736667807
1,-0.08,0.11761904056578638,340.653148284845,77.97113464693261,67.23106356144247,67.96492004471769,70.96171169961706,69.40135581446508,85.91763782347232,357.57003895117515
1,-0.08,0.1176190423759413,354.83411401297093,77.23397616319234,61.24408787535852,67.20739835822269,63.82426426323149,75.42333111293465,82.4169439852964,359.8905332273108
1,-0.08,0.11761904406660884,340.04866413312845,76.62864440803057,67.28106269011886,66.33034063845946,66.50892163539478,66.50447047706582,81.62763262361221,349.39606039365674
1,-0.08,0.11761904564970142,349.0073429611651,82.45071244358124,66.56713974601816,67.03940245320634,69.90374171924789,62.19989758573487,79.1210194027623,343.434536422289
1,-0.08,0.1176190471359524,343.8566875775188,78.97143239029866,68.31869396945399,66.23754616808557,66.97336037641244,69.15746192555724,80.67767700938076,342.7670310194346
1,-0.08,0.11761904853503248,353.21856900115233,81.86164442861579,68.7714898576231,62.92255644355021,66.79402163987146,68.49565852594041,78.89718336149684,348.020479909791
1,-0.08,0.11761904985565441,339.0749441625318,78.60457638851426,68.09320842635898,73.59111743074092,64.85757238522297,65.79455581068295,83.04144528231747,352.83117025969597
1,-0.08,0.11761905110566556,345.96863045827587,78.47798587904983,70.68135595497321,60.47817099602752,68.76709868244369,67.6693524403301,85.11269234916911,346.3756968988054
1,-0.08,0.11761905229213149,355.21831421723385,84.06009247182818,67.57834799390126,67.17302210653733,69.72215412546781,66.90551251110708,84.41351783001448,357.26278848893327
1,-0.08,0.11761905342141125,344.51596393309075,80.92519807470734,66.82204831702457,72.79384173556542,68.89622377648114,67.52025154246829,82.28512123589623,351.7607373448782
1,-0.08,0.11761905449750114,353.7838270233671,81.70117952242735,68.65186113219733,66.74439973025613,62.311372577175106,67.30463446920626,73.87898990683716,346.3315564610654
1,-0.08,0.11761905552430722,353.0862718996229,78.22677494870081,62.14438544438357,68.37941011402258,63.379922109122596,63.79915531900376,79.63643440152443,350.9639610137177
1,-0.08,0.11761905650672039,345.22085996994747,80.8431147928868,70.50517182579138,72.42719519124394,64.2556267598487,72.58585276802067,76.40456371355292,343.07702551918817
1,-0.08,0.1176190574491348,361.01326327994843,77.83591731693559,63.48596271491784,63.622435963242864,71.09322166699363,61.9116063387387,79.6030240118692,349.27998636107566
1,-0.08,0.11761905835550059,351.2223642796308,84.78775442530471,66.33177007598661,65.61720293939982,66.94914023698664,66.68395688754337,85.85976220542193,351.74248988690067
1,-0.08,0.11761905922936981,351.619817292598,75.95575397343669,68.045862548873,67.26101665434811,69.5490470477575,65.50415367335842,82.5456259787954,343.2719776480893
1,-0.08,0.11761906007393719,334.98638428721785,77.40214615283128,66.14770566007165,64.60248605669044,62.88770761161775,69.78055647678977,76.12107270942198,352.256565432205
1,-0.08,0.11761906089207609,340.6441964228644,78.98620259373385,67.56139970356543,71.89286378590182,61.91560449415056,71.26212225507025,81.31031522278711,355.6450771329667
1,-0.08,0.11761906168637126,336.5796126631951,85.23128893334751,62.22166384996967,68.39654912627995,71.20095711024736,74.4495731683683,78.58749464169613,344.89226663801577
1,-0.08,0.11761906245914769,347.68196611564804,76.87492783679455,65.33533436368405,69.36438370209181,64.38148425016915,69.30702699144143,85.95354778333908,354.8922058485351
1,-0.08,0.11761906321249604,355.00702968194213,83.64891356639545,68.27120732180889,66.39775570579934,68.88979800337422,64.23744450851927,83.01914603858592,358.8236720243378
1,-0.08,0.11761906394829673,347.5866935189776,83.7051163040213,66.89891259397508,71.12856120460141,64.7478896485809,61.589979215988265,75.55914559515892,350.24910454956324
1,-0.08,0.11761906466824065,346.5548751606594,83.61711363718194,67.86873960229977,61.89582234789205,65.97041003333308,71.76593535217523,86.32651863332484,342.1301798820444
1,-0.08,0.11761906537384755,347.06840248574287,79.01071911592867,66.44152989777771,65.54856809293703,69.01279865551349,69.09713614719945,78.48523832434215,349.88028403711473
1,-0.08,0.1176190660664835,349.6410507778454,81.75027734452733,70.05240705366252,70.03557146103265,72.72557032422077,66.16171982531772,79.24361973769031,344.1965512365096
1,-0.08,0.11761906674737674,352.1964808072346,84.49935663804983,69.23220589070596,64.71730253767402,73.02751768589577,66.22637879433894,82.78475769515346,337.91309823288543
1,-0.08,0.1176190674176313,351.1198255497724,79.00822527623497,66.9381657673742,64.53153052452811,63.786585379870075,68.39538752375148,78.79392940299243,352.47637081762343
1,-0.08,0.11761906807823898,351.11423399118576,81.0472899371304,67.16991814946886,64.85640486057885,71.4654773542263,63.659123488309234,77.83414359749007,350.7983332819318
1,-0.08,0.11761906873009141,353.5488518629653,75.49926713474483,68.17085653117091,71.02121881362967,67.35599355632111,66.5803224627594,83.14554521907141,348.25403122152903
1,-0.08,0.11761906937399012,350.8183470383789,79.50992654022181,65.51004666318113,62.64659771402287,67.8535028965553,70.57346650210144,82.35910243345971,336.0100729498429
1,-0.08,0.11761907001065573,353.07073696501635,79.47395582720085,63.79890734598991,71.59388117593159,64.42968211766647,67.51627748552707,78.75537330916428,343.8595035962008
1,-0.08,0.11761907064073605,353.32434801076874,81.69634144989936,65.66366682487839,60.75043680653319,66.30129804625008,63.409078406129865,85.92234086470248,352.8042910690079
1,-0.08,0.11761907126481377,338.7672198242159,78.30806534460862,63.65523323091559,66.5792766309614,69.01165787308283,67.87267461744584,84.89719085775798,344.5897167784252
1,-0.08,0.11761907188341292,350.5378258394783,81.46490437077972,68.02662599213885,71.23953301666776,70.3884994628284,68.5559847977459,80.85921498235112,351.04893981119795
1,-0.08,0.11761907249700536,337.02814369762336,84.17461797289633,67.60682612639224,63.172692351353675,67.21765585927845,65.55181889349205,76.76334019967905,344.8571974391199
1,-0.08,0.11761907310601524,355.91563705545065,82.83380520125671,69.08776101840076,70.09721049229857,69.46138460867391,71.81810789814735,74.7357705031046,346.69655804554657
1,-0.08,0.11761907371082482,349.11566629563634,81.06621786178567,71.5269775562122,72.41848693811527,66.28970199618757,63.68743967575536,84.0619297455309,348.7495905959736
1,-0.08,0.11761907431177811,348.5491023455156,73.69822559357658,63.30173738259705,72.15532626853923,76.88790704333793,65.72105260410687,75.30289615041262,337.41861353598136
1,-0.08,0.11761907490918497,349.359277172036,76.8025825490594,65.3608120013861,66.48179240229372,68.61912013459282,69.35855315825069,79.48520878711591,348.3261544524429
1,-0.08,0.11761907550332439,347.66932001091493,83.5693917384319,63.583170295311135,68.83044191239387,64.97594964147626,66.61145141706156,86.50901405044789,351.55626183762075
1,-0.08,0.11761907609444791,329.37665401053977,80.2890085981847,68.09118673996582,66.89605424038908,66.32767097503293,62.81533031645959,77.6111679644459,353.328184921893
1,-0.08,0.11761907668278156,344.31288859323723,77.02599157825726,67.76749567531685,64.81511815021176,71.16781445541176,66.65232096869214,83.81604067337513,345.43977013945425
1,-0.08,0.11761907726852934,354.7580257386789,76.73708637232255,64.34009614325252,69.13700050555646,66.96654539863324,68.20372033852146,81.29317963560648,341.4595556653102
1,-0.08,0.11761907785187486,356.7915566773142,81.62274581551665,65.7020988422898,62.28983796470116,68.1929634357519,64.75651209071701,84.35852934280997,351.18098036288643
1,-0.08,0.1176190784329827,350.1229106183343,80.11771297494673,66.04560238269016,62.63234748122585,65.63909174187054,67.11829986392547,78.9553736046683,365.72385044406457
1,-0.08,0.11761907901200155,350.91539636935516,88.05624713094329,69.28744066716673,64.1314077407367,66.21232632419647,61.87663884240634,82.95987813624097,348.42537537106347
1,-0.08,0.11761907958906431,357.1487156483149,83.11126534996009,66.96122783676167,69.73023228055328,66.67569487984068,66.73714247502281,80.17355566705068,361.5461277865513
1,-0.08,0.11761908016429096,357.86293944050334,83.5322294830546,66.56191964152374,65.27046277503082,62.32978357870659,64.85183410842494,85.15582257510644,339.53429676034017
1,-0.08,0.11761908073778858,338.9519177784395,74.65317030912595,69.14925080011977,60.14261472665737,67.32690876075328,62.25738423101091,80.50170476049404,356.57297661768035
1,-0.08,0.11761908130965296,338.5997790231263,74.67861485883323,65.44977968725901,67.84151686630601,71.76498233546329,62.79804601095411,77.62028349484807,347.92070602740006
1,-0.08,0.11761908187997017,357.2630602396482,74.75696374989113,67.06901918490188,64.28691646104072,67.66893347189396,75.02012808995524,81.85419941494004,355.04928574197345
1,-0.08,0.11761908244881661,351.2087953821243,81.5939496354873,70.43352765389065,72.36902296171596,74.49432641444814,69.29221707202447,82.83074127215397,354.2750383191112
1,-0.08,0.11761908301626112,349.4487073709821,80.13637600160119,66.71356256497046,62.15131308742942,65.66236574342241,68.9237152354632,87.46236748184072,355.7637136642324
1,-0.08,0.11761908358236413,353.13393386533187,79.7166462958916,68.42559505521365,72.06301140775942,66.55127444354511,67.60141901523215,80.3600325643986,347.5077608646693
1,-0.08,0.11761908414718016,346.5156313746553,76.87558378335783,71.2287139712939,66.69731558706361,64.62840429665303,65.29112080332943,77.89296648825322,338.680783527223
1,-0.08,0.11761908471075748,342.1635278141998,83.49118505749351,64.32045591893875,65.84291784243496,69.43381074605126,71.6244624952312,83.63713735097309,333.5546728069593
1,-0.08,0.11761908527313916,340.41063644273066,84.1602588861513,69.885429596921,65.9901880859671,73.58267038517909,66.89840201718282,87.29907324963952,346.0969087197934
1,-0.08,0.11761908583436344,344.3822240252079,79.10158798318155,67.01471829857769,62.62395412672819,61.481502675520225,68.15505740584783,82.40214141318204,347.7332754226521
1,-0.08,0.11761908639446457,353.02391760125573,86.35419483121318,65.68093121772081,62.951924435030314,67.97395728802269,67.93232017694487,77.79225777573333,351.2890955285872
1,-0.08,0.11761908695347321,344.74578146660195,83.30720541954796,64.21601443123564,60.120749297629374,66.90987724925445,69.87962806792173,81.73945401726569,347.06191488924946
1,-0.08,0.11761908751141685,338.52107348846465,86.25496104473972,71.58982674049619,68.94693198782714,63.77668837206255,68.56508688887403,78.79778579210823,353.4292791623261
1,-0.08,0.11761908806832017,350.7403863909711,81.08842183967502,69.25728828177311,70.67061338511542,67.56004593794272,68.04711035073491,73.02282576806083,340.86530826763277
1,-0.08,0.11761908862420555,348.63182652205495,72.69446025575017,68.11989835769567,64.66497138246628,65.60852040356289,64.71476863729922,82.65912365378607,345.0988800874061
1,-0.08,0.11761908917909367,346.58249419106886,79.19308198900481,66.43290232752057,64.28520719524718,66.69884323771764,72.05751703886017,83.24184635624806,340.2232344013893
1,-0.08,0.11761908973300354,342.00151248781077,78.738665128761,67.8873391781045,67.47688987146252,70.20097735211021,68.12519059006667,86.61791504846863,346.8257367660776
1,-0.08,0.11761909028595233,356.87150451790296,81.20238849446417,72.75362219290382,67.22976580951762,67.62859144890352,70.869148152643,81.61018892167317,344.24237245955305
1,-0.08,0.11761909083795628,337.3441268917122,82.41755585341733,70.60755752953007,64.75141746378966,71.3187733727034,69.58117653322908,80.03382932571658,342.3761061715676
1,-0.08,0.11761909138903086,361.9493379291741,77.5103195311314,64.32694167759361,72.3227105434793,70.14698767601213,70.23654114981915,80.45247001764203,346.40215687209286
1,-0.08,0.1176190919391905,353.25087170866937,82.23595163493388,64.71811398591095,69.42864320671754,62.532319618843175,64.65244394649442,80.00888975488013,340.644417010721
1,-0.08,0.11761909248844891,353.88002534256043,80.36457626344729,67.48452104203386,68.03657299108087,69.09383364087127,65.50056571669566,77.93736432752665,347.38471949317517
1,-0.08,0.1176190930368188,357.42825016282546,79.01995375905113,67.79925270271526,67.78466866112664,65.75540858018472,66.27551153687928,75.43131993320716,356.0560478399961
1,-0.08,0.11761909358431258,351.24607803551936,80.91842503779812,65.18865033694135,68.8058626172374,70.31943165125413,68.10034002946028,78.1625451667782,352.68209482214894
1,-0.08,0.11761909413094201,342.28953597633824,80.14723324823196,65.76513998662607,69.08418169224431,62.54910679066222,69.40158308613185,83.87876277478469,350.53540441737744
1,-0.08,0.11761909467671817,341.80651780810564,85.33808728334625,66.17108891060484,72.8151300493112,71.04295125565153,70.61643571226463,81.06568407882739,350.74974181865696
1,-0.08,0.11761909522165127,356.96364238086693,77.94821146970608,62.370228554145946,62.86499943317366,60.54435750123868,63.324916573490725,81.80956586073994,344.63806800414807
1,-0.08,0.11761909576575097,355.3642352512597,82.32428593275819,66.77445389411456,65.94958524524581,61.221395249169035,69.20652899161732,81.17164821154016,339.56754634310613
1,-0.08,0.11761909630902638,347.17408856941245,84.21096390199894,68.4729672883321,67.67239284054355,64.00100022335533,69.33186060745936,81.93550252156781,348.16291875983086
1,-0.08,0.11761909685148557,347.74090788973785,84.54042425381324,66.87700806487186,68.6369708723583,60.463652861702634,70.57764635576132,81.29028133444451,352.6362019998058
1,-0.08,0.11761909739313589,349.5389037033765,82.77640027715023,72.55033749449113,66.496133774622,62.82796102026521,66.4509769698405,75.71024380513572,349.53262494818324
1,-0.08,0.11761909793398387,339.07000040133073,84.3550591564842,63.34117938555306,69.2631146095005,66.43680517359464,65.41476970826258,82.68602307615667,359.58800251848413
1,-0.08,0.11761909847403534,344.25894087986944,84.83030466178377,65.44775670064658,64.17441025167275,68.73251629404946,71.11662407010493,79.97620172359285,358.71351036818334
1,-0.08,0.11761909901329508,343.88617487733507,80.6523610978795,68.41989086633355,65.1862432736479,67.54460525624516,71.18951396296292,84.27263134118411,348.8537477623881
1,-0.08,0.11761909955176707,355.7663199292818,81.02295172597572,69.52576874200805,66.39407571647259,65.55481448245311,66.87872236762324,79.27927236419514,349.4528252673575
1,-0.08,0.11761910008945416,346.0771443215184,79.0380600477143,68.36827196922344,72.05446222877765,62.850481212222306,69.65371316962944,78.81976388267242,355.3396794483446
1,-0.08,0.11761910062635889,351.4539535926976,79.94261563234325,72.24493353429096,66.54648006728804,69.97774138180893,69.97135533275386,79.32967894431278,348.3196044212559
1,-0.08,0.11761910116248299,341.98478593024595,82.90806599301806,69.6523292760008,71.50869487958832,70.77061001482755,70.08556227774683,82.6687436865003,343.46568688928164
1,-0.08,0.11761910169782698,348.2256584674242,79.13010894046374,71.61086625566755,70.21805752394378,63.54996103197355,68.52628715195141,82.47143581333307,336.2717016199286
1,-0.08,0.11761910223239157,339.2851445634027,83.3943774986017,67.26096424059799,64.93347108476304,70.49614023592939,60.417835315691065,80.97394562373344,339.7876161926606
1,-0.08,0.11761910276617636,349.26057024026653,83.60656121344017,68.18580450261263,64.53304834647872,71.75224320641523,68.90381406259263,78.34427569665722,352.03685213563585
1,-0.08,0.11761910329918082,345.2123539031082,78.2562072910382,69.83819539741853,63.91759085211655,65.01098769170439,68.19825516110313,86.07104342286021,349.8012567709759
1,-0.08,0.11761910383140424,348.1437153119843,82.02231790288573,71.22388196435051,71.53276178897798,68.99009932241113,66.95203932617265,86.25749012312458,342.45932219540117
1,-0.08,0.11761910436284566,351.1991617301495,80.0276686724308,71.06942893128983,68.32350437651809,70.94143869147665,71.28875278276053,80.306149989676,337.5395166236195
1,-0.08,0.11761910489350391,341.5718726784856,85.08987577232925,65.32300196476098,69.53880446297352,66.34290476417668,62.56902814156746,82.55374872027518,352.5183268738496
1,-0.08,0.1176191054233782,359.25386741615483,80.06778036671173,73.18623297554109,65.20880110561667,64.238384408651,67.39523252539314,79.85316589480921,344.89025198110977
1,-0.08,0.11761910595246818,345.1691570240624,76.00193962396915,71.26886288671191,63.488921056812174,63.53662495897363,63.33545681721654,85.83237487315867,356.3779199402407
1,-0.08,0.11761910648077298,349.506292763549,74.14069014639783,58.92870820803283,66.07654747813807,69.03961734188545,67.3472323545634,81.42419979429256,341.67593976859575
1,-0.08,0.11761910700829283,351.64213611387265,81.3540017073778,64.99023362717953,70.89923001865257,67.72899488438246,72.67088029089851,80.30992302213666,353.3292150626146
1,-0.08,0.1176191075350283,356.2358123751867,83.99140262229871,67.40674841182029,68.80661863411221,71.08349388599181,68.69748386674526,76.83164075764587,352.759957133891
1,-0.08,0.11761910806098026,346.1985972690941,87.3564800010331,70.62407797871228,67.94029914597554,65.06108197234899,62.204201692662195,84.1743308229924,356.3545320167315
1,-0.08,0.11761910858614984,352.8339648698204,89.13456836392466,68.01157663410001,69.8457896040178,65.99887011403277,61.41092760405162,79.04746247032199,336.18400123307777
1,-0.08,0.11761910911053929,344.56492695293184,86.85899191328654,68.55513744509015,74.05663661118273,60.604678329618366,63.72137586324173,75.0516899482082,350.11575382681536
1,-0.08,0.11761910963415106,353.58338370837043,78.83725877897785,64.26605787730797,67.37383047932148,62.80598946748479,65.59414733475042,79.16325912675808,340.06532531671763
1,-0.08,0.11761911015698791,349.47140567560166,75.04215223047652,68.32590047650467,58.492112752636345,71.17917609205982,64.28818097291015,80.05930886291117,339.2010180499005
1,-0.08,0.11761911067905316,339.9559501299259,84.11699164798453,63.36049772154058,69.52477402302117,64.10679736176645,68.38574278456441,81.56653818336007,340.2009653921817
1,-0.08,0.11761911120035035,351.36814704246234,81.68468852759919,69.91890991527954,70.62913352527731,67.46172318481473,65.49304621936865,78.10388601112322,345.57154096562004
1,-0.08,0.11761911172088337,340.0168714415242,83.19031217795553,71.48270344343233,67.38054487546056,67.80420615821623,68.96080707664183,80.33362578158038,360.8097429411456
1,-0.08,0.11761911224065623,347.6288830246969,79.15045260617619,66.0440528411927,63.78740050824718,63.68357162711166,67.84523254485076,81.73919303693842,351.39645619408964
1,-0.08,0.11761911275967298,360.6495854269176,78.36094496506004,64.49985351532224,67.47682668893947,64.30196706671161,66.18152878819699,83.14434093369405,350.18355964440804
1,-0.08,0.11761911327793725,351.64159363241276,77.5598934557634,74.75442722070345,73.54836368828893,69.53319841307234,67.90674277593496,78.52964243481263,343.4588027329571
1,-0.08,0.1176191137954534,347.2805518315167,81.69105753633103,66.98600441594682,63.60835963546455,67.05557874512515,70.70046428232446,83.50413977594819,341.89534806117564
1,-0.08,0.11761911431222445,344.3827430656544,80.56246866833641,67.1145714709695,72.19875025854095,70.38466158235907,66.1226533720925,82.39735599082329,345.67682278737294
1,-0.08,0.11761911482825362,334.2778956382313,84.11071995711697,71.92059294357959,68.62797149660226,67.17674269290337,66.85553988064912,81.56105908636333,349.29008480374824
1,-0.08,0.11761911534354388,349.7609765253777,78.08222471029498,68.52682233930996,67.40968775474734,68.44095832152045,67.31664872036322,84.75500720788352,342.8329410641309
1,-0.08,0.11761911585809752,346.76278561051265,82.53653046498448,64.8776394189551,62.43539243567831,64.61909775385749,60.18003018155545,85.77999160190971,350.05718398283096
1,-0.08,0.11761911637191605,334.4738268399014,84.11402141038619,68.51160958983144,73.30675175709365,67.74496220803208,69.21385090228671,78.1850476389171,354.69281119441604
1,-0.08,0.11761911688500062,347.4797532103276,83.08319661850521,66.40979045383368,64.33221864037813,74.09282586821543,63.09073780947261,83.39385855012746,353.0811810762608
1,-0.08,0.11761911739735197,341.82536823645114,84.48439668227138,67.99018611688841,63.4366745675648,68.12852758794119,72.15640368120032,80.95435315068923,347.66870268719987
1,-0.08,0.11761911790897003,345.1484143949437,87.97180389781809,63.49951811050702,66.14813881285998,62.60543171585432,60.905597572935015,75.35582061253875,347.23695683563477
1,-0.08,0.11761911841985438,350.3684535810237,82.14128908446378,70.84856854589849,78.24145202800025,69.1746630186032,65.58454119194697,80.95533107575284,350.6846162025618
1,-0.08,0.11761911893000424,352.15235429656866,79.04236768975196,66.92677900332063,71.31595706353932,72.31274702109329,66.95227104036968,78.56732170539397,355.1441827863375
1,-0.08,0.1176191194394182,355.2522540592669,78.69696646750968,66.57752545105296,66.22769259329785,68.06763961038462,63.115395625048215,79.05925922167548,341.4049791475268
1,-0.08,0.1176191199480945,339.02401124332863,75.52471872579785,64.78287661755479,69.50342286163068,71.76914549399537,69.58340530756692,84.16712037331484,334.38573213876555
1,-0.08,0.11761912045603119,351.8901540685552,79.02368238333743,70.38828907167466,69.87852064790862,63.66165662938051,64.98862322405748,80.68708785183543,353.4081021906888
1,-0.08,0.11761912096322658,342.452902891582,75.45897790107536,69.64924643612201,70.40577384803453,66.6309645870861,67.49698766125172,79.01585350245855,339.52068459409537
1,-0.08,0.11761912146967864,344.8705694838987,82.36992022125368,67.80148588677515,63.73712481611485,63.647882046578594,70.28250743227701,79.26582247475095,351.84408422447154
1,-0.08,0.11761912197538531,337.6978936229772,76.51004054657304,70.04404945125141,70.65172168289816,66.86499533256453,72.32194789325565,76.44495467194086,359.0756991975076
1,-0.08,0.11761912248034516,349.8248291299441,78.78664010090125,62.22907506025958,71.00594219412073,69.0178004032653,61.24055694658514,77.07133783894054,356.07008949840406
1,-0.08,0.11761912298455693,340.1786096777964,79.86043599197909,66.38294678352945,61.94271258550584,67.0310900422577,66.82304853276909,81.91086426765098,358.9338403052877
1,-0.08,0.117619123488019,341.1654810339568,81.110954443794,69.94309346140652,68.22820896349997,62.945652175104605,68.91960262545973,78.49941218008489,351.172280277587
1,-0.08,0.11761912399073157,345.454717199251,77.41480557874303,69.73884119402952,67.36325233783839,66.61994102347275,67.15057685878769,80.17797212780097,341.4100404571089
1,-0.08,0.11761912449269438,342.0766899774772,84.39914881148032,67.17458710027591,61.66331153001718,71.47422230755032,72.73684710091696,81.0608365158408,344.1275837991555
1,-0.08,0.11761912499390784,357.97507796021995,82.29379713529553,63.359985939389766,66.55601397502232,73.16246398573615,69.74029253584233,84.58556932027479,347.929411894882
1,-0.08,0.11761912549437305,348.5022743886439,71.64219709639109,65.36364667171213,72.12108792014193,68.19430715142265,68.48868750251343,79.21618165224587,347.544715655746
1,-0.08,0.11761912599409198,354.8602104921962,82.3406682149778,66.62401360219349,66.7424577947706,64.00141064822341,67.01636028117561,80.3411920501761,343.76824991606395
1,-0.08,0.1176191264930665,350.47827452776824,80.19998264744213,68.2390556340243,68.04781989065857,69.09032458630193,67.87922760733164,82.26351012081886,364.4047515528454
1,-0.08,0.11761912699129934,355.11789398360474,77.64345436390981,70.82026268517725,73.80539990726527,59.52274484137799,65.56335561050156,78.01041257184075,350.20153310431823
1,-0.08,0.11761912748879362,349.70460247468884,77.749560892752,66.18190054564893,67.25388685962545,68.00634488303233,71.03795781824344,78.87474729296247,351.30945182554626
1,-0.08,0.11761912798555257,345.278679629734,84.14014895164054,67.03405468331222,68.72127271489572,65.86790536504043,67.63712460279528,79.82544952802347,349.78850759872654
1,-0.08,0.11761912848157999,352.85712522840186,89.46151473346346,70.42898993217075,69.08702316428885,68.98082434929415,62.59132817346465,83.2692697872026,342.8708901302106
1,-0.08,0.11761912897687973,344.3009251183022,74.91132158800612,72.08283490785226,68.15398021895882,66.21592812116323,63.391328648444556,80.29707131056288,341.031538298875
1,-0.08,0.11761912947145539,346.549265316543,82.43176180258948,61.301908473396765,72.89028911835034,72.24912084869577,68.44349323980205,78.54286522240808,336.66412502839336
1,-0.08,0.1176191299653108,343.24026292806786,83.43468905883068,70.76987042243432,68.80294860058385,65.94151230556227,67.62079952991218,77.77219707616766,342.9318848366483
1,-0.08,0.11761913045844981,340.9462281205496,78.2102243108851,67.74689666694576,69.58864935132704,68.61668496757564,70.96997963445354,79.44007830433675,343.464743856213
1,-0.08,0.1176191309508754,343.6489285238456,81.73461497705547,74.13251803912087,69.13173439409952,61.949035304449296,67.09285788423888,84.84024552513026,338.3023724033167
1,-0.08,0.11761913144259084,344.97348923565715,76.75188667604584,66.91422681176029,71.55528187585755,62.57317434031037,68.6137751915752,72.3989005590296,356.95124721376317
1,-0.08,0.11761913193359858,355.4666789303358,78.61808939529288,66.82650976097403,63.898194959580906,69.68563768053549,67.529331797109,84.13845355903378,342.96210048718626
1,-0.08,0.11761913242390072,351.27906846856007,80.35827141323392,68.62160619623816,64.04691338510283,67.92643338827196,60.43063262755199,79.58929587960075,351.8001560316636
1,-0.08,0.11761913291349872,338.0181784774222,80.05574021708978,67.64774744923942,68.44246419825927,69.77156199667213,66.47383151195496,84.67588204112062,338.5898606285362
1,-0.08,0.11761913340239345,353.19641825505636,80.09280696243968,69.4900044086301,71.19371500348025,63.726589567539,67.74290355068385,82.23436936813377,348.83848297874096
1,-0.08,0.11761913389058568,344.5378495202943,80.90005536386876,66.78148211586142,71.98062223841762,67.11773648781924,64.68622709375337,83.6978041529538,346.3106713197471
1,-0.08,0.11761913437807489,343.1017233798132,81.04144418805487,66.09993769160016,63.6397483384073,61.678500549149,65.2093559172293,85.2160593005079,347.23440472940734
1,-0.08,0.11761913486486072,346.83302875411994,77.81687551051067,66.2266106125832,68.68378640037473,68.59496358744632,64.3535520684949,80.20682817804895,342.6030279998985
1,-0.08,0.11761913535094222,348.67733201838763,87.3529209573134,66.8480181604839,60.24945529178864,69.2952518706895,57.58301287959073,79.49363291849993,347.9283782000927
1,-0.08,0.1176191358363177,348.28254115396794,78.24864313349639,62.40779376359498,68.50261717305385,67.38422811771028,64.92761359996861,79.89949814223196,346.5809012939917
1,-0.08,0.11761913632098564,343.36604625307444,76.30854236508544,68.40637456508048,69.57835365344926,67.39822909750255,69.72737098765054,80.1914844128575,353.9252709223343
1,-0.08,0.11761913680494403,353.9372143959005,78.5216167921473,64.26706106019337,65.24128800153564,64.33462611292725,68.15987532121073,84.22385337607203,348.13913168726356
1,-0.08,0.11761913728819073,345.32803420102084,78.5397932323481,66.13466255194734,69.7270747615481,67.06425613065159,71.78729733795826,76.02338844555437,352.36971485898573
1,-0.08,0.11761913777072372,338.92563102212273,75.47807495029313,67.67615692413989,71.04864197592075,65.50821646275892,69.34035932643965,78.7644086424148,351.81984920618305
1,-0.08,0.11761913825254149,339.75724482643807,85.48419491735056,64.94813978046093,63.309729774867215,65.43365409732506,62.662452530435374,82.65381454572547,341.6330531209449
1,-0.08,0.1176191387336422,342.4685827093403,77.26931384943893,58.90461548661631,66.93697990089888,70.1277802640297,69.58513832902685,80.38519472309096,348.6781093225883
1,-0.08,0.1176191392140244,347.8514606620752,86.87641743342485,72.37094240945251,61.9028521066235,66.62649231098938,60.613377340080454,80.09680410464615,345.28082680190477
1,-0.08,0.11761913969368729,348.618473600659,78.8379772956838,65.08677486900521,72.012597896845,65.9805675715964,65.91921462445671,81.85207267276407,358.4969170714502
1,-0.08,0.11761914017263025,343.35163284767833,83.50833197983545,61.76341703260801,73.45871685759418,68.74018064096336,71.7198455102639,75.53838607145165,344.8125297095877
1,-0.08,0.11761914065085373,360.67552806553357,74.7745804953332,70.79100428444538,68.59843579527862,66.08851809575236,70.1389227695591,85.81034989563591,354.64799928133726
1,-0.08,0.11761914112835789,352.8471663906967,78.02259368404442,71.83524687813862,70.25329222272504,69.23893489195503,66.57710720511021,81.83587112087116,346.5509502025301
1,-0.08,0.11761914160514429,348.67472912592183,75.6877096978176,67.19196667626593,67.9800438154611,67.30910652329231,62.77939693486036,80.77166661782114,350.0407212989644
1,-0.08,0.1176191420812143,342.8963531720027,82.95345556287178,67.66777695996254,62.814465807548046,69.63465086128294,66.8750609207419,82.74430904175595,348.82330174013845
1,-0.08,0.11761914255657045,349.89767044206104,80.09463183027343,61.849260781310576,67.07624361635719,62.08645055635213,66.27566260657498,80.73979801900028,330.86524229476214
1,-0.08,0.11761914303121535,337.8840269492943,79.59039538841269,68.33439019132815,66.14760637634816,66.53289257368846,69.49783935014001,74.06147117282103,353.80992408287193
1,-0.08,0.11761914350515208,345.5104550770079,75.07988390352988,65.97065522302131,64.04181824247779,61.58446810758584,73.10301254330709,73.4000206907647,355.2925907446477
1,-0.08,0.11761914397838387,344.62039863575376,77.60375200498233,70.84387346329468,70.8699771163966,62.63836684803351,63.48966066750164,80.19998719182276,351.88665530847794
1,-0.08,0.11761914445091509,336.83071083603886,81.48165133919649,68.3782799493179,65.20395245294333,65.15763598812308,66.26051233096939,81.93153091492931,347.76227544770376
1,-0.08,0.11761914492274876,349.5974660375812,82.80754015874793,69.06157628119713,69.35282584177139,65.44386065626226,72.6903970865527,74.53137607162337,345.05741497807946
1,-0.08,0.11761914539388912,355.706493628491,81.04454192121982,64.58815484901268,64.33170534691978,64.27272386205193,72.40923957518612,86.1458472151085,354.8476296728762
1,-0.08,0.11761914586433979,351.98497638861454,77.1029437129812,67.84608390782765,62.81367546321467,62.945682745166366,63.699280169053274,79.78483085500987,351.0559339921721
1,-0.08,0.11761914633410424,340.16770329191456,81.85780531665426,70.92368022793013,61.677954581069784,68.34850637671715,67.992424743112,87.23697280609316,352.43774082226474
1,-0.08,0.11761914680318596,347.37408362218906,82.39806113933965,64.2457405386314,69.40181990317654,65.05182434462041,69.92320698682818,78.30631596369014,350.95610044278123
1,-0.08,0.11761914727158751,339.5176825188734,82.54991673213166,70.00726292219288,66.55089169122239,63.860316384003475,71.10054956143492,78.86990678993092,343.0324591184652
1,-0.08,0.11761914773931184,343.6181534502163,81.81352381071926,66.05280564224566,67.7357174380606,65.06656190192832,66.25935757173585,80.41175317693649,351.3243429518435
1,-0.08,0.11761914820636031,348.7115431453923,80.98092950554638,64.76147690142517,67.98058058566033,66.62169043256057,65.85244956239904,78.30124320672601,349.39635621771004
1,-0.08,0.11761914867273483,348.37059059816295,75.08124467713856,65.64714209079072,64.34634296118855,70.30233415714633,68.31547016835023,75.28248233456046,349.4676999784108
1,-0.08,0.1176191491384362,358.7361586753695,77.47206961304359,66.35038591586418,62.660535843188065,68.63336257266339,71.53423845680969,77.7429823866189,351.21528764894146
1,-0.08,0.11761914960346435,355.6774281218572,79.6899079720065,64.55747933262249,64.67119531901535,70.18393985331424,68.89768358840438,83.4072104405703,347.2573662276688
1,-0.08,0.11761915006781956,352.39926539546997,81.40505386956661,64.11348918993603,67.89356251648046,69.51597381204517,71.6314483845026,78.16238091891192,349.8408310257512
1,-0.08,0.11761915053150077,345.74596794766654,80.32120057711708,68.92676082950467,60.89789673230892,70.2070203984249,67.98519758775136,80.08457890119172,349.0901299125615
1,-0.08,0.11761915099450705,342.92381937091,78.97077543331869,66.94817829320719,66.17486768361121,63.61596482781394,62.34103742535591,83.91401355673415,353.03851248438934
1,-0.08,0.11761915145683687,344.26616958728795,76.81204986131236,68.09321557937095,70.25904957826627,71.31917079508855,74.44346445212159,84.36496331516516,351.3862965665618
1,-0.08,0.11761915191848843,350.0754768892989,81.12710294685954,72.41195962504973,62.77406287997463,66.55726290490685,71.44694755162179,82.88429436213607,354.40215281768695
1,-0.08,0.11761915237945984,360.89931624812453,81.89700114223713,67.85267799908182,61.142459172572075,68.87434462347372,59.048899204093914,82.7138040938963,348.27091446157095
1,-0.08,0.1176191528397488,345.65594777630344,85.3742156629113,67.95733390468754,66.84940960122914,67.73892245392285,65.0252012515344,81.72007579539698,346.12781157036056
1,-0.08,0.11761915329935359,343.9334953952444,86.92232062339703,69.79099363752734,64.23268573238131,67.65068962738832,74.51960511071863,81.847184090247,356.86978488840305
1,-0.08,0.11761915375827231,357.3039658013779,84.67997208591977,70.2629725930612,66.46717782394983,70.34118019296392,67.95204702205203,82.0275046453538,340.62934541441024
1,-0.08,0.11761915421650342,354.99769660810324,81.87051320091454,61.58969177473296,73.9887141555308,69.17641236531692,67.54553802263362,76.57498533514342,344.1093233817607
1,-0.08,0.11761915467404524,339.4615319250289,86.92365311178989,67.59690300715431,67.1758482426348,66.35203720926,67.51127117046717,84.05580494663818,340.97680432527426
1,-0.08,0.11761915513089743,350.50809066849786,80.8625784527107,70.34978896025541,69.57468412983796,67.71933147367851,68.95906012662674,86.03952639450824,343.20728885893055
1,-0.08,0.11761915558705946,351.33279933221746,80.22859570117974,64.42345493468721,63.8460176730832,61.43109846679498,66.18204093947973,78.10680306076854,365.5717011688397
1,-0.08,0.11761915604253126,355.0248931692012,79.34003680227868,65.40547491201883,60.356250878932684,63.71617376110096,61.714635127168776,78.80098340350568,338.10646318795676
1,-0.08,0.11761915649731378,350.1747910517354,81.4458459962966,67.41295870764988,65.69580135227437,62.89806664664566,66.78331183268713,81.04468223290702,350.37406967824575
1,-0.08,0.11761915695140805,344.4304201434672,74.58369379088371,65.22470167663,68.02739045822248,68.38520598720022,66.37382588639944,77.93327014011739,336.26940842727186
1,-0.08,0.1176191574048161,348.83017646269417,82.07951778132214,68.64176160428664,68.87920603012611,67.12168571917789,63.21341761978867,76.911545960114,344.6586412344069
1,-0.08,0.11761915785754003,348.5514646501416,78.08265889806893,70.55235979266295,63.59007855254974,69.68142122033392,65.69514862204741,76.88675970625903,358.0378141782684
1,-0.08,0.11761915830958301,349.8220453788498,76.36477180750853,62.99919046352014,67.63147516108911,66.65786479970583,69.75597533299302,87.76808313369527,347.02489183922734
1,-0.08,0.1176191587609477,354.13694631815997,75.10008128163709,65.09457232991086,69.53812543487074,66.80520924666064,67.52563548274294,81.78838412534112,344.32686137367756
1,-0.08,0.11761915921163792,345.4102271100148,80.0723328217094,66.2059992266334,68.38888518833453,67.30325700775873,62.60672957626866,82.69761383347232,340.44072374234764
1,-0.08,0.11761915966165722,347.2411557537691,82.45433161588993,66.80470467449354,63.4649427591417,65.45398035629817,70.12819576286282,80.94870862886427,345.30898793596276
1,-0.08,0.11761916011100927,358.465786206028,83.31988035057465,65.49467208790686,66.74965345766047,71.02704971295728,67.33293246716741,76.09106228074216,336.4154958267573
1,-0.08,0.11761916055969829,353.3442562585332,83.64902855507957,75.12400578802905,73.46286874204893,66.73398527201381,66.99179038501599,79.94713780232108,347.4014939842522
1,-0.08,0.11761916100772747,340.58585288533493,80.01270967972391,64.59535422341978,71.4910676654124,68.31862702209115,67.76881822963117,84.77615362572902,352.42778171030824
1,-0.08,0.1176191614551005,346.1797813786148,80.95833340488713,65.63104697308304,68.15984910322356,65.34758319627068,63.629728590787764,81.54091597125502,353.89959675733945
1,-0.08,0.11761916190182077,344.5886271892787,79.81558145285341,65.85041074103081,67.99975294722273,63.49446183004428,72.27176153462632,81.40413800783003,347.0039115906211
1,-0.08,0.11761916234789088,360.37866951993726,73.40262181376211,71.45654272237647,66.15996764900083,66.81926697635153,66.57398570392021,80.21417224473026,349.6823158181395
1,-0.08,0.1176191627933133,343.4120906234377,79.68648141136225,69.67025378185153,61.751273602824874,61.78281768353451,69.08210958083089,78.43544974284498,355.05848351353666
1,-0.08,0.11761916323808959,345.2065936693477,78.3059079572133,66.47026356926352,66.14267529419267,68.30685957781853,63.22542069013705,83.39198495051372,346.755250492236
1,-0.08,0.11761916368222151,352.5715576888019,80.97798101677031,69.42822024030819,69.18003017297598,66.29033360979108,63.50804004734913,78.34320660216186,355.6585228187225
1,-0.08,0.11761916412570961,349.9661353803319,82.75901844252468,66.08269111948464,63.057482596401464,71.96241230320865,68.30770771933881,86.60529318343292,353.3051529585588
1,-0.08,0.11761916456855398,343.3814986031345,85.9097127378125,63.59743921283853,69.74117263945975,64.30884645395038,62.42860976196285,79.86943812113435,347.7316254742375
1,-0.08,0.11761916501075445,346.25132807531827,82.36980096115933,70.27689258756901,67.52493917178191,67.25262735803001,63.618980812565745,77.48967411521029,351.3165860593282
1,-0.08,0.11761916545231034,344.83602649951155,79.08597610457491,67.63554707119587,68.32798760427019,67.22511394032018,70.55002046037752,79.3731014614185,343.70762647417797
1,-0.08,0.11761916589322023,336.8692636666105,76.59209112676376,66.38386105110818,70.83813453625568,65.69371890668617,67.1634434981999,79.27701176325839,353.97464396743464
1,-0.08,0.11761916633348257,349.3556074359462,77.32983166437755,67.08535444065875,70.18174495159782,65.45323408321953,64.39100988736057,78.2799551699586,349.7117786690666
1,-0.08,0.11761916677309558,351.47035414585423,83.71330027242048,64.68680059640148,64.54910349211823,67.0956998446883,75.50933751156299,87.23237431333733,353.6329875076546
1,-0.08,0.11761916721205717,339.09056753168824,79.67123463171612,66.41446919137532,64.652134521084,68.36324197305328,69.64872145055915,77.10343285499684,350.2809014176781
1,-0.08,0.11761916765036533,356.3736371607091,85.24162969742672,65.89237241111374,68.5124744782431,75.7998815244078,64.70406415575346,84.4130460760886,346.6649213679354
1,-0.08,0.11761916808801798,348.3234312654742,80.37933202430119,66.73240505649001,68.2921386704175,67.52651062246827,66.26788755416528,80.10037994880406,336.895287914527
1,-0.08,0.11761916852501339,348.96024724270296,80.8775795934455,69.34069688271697,70.70832199011245,67.35255597723004,68.75187293998054,78.81943247550535,345.7172813055266
1,-0.08,0.11761916896135001,344.17090954011223,82.3603377586568,67.52518840275933,70.44005933101487,68.6389172571505,64.73491953601341,79.51427371399242,352.3168610120197
1,-0.08,0.11761916939702667,351.92085562508174,80.8617883777537,66.87037210587094,67.07292786158203,67.53989685019172,63.81452955728958,84.05970340739037,345.27996791356196
1,-0.08,0.11761916983204229,356.22654521001886,80.67742447455008,66.11280914109116,68.99370803374028,70.18552095953554,65.69326356711511,83.0973088745568,343.76388873306934
1,-0.08,0.11761917026639694,356.04100010686807,75.25340322166777,68.37722515726605,69.2453491021637,66.35528049953977,66.10365931660755,81.87266951418617,358.9334901023546
1,-0.08,0.1176191707000906,355.7073387052817,76.90031378112833,67.74918908952549,65.17455182653843,70.98464802548317,63.01007982572308,79.1260780776008,358.3378872576369
1,-0.08,0.11761917113312426,343.1043730547632,76.71325896972343,61.140280003406914,71.27356108958115,60.589082759561904,65.16698959202273,81.76882681744804,352.934638073607
1,-0.08,0.11761917156549888,354.42245827828276,81.7592473314244,70.64312033133837,71.93683761694588,68.87224864810996,61.76286665423825,75.23987765694729,350.36595341406263
1,-0.08,0.11761917199721678,353.32946981839945,83.36043767178343,67.64799666223361,70.82785886000084,58.846607976988125,70.9400825957226,77.35166141231849,354.49760729198715
1,-0.08,0.11761917242827995,350.64770698534505,77.85131551926101,64.49387866023984,70.22373637970365,71.04890828478807,64.8980632078802,83.74334932716792,346.06227404680254
1,-0.08,0.11761917285869154,347.6508014694566,73.68078193474612,66.3535354238023,61.650056020713265,69.64533789849081,70.18745194258297,81.94833650165761,347.73171087646705
1,-0.08,0.11761917328845473,344.1979864838963,81.68520053251828,73.88398909375968,62.93723439265258,60.35167013460159,65.78331081771935,78.37412855338393,359.5976669364185
1,-0.08,0.11761917371757294,348.74174074540855,82.78832570930386,67.88709964194592,66.16631665022126,62.70307665796026,70.67504406203956,84.21432947096595,347.7679560566327
1,-0.08,0.11761917414604961,353.3997453884359,89.14381398369736,61.1872173834636,69.74227351625467,64.5048037416059,64.59547782495926,82.84295130644242,349.00949042941744
1,-0.08,0.11761917457388882,340.6583313362704,82.78865576762925,65.42100986119898,69.02427778809341,66.24133558402066,69.75013610330684,80.18952375786941,348.42229762201885
1,-0.08,0.11761917500109434,347.9815696397491,80.90627268090256,67.72456518659982,63.229200419183705,65.35390407343259,69.64848979759336,78.48458462221829,347.7732648832329
1,-0.08,0.11761917542766975,348.76058322444175,79.08450070799005,68.35717740526847,65.98110781365617,67.85725108026189,62.4726359218239,74.46208354415452,346.2836912033331
1,-0.08,0.11761917585361845,353.6204252840915,84.2199468824222,71.57938632364531,65.75514503082375,69.6228302025683,65.55661375456972,79.90964971287737,346.6768388396283
1,-0.08,0.11761917627894361,338.1128824590055,89.8171728433889,63.87741712755178,66.28446606261929,70.48987675479104,64.40883283704686,86.2064606831105,342.4459670558316
1,-0.08,0.11761917670364809,345.4032669168921,78.14438744944276,69.44817864492558,64.084493567349,65.33277834514577,71.86268885794159,81.46496483767332,348.0209869609466
1,-0.08,0.11761917712773366,356.11407200718185,86.47210639820987,68.94146532484227,68.20442670434763,71.03940965097107,70.54091472447399,82.99884413820459,344.4025614825544
1,-0.08,0.1176191775512026,341.0431210858012,74.54346405507835,71.13102025339452,68.50069432217802,63.84571649148345,66.15169990460852,83.78314258541928,347.5895333588671
1,-0.08,0.11761917797405579,354.0366824250567,81.04946390337014,64.55277295295902,63.52358769901072,72.99262615321757,70.24596766096887,78.59489113425838,349.1078396300142
1,-0.08,0.11761917839629406,345.1733815104871,77.60309895988783,72.84291226558237,67.07994490352837,65.91671930831318,65.23220890513804,77.98831957144895,337.8658679572988
1,-0.08,0.11761917881791735,351.7594830990716,82.98843795571307,64.1551510713873,74.76238037188926,70.41592408071062,67.44796131793099,82.33275667171121,344.01207757885174
1,-0.08,0.1176191792389253,351.2042978282383,75.93764194406559,65.87182692363014,68.11950839328814,63.68641402632282,68.8668846502292,76.38888942682136,355.5535020878879
1,-0.08,0.11761917965931697,347.36037627430505,84.11781469703702,67.18446547518259,61.02330284439694,68.02193234717244,64.83485714771994,73.04932333348663,346.505986470682
1,-0.08,0.11761918007909122,337.27419155581794,82.43905024856672,67.11257737378475,65.25451587439512,70.57315241540898,68.01941208411323,88.73275420146425,342.02360429239883
1,-0.08,0.11761918049824613,356.10472610181273,81.71662754605033,63.419566380754254,67.71007829000021,71.35618764221282,66.66426533495479,74.21188116620176,351.15790857602195
1,-0.08,0.11761918091678006,351.49045901034515,78.03319593423008,66.92124427510942,66.62000657003894,66.01182973518301,66.31730295973675,79.25436324947634,348.89625869942256
1,-0.08,0.11761918133469074,341.9200807395385,81.4351667177324,65.98915781682727,65.83547573837528,66.69633599434903,73.81995748919957,80.34624428952213,340.0628051022457
1,-0.08,0.11761918175197632,342.78444079455306,82.06556705435138,59.652998242229906,68.13524122923438,64.94351939576873,67.07896064581826,85.14505678809363,352.12590398758437
1,-0.08,0.11761918216863448,345.7659636285636,82.36116126551514,72.91375557221195,66.38037948304246,67.60215504450574,69.70889717790917,84.62470744882876,352.8583733420006
1,-0.08,0.11761918258466365,342.46559888793445,76.89776411965686,67.13325015081209,69.48804983150042,68.73793674101042,66.37526410979409,81.24284588858661,340.3310494513976
1,-0.08,0.11761918300006234,359.30477871533174,76.54540877326235,65.1347371171596,72.1334613414313,67.28153669812112,71.48051305602166,77.9252775226257,342.87655066930995
1,-0.08,0.11761918341482926,343.14556572916075,76.62130708016252,68.01122898991565,72.30275878933533,67.12207054032649,68.4561892224727,85.36921212230244,344.9998951422486
1,-0.08,0.1176191838289637,346.9441716037752,78.49478603322913,73.84936893279128,69.90722161756746,63.82706503093087,65.973839047839,82.84202332471706,336.67415541854905
1,-0.08,0.1176191842424654,350.6223512243167,82.04783045446094,65.75419576689488,63.17251299200771,73.56714948812595,71.8959861713559,78.77917962201451,351.868218092074
1,-0.08,0.11761918465533468,344.55026394526936,76.30904676001248,66.19468487985371,69.1341181012227,67.30278956229563,66.94972407272351,77.09238054180668,346.6209224151486
1,-0.08,0.11761918506757256,352.4019298894142,82.80119813824257,67.64904295233826,70.07750132103226,66.37856927637243,66.69186542630871,82.19600331162388,341.7532419468079
1,-0.08,0.11761918547918021,347.35553112342456,79.244622207225,66.31352146754988,64.31689952923539,61.137027200195355,68.84568411757776,81.97137464118073,343.96011615141356
1,-0.08,0.11761918589015967,350.6170537201694,80.40684583571496,65.87776474530202,72.21451063749332,70.02031057453217,68.38053803955039,81.56583427628767,355.46274075013577
1,-0.08,0.11761918630051327,347.75018564011503,84.43636162597122,71.62007978422105,61.961284061266475,69.13058598152149,69.76148171101369,81.72533145661845,349.61536102005687
1,-0.08,0.11761918671024411,344.5316595988733,84.20967014727016,68.13913338487255,67.2037118068553,72.0188319296114,71.25105421049042,77.83395950536847,336.5276974579914
1,-0.08,0.11761918711935529,347.3397413134415,79.87967769579386,60.8571781232476,63.74503850880272,68.93124428638757,64.50525388795066,73.74724283080398,342.547142704779
1,-0.08,0.1176191875278506,342.47040503322967,79.86340408037982,62.87361505982293,64.70719279194218,64.19277470077594,70.79616690688637,81.71302374025285,346.5706499800021
1,-0.08,0.1176191879357333,350.6408471049014,78.26404643794996,68.42013970730584,65.57498371596671,69.34350261233338,66.62148845276486,84.76230350186458,349.490116389176
1,-0.08,0.1176191883430075,338.3595736131843,83.37636355244346,65.29859540656814,65.15622763038624,63.64898963409378,65.1525267757031,78.29729716492889,336.6245095617615
1,-0.08,0.11761918874967664,348.4039089269074,78.06996561338654,65.52213235144107,68.85977338462138,62.6932715351762,62.02013645119743,79.98533961881115,354.6823821137827
1,-0.08,0.11761918915574437,345.83614312396736,78.57542915076904,70.90951267311124,66.19402495166221,66.28690296359468,71.51614298976985,87.31774119559564,346.8621790142058
1,-0.08,0.11761918956121427,352.03343238303734,77.06690469304986,67.14004277909275,63.261643083002554,68.02373513255223,71.52425136850468,79.59439672059686,348.58277175990725
1,-0.08,0.11761918996608929,340.1712559175196,84.60259592988075,71.22408412531539,65.27420899817848,63.42264109063044,66.94434469272599,80.31032428987419,349.8041328100733
1,-0.08,0.11761919037037182,344.8537383994016,84.12662160415732,62.93143399192608,71.34586461603645,70.09075904268146,70.54831607006636,79.91301908870186,343.13448963129036
1,-0.08,0.11761919077406421,353.9510588815717,84.83295151520633,67.40801929670378,62.373031425314075,65.76073142420535,67.57052591260774,80.75442010530415,335.21776727637405
1,-0.08,0.11761919117716792,336.4575320120685,83.12663595914175,69.50726993378734,62.7627242277677,66.49157234645882,71.20786531182698,82.56708346583312,352.2316845151841
1,-0.08,0.11761919157968427,354.6291234989521,77.90807719762073,65.6686219744428,62.90699880320078,67.10863451255219,66.18387833565008,80.37738264843681,351.7499834530422
1,-0.08,0.11761919198161389,345.93676189493505,77.57206656461904,73.73489713418446,67.22420518584785,71.82358525325034,67.66651588976261,76.59644484310932,353.8396899652158
1,-0.08,0.11761919238295641,351.3705725757395,78.75192093163814,67.43001143243252,63.399766066982046,64.84064655868424,64.03819469796944,80.19417197218442,349.8860023269093
1,-0.08,0.11761919278371132,337.60586517568186,84.06357306889969,71.53225767790384,60.200036824332884,63.879147402536674,63.33613705049475,78.39863002756223,352.55144193717416
1,-0.08,0.11761919318387767,352.21605396869603,78.59567574436673,68.7472108011776,71.50366028570568,72.37354759662924,65.64672789588616,78.18400955712018,339.07265907261603
1,-0.08,0.11761919358345416,353.8105280169679,77.7999148778703,61.78633089614343,69.54577330655806,67.04186458657499,67.68758772942853,74.08950688495331,347.29936938277444
1,-0.08,0.11761919398243913,341.6992317965107,78.4404545504494,68.25949849756171,62.92804295660901,67.77719305088071,66.8305297867758,78.39013408402433,356.43167908520684
1,-0.08,0.11761919438083039,341.0670275925459,79.93292244787521,67.84391316138243,66.26064871889025,62.843495408443275,70.78749651527185,81.87943326931479,358.0235503239812
1,-0.08,0.11761919477862598,343.51186408565496,79.86888394756534,69.30587805305375,68.38670068345606,69.81963626461233,61.93911707431397,86.4660485985152,350.1726151752196
1,-0.08,0.11761919517582374,354.59021826112894,82.24211134611174,71.04738005788113,62.65451254549036,64.87962630526216,67.564840207012,80.51432762368727,345.3492216369088
2,-0.04,0.2705934844227531,61.30653256121671,65.2044913532937,59.35564166338895,72.60375060115386,66.36999369704482,67.84944811960999,67.23682789552355,71.78155209135922
2,-0.04,0.26538768917933103,57.82592025479239,65.24176088982124,65.29687970678968,67.65218434965239,69.05102797101489,65.66656035544253,68.0928567071642,67.93759191066448
2,-0.04,0.2600237634533664,66.70962678541012,60.04943916459347,72.20207524692718,68.47172604061477,65.18361073236345,64.71434926391363,69.08675675090437,67.72642199943088
2,-0.04,0.2546271576497393,70.53828019290748,70.59603955779708,66.73927208488253,62.77370524547862,66.90185919877078,61.42198141016185,74.63532657581675,63.434237987700826
2,-0.04,0.2515823279754168,67.18117836789591,63.50045177551123,65.92743197790331,60.81189239617532,64.44124249051536,68.84475787290764,63.84434655955026,61.88249679182401
2,-0.04,0.24855950141288846,62.09809014441846,68.01600634929483,66.98441732525924,61.38258110043058,65.30523196807569,65.11476443546175,68.56805539936943,70.79037368272085
2,-0.04,0.24434927317605593,66.74292362213968,65.06462537404205,68.51737961472693,64.71562584652524,64.47371691985363,65.87719754422318,65.78964948680708,70.15996032135192
2,-0.04,0.24013892184767563,68.1933372704681,67.87846825952454,65.7865779654078,66.03340688762907,64.82260099961294,64.5365285504251,65.27204230231568,66.18060953978363
2,-0.04,0.23638176057321844,66.51264406543231,64.98141238518421,65.09102672891207,69.1058388772954,65.13059216421298,70.71913099380393,67.21900309936308,66.45223079791191
2,-0.04,0.23264466517467636,63.885358854188844,65.63082042079473,68.39144760363688,68.32867287566732,67.36075173023256,69.07410603056684,65.32427766994365,66.41946283864685
2,-0.04,0.22892281828264904,66.12978817649571,61.17540935594277,65.23547180962697,68.89828410912462,64.15915776186921,62.86104605234966,68.2585155875024,65.3505604964982
2,-0.04,0.22521054081823114,65.02026570991895,67.98408178213656,62.94338396724295,66.13807182590818,66.20180848692469,63.76850031261068,65.69363211407098,67.58455331478822
2,-0.04,0.2215016384216377,63.227042888579255,61.96418695292058,72.56982741186252,68.54302894596051,68.31519577932472,66.537131539573,65.17816305734276,69.54975631135818
2,-0.04,0.21778977627750776,58.79788448168919,67.41428854686153,64.08382568194737,71.45895295637185,70.87233523725055,68.88352170631093,63.02900830699086,69.14669225060797
2,-0.04,0.21395720989842756,70.9120267492389,71.58126544258614,64.18578336549832,72.1617098531748,68.95329073558462,71.79021446592607,61.54316268398128,65.93408899461953
2,-0.04,0.21011684639013553,69.43729217869527,66.507649605914,67.02271274917527,70.73288067726166,68.88772341034846,68.28928916800872,63.92582495026408,71.4168905783442
2,-0.04,0.20627037704780574,65.22313525840202,64.13153201288945,69.11255584650307,67.45622547534543,67.17412675469636,68.04338636644344,62.04513120719771,75.03067419069822
2,-0.04,0.20241992098930509,66.4135369349953,72.41459158317149,67.96498380939562,74.43833814899703,62.895960462587844,71.20053382195228,67.17479279943838,63.36860610389819
2,-0.04,0.19856790295371748,62.83073983274422,65.25831703644404,71.02832380701024,67.71565936068824,68.88927337600614,69.32242999632597,61.21580917828587,67.5299419260293
2,-0.04,0.19471691267919186,70.86436643922212,67.82767230043292,63.24658898894407,66.85274383187063,65.5380105006195,70.10660335127453,72.76287455119405,62.71257643965891
2,-0.04,0.19086955451627757,69.3385383405881,63.76709151165412,70.00964364595056,65.09185125626725,70.3319261391458,68.41326260864146,67.70940555259669,67.37541109628233
2,-0.04,0.18706538314295154,75.35508440413169,64.59981779123702,68.65235625746394,71.18659256688626,68.41492775974537,64.38094268825255,68.24039033632586,64.30844416072259
2,-0.04,0.18326726123339562,70.10764862075894,71.19884931445343,67.27934537827448,64.16044019188757,69.20208433332775,62.567789467534304,67.45754132841904,72.28713671455
2,-0.04,0.1794748887245864,61.27259633446279,74.09010415093437,69.52124625490137,61.76376776270506,61.883839805768424,68.77990906362831,72.7638161909587,68.67202727037474
2,-0.04,0.17568771968792365,60.842037436595746,67.1133940520212,67.9420027586436,63.92073579672466,68.3347386818441,69.67178835277532,68.82652631148687,64.3730832786094
2,-0.04,0.17190500200350997,71.34391383334123,70.64635518022789,71.74475860110216,69.31195609075867,69.80474319235078,65.22013654146535,70.11054748361391,64.22770154537373
2,-0.04,0.16812582996308265,65.80214373244982,63.65761614662293,64.76450141111495,64.3029850859711,68.62152945803473,67.6632653499672,60.62070353466756,64.95752676546462
2,-0.04,0.16434920674211034,68.42548056652981,69.22752942651539,67.31998707579875,72.3119267397245,70.8483978373674,63.96457265003504,64.06820958299984,61.54082440185156
2,-0.04,0.16066632976229042,64.4253472637235,65.43321082143383,68.69120095988175,65.46466227110406,69.60845040345185,68.96983321642719,65.68183800694399,68.45207913908281
2,-0.04,0.15892983777081562,66.77948677444918,67.73947748085284,62.36062485833315,64.5997592241279,67.82133926136943,63.030258590695226,65.63534285889129,64.63299357552621
2,-0.04,0.1572791393945441,71.07177742837577,64.76611099891554,65.4607180940764,61.25752178033102,69.94401600822503,64.1681563653022,67.11230186340019,65.04774969488064
2,-0.04,0.15238804378951232,75.2399960516597,65.01873511619355,65.50839869968101,64.8409576763438,69.87475748231718,68.29438982386016,69.10883682042687,62.1294982921699
2,-0.04,0.14911171039864135,74.44128239839779,63.24678426116519,61.12581037321943,67.86514983595448,67.8734965160382,66.5610072163388,70.43439551340227,67.95238639901909
2,-0.04,0.14583443535817547,66.01422886490766,71.44305353622597,68.14873725810146,69.6814281077189,69.47085469171157,67.5640704588737,67.85291815657338,70.26414988696327
2,-0.04,0.1419553683039285,65.12060577976806,65.94591565827876,67.93641488479426,70.19309765931136,63.92840543654785,69.16466883501747,67.4659900118462,64.86915975914522
2,-0.04,0.13805130293655593,65.78818107719675,64.90323866936676,69.38713166995608,66.92947547078256,70.51877831408981,67.40622911473234,69.66201432107005,71.3320224418368
2,-0.04,0.13412951665897674,68.3915574045502,69.27907487591904,68.12316046236529,60.40989779899594,69.61684166484652,66.96654494243204,63.58873820163465,65.49919911909086
2,-0.04,0.13019839768103822,66.68206771140855,64.5628503802701,73.85934672250434,70.96473688041353,67.35193912736209,69.53115927368626,64.65412248968849,72.56765970596567
2,-0.04,0.12626697172595838,64.0939516872586,66.27425578542412,57.05257809514154,69.1834966266751,66.16258309908052,69.60104331081163,68.11719349132426,75.74440853017796
2,-0.04,0.1224862389301822,66.47038334806426,65.78111140573893,61.77993792337636,64.798284387747,72.00808310289361,66.01659957592025,64.94449862320462,74.52401934247386
2,-0.04,0.1224185801438953,66.24826629621387,64.24182111509059,65.95894578763082,65.8866974948738,64.80901449067548,71.77471023870726,67.48067013489205,70.82547611317835
2,-0.04,0.12221342241566556,71.8383017938313,68.830561579142,63.69734886832697,60.76045515189155,69.74014601119232,70.38829263634344,66.09759854044205,69.79558209204846
2,-0.04,0.11658634758170176,64.35974101335361,61.995449304561724,67.86517176155283,72.26290805977463,71.58172918683874,65.97192541188572,57.00097472219363,66.67369065286437
2,-0.04,0.11084248552622343,106.9599506836825,64.69017653871013,67.24291915899107,64.72867969934964,71.82393751890113,66.88545263844165,64.39622800512099,82.45894394789266
2,-0.04,0.10798721256970513,138.39435214012568,64.79049955715094,70.7599275330457,62.297311859879905,61.75661850999007,69.92603634136506,68.16549243963634,107.82945081615752
2,-0.04,0.1037106616021299,207.26500634502986,70.03153433202732,66.82378111769452,67.73021724682998,72.1929469244929,68.5704663469048,64.55119450713514,154.05161883788156
2,-0.04,0.0994148837227834,379.26368105234326,113.77694572697516,62.87749533725113,67.5789390608586,67.27650111903559,71.58435237553458,64.05726195831154,281.5286863189619
2,-0.04,0.09565004334964326,1701.2753519597334,178.16213289350972,69.18104095786069,71.22940199655461,67.06992993614675,72.15102771926516,78.56924060575557,646.6537910497129
3,0.0,0.25700125374851185,64.58454812598701,63.2908194799385,69.38215508302481,64.79683300752131,63.91705873160911,62.162265052423436,62.56587409110636,64.56698137741265
3,0.0,0.25525275675550396,64.88795426888022,71.25569683303338,72.46978461352703,63.86540521897291,71.67663828906419,64.27924505462838,65.89136971429053,64.93216755146877
3,0.0,0.2533399678369808,69.18299033291368,69.8822373511013,64.48214930120645,66.22287128021813,70.72116744666586,68.51592967709865,72.48612466764563,66.11674057843902
3,0.0,0.2513067467379344,68.64826939354596,69.28449861301179,65.07275167639496,67.24797202335085,69.34558454614458,69.4081308571147,64.63791785058926,69.80206962016807
3,0.0,0.24658991825858903,62.31403427875938,69.68039266485835,65.42998593797594,70.51442859817703,62.60650818115821,65.25414115214983,56.60031371436696,65.6788388160467
3,0.0,0.24181942492719105,66.15288723206044,63.11669006093811,71.00736152260387,66.95053911856071,66.12239955047487,66.71531078312245,65.63177386274003,61.77965757680129
3,0.0,0.23848344956544018,67.6190544171583,71.30339599125352,66.57025480243074,73.91973491540504,63.534410627697255,60.75773553884176,65.78692236057081,66.86729091409052
3,0.0,0.2346291567762961,66.16579493903188,68.27963632076438,68.1778903930428,69.53224484651454,68.82588839689714,70.62640226558564,72.81522709928021,69.82699966450211
3,0.0,0.2307517748347769,62.062291756506106,69.5396584076521,68.41192729873009,67.38560589696779,66.35215054250114,66.1781223077841,69.41932118723658,66.83241389084537
3,0.0,0.22685703117018102,63.76913245995034,69.24611201922698,66.76987522021896,71.05078452904694,70.88074781455757,64.44352498658291,70.93871160038807,68.6873546699119
3,0.0,0.22295193905450728,69.76221485851725,69.4010367975498,69.15547986421642,65.19704569322778,67.46590573166185,70.41002278074951,67.51139558922355,71.48065976246951
3,0.0,0.21914273530731693,62.92178495697492,64.34469360563331,66.23443776538126,66.8037107122587,71.11565299495365,68.28819457046478,72.11731383480424,68.52871963467653
3,0.0,0.21533456365526674,70.54317737611099,70.46062730385059,70.17681108858017,66.8378006543277,68.67955306995151,71.55365643302119,71.3889155374284,66.22007344951443
3,0.0,0.21152712792274314,68.36991619106368,63.94490703454367,66.83054017425727,66.78750411131263,68.29169011880838,65.361217876948,69.55581275985259,65.91158716636863
3,0.0,0.2077217577561448,70.39355540255465,68.29842800204283,70.52292779606121,67.90334464426769,65.75475267330668,73.02607883274598,62.072506716863984,75.16198928411806
3,0.0,0.20391945156698724,66.14012683908534,68.50120162555255,64.09792556622132,67.58684523425357,63.511683036069115,68.13998845734118,61.149878443103574,65.68228122107344
3,0.0,0.2001208149618767,72.8663334450763,70.73535045551336,69.0302106791863,66.09444655378755,65.08838175284723,69.28379809857083,70.51005794577749,70.59145291977605
3,0.0,0.19632608396201495,64.91871881052434,66.18763789899633,66.60992823329036,61.459230358074905,65.54238862654985,65.98920368753487,66.12094403155494,68.51905597169349
3,0.0,0.19253518564337643,66.45183506359541,67.03718997874422,70.57386732164852,70.5659392697067,67.11669344516956,62.27532854422535,72.02563024999318,63.776043164040836
3,0.0,0.1887477802322003,68.69971145677906,67.0706833692173,68.90903288755854,66.52552167225068,69.80195767114029,66.36978757185737,66.06596948713593,68.69144492556248
3,0.0,0.18496331766443644,69.56711792073206,70.77484254697856,71.19312474514606,64.52768420990922,67.10709998533035,68.924178303282,67.56461239684207,69.53960010749034
3,0.0,0.18118110346281585,66.51064602428097,72.93707026226703,71.00058430571298,67.72938445268552,67.11812650894856,64.59533303576295,66.99561342402832,65.61737869319852
3,0.0,0.17749204933796248,68.06100574679853,65.67565738632008,66.16913696109343,67.49515415663097,68.52595954457074,71.56033917982282,62.40290891891416,66.82611967854947
3,0.0,0.17565732408964202,65.07144127058724,74.92544929317643,70.36139814749872,70.04192013302206,64.25880347516257,66.94288968557618,67.2936443879863,63.71012086679999
3,0.0,0.17390992766580787,66.6266054514981,67.01809407501386,64.54514882389819,74.89952533631372,71.01887386076478,65.58203507539733,77.50481216750053,62.398532269495554
3,0.0,0.1690646273262512,66.7940511932138,67.12545031040533,64.74047125572982,70.02601077708852,64.46181078728266,63.338803641510594,66.66784961413869,63.513685296449296
3,0.0,0.16576019506004866,67.02287461437056,66.89188135723815,67.38046129486682,66.31277741600492,67.08845982645461,61.65842990072988,64.6211034334648,68.61253912287276
3,0.0,0.16245915102626865,67.7302810830607,68.59935931977812,64.30494207003476,69.69471716439556,61.99353842953025,70.4926779991367,62.358496110438644,66.51610595396043
3,0.0,0.15859498705032946,61.3181098861487,63.421099549852975,71.08073778846234,68.68502901115727,69.22039663681605,68.72585635107373,61.8727153890718,72.36230506761162
3,0.0,0.1547099173797453,68.07783483949842,69.23178220890938,68.81732828930689,68.82629118951292,69.0617771167807,62.010374739358845,69.46481326205809,68.36812501690937
3,0.0,0.15080971224875453,62.157272015526296,65.20333535017772,66.30610248673784,65.75599403190444,68.78902029679647,60.488927450071316,67.32436646944463,70.05090715716841
3,0.0,0.14690112354938056,74.90956768242411,66.29318739328765,63.60138675552704,64.73507339244543,69.49683739936596,67.25696106721996,65.72781512941728,62.645372008478596
3,0.0,0.14299145920211756,68.39612846344401,68.71699552053639,70.8960213373769,67.06049252110999,61.220967504163326,66.1613945604231,68.82194963804844,71.80744827191089
3,0.0,0.13919884277518538,65.84003858551249,66.95750768756957,68.42853084540683,66.69676384084025,69.58132449889084,70.48967323327503,63.9642000680761,58.11501761674033
3,0.0,0.13541278219374633,61.20350754634116,70.02975540632804,68.46374235003546,65.49516180664655,67.37467381128951,69.53563588556733,65.0678561003038,61.889900110899276
3,0.0,0.1316332266017807,72.71519456458927,67.66762734947784,71.28447203312469,61.119411315366136,67.26204866539409,66.8540512303025,71.31489599646106,72.84989526885836
3,0.0,0.13155353084996324,67.52033751788404,67.4474650867036,66.60512560106861,66.81541278116617,67.47553032808719,60.192944183745695,67.92732892834057,70.36463054709894
3,0.0,0.1313353205744257,68.12836868832031,62.777445570380145,65.49689137529604,62.94812203066676,68.86555211448356,67.29634272238067,63.880558339486356,62.395552938549805
3,0.0,0.12571193140582781,66.60504565395462,72.38521351752676,67.14727899600638,66.19506268869765,64.93700822273057,73.22750085435509,69.04677644424618,73.14588281416523
3,0.0,0.11996925504669297,61.08365916281056,63.04412662441143,63.667580662839256,65.48273863763447,65.63316598784431,70.97676499445981,67.67849138725293,67.01751867762565
3,0.0,0.1171107862684842,68.1844172972802,70.58841631584083,62.97858705172845,75.9070216582588,70.92278708572961,74.44047215143961,69.6052509504798,68.23701425259627
3,0.0,0.1128318233115376,66.84153597277603,66.23537329530845,67.62630136528871,70.07440622311245,66.47819731617469,64.97309439770389,68.28009890471829,68.7707193643159
3,0.0,0.10853093407219569,64.07289725502257,61.31966047018544,68.62896628038695,66.47409269263511,69.86168787470783,64.45888810629478,70.2966358727432,66.26756763947806
3,0.0,0.1047554604598433,68.38163671874307,68.20886325842025,67.47765919947783,65.5498286796256,68.24782620861126,64.63543054824805,65.72883312586474,66.10255217638846
3,0.0,0.10098841208115213,78.50546847078725,71.99238611966524,62.839042045619316,64.27469958554865,62.95139862509217,65.52464358394442,69.89746193372572,67.2520424717924
3,0.0,0.09722895316432313,118.90371167582803,72.58820578354047,69.11383030493046,64.48472885703626,71.05615813504531,65.30064996310276,69.89452098002461,65.60703158321513
3,0.0,0.09347590548564438,146.63556107852904,81.83078119402371,67.16838176777134,66.71692157374031,69.91219884159183,70.9653036709927,67.17689391964304,64.09021267440424
3,0.0,0.08972780437673006,202.4405375984884,118.80652339350769,68.69227824585458,69.1633018743851,66.7056453461137,71.05157841042491,64.06985214051682,103.24153194968936
3,0.0,0.0860776637649922,285.43912460451156,165.28444725423148,68.39503207239562,65.42258272366017,65.01162128217035,63.10903032009508,68.02460393350296,110.65991099644656
3,0.0,0.08413084219545201,465.0121222715839,230.60371008745082,71.16488316507088,65.7166784619877,67.21271556404459,60.35963788352571,71.80337908217946,141.72083258044253
3,0.0,0.08227319310131465,1304.207767228464,356.3594261173941,69.76367795839957,61.17185679917311,65.13859542290895,61.89963067992771,67.21353458885991,167.61788495243414
4,0.04,0.2465021787091076,64.44379172148754,73.26182850681107,69.19577592066575,70.73110251465499,71.34129260217365,61.94084347353581,68.34763442275887,58.547157495045255
4,0.04,0.24476763288393902,71.52187235095883,66.38668792861998,70.85237286871615,61.22579832656014,69.201492025356,67.61217328742846,72.02664781320674,66.24044329477393
4,0.04,0.2428603134631499,67.79293934051542,68.64259459090508,70.89767414764067,67.71669608952477,64.16447773948646,73.42670439154863,64.64340489397898,63.804409272656095
4,0.04,0.240822339324462,64.85790861022838,62.52701550932208,66.47357670953066,69.45457342054463,69.95841381152408,68.04573631712348,71.78309897557118,65.40819255388804
4,0.04,0.2361176175585756,67.74240003504787,66.72110777106683,66.66978441510739,65.73159608526949,65.8041536666826,66.57782147441186,70.15218184945132,66.09792571586789
4,0.04,0.23135378966243395,65.40345388950506,66.56724624928151,72.47238340807368,65.13936367188452,66.02671094853712,68.67812201683161,65.72498884933749,70.42174868069863
4,0.04,0.22802509358831846,65.79914669642771,65.06159562783377,68.42605091753975,71.6676425131247,67.77285269249805,71.15864300175684,70.78723568258869,73.02841433922991
4,0.04,0.22415764819569983,62.75918433468903,67.92433919256518,68.17255371140617,65.4872511719216,65.69681069358936,70.81371707706693,65.26916213682034,68.74882475605347
4,0.04,0.22026265511625764,66.84361221503919,67.75071936433478,64.03681126254976,69.64200499777102,69.31817924217218,64.91416115933022,61.099940033530665,58.79538866693258
4,0.04,0.2163473046474875,65.18945252489422,68.53958475923858,64.36183000924076,64.88990585175746,60.86113081097992,70.06656148456986,69.38499919782177,67.20164885445884
4,0.04,0.21242030206025073,70.68764889233775,66.68463380941645,68.59736501813748,68.80656576618071,70.11791543969109,65.0873053211678,71.90153478867168,68.39803962486148
4,0.04,0.20862061831924408,62.16968750563729,67.21927482057076,68.8298554653356,61.19737075517364,64.04017678945421,62.03047706954827,65.80549858500962,66.2101168596637
4,0.04,0.2048225741922414,65.27527744948291,70.79210248901197,67.25593150052548,65.37141523093463,69.82271839192974,67.01699939909227,67.91930394146023,63.7236782036563
4,0.04,0.2010257282175368,63.72820512144261,63.5616518578549,68.38920526866539,68.64731405846908,69.91260700410783,66.28278991465461,71.41399783103647,68.48325593887058
4,0.04,0.1972313971043792,65.36235058449674,66.84104859683528,63.489291162224724,65.24728921400599,73.4920843181672,72.58323749144772,76.1986792990428,66.34237222049242
4,0.04,0.19713445346112687,62.362556076642264,66.76838271803156,63.51144483588435,71.2981907887608,69.70352349713134,63.99805101279136,65.84438339445036,65.14354333725908
4,0.04,0.19689854860403944,68.46391026555898,69.13423810885836,69.98628049008107,68.80210720688565,67.49671254844523,68.65448557430078,62.63206263829857,64.56516251798197
4,0.04,0.19128574958074432,69.52262394520173,63.28883585751195,64.60177161373014,67.67341072432049,69.08902590786955,69.00984720895518,74.2668453837528,72.75611044984336
4,0.04,0.1855527484758321,69.27300732509443,72.66636047702717,68.5982320308331,64.31629923551408,69.20577404258292,66.50360771119406,68.58245413749064,65.42758986408803
4,0.04,0.182686728939758,65.35346699519177,68.11044380052323,68.3722085438731,59.611942168099816,69.38896878706612,63.69745560634388,63.16555757000259,75.3142392515193
4,0.04,0.178409777819719,65.55348755076149,70.45855757698237,66.16189702819621,68.27063898460028,67.46069609777483,66.39090367452697,68.55430055820776,65.25623055223066
4,0.04,0.17411009633728985,58.36463620051087,70.84435992184856,65.97799209238502,69.81789852106017,64.50001319976616,69.60241026776474,72.57407930551322,65.53837391334238
4,0.04,0.17032946701675586,66.59890727656698,66.03912120940693,69.23628985420025,67.64901976052556,71.9899135387282,76.29719082872329,70.58249181440085,70.01233881273536
4,0.04,0.16655608868661737,65.54225377188098,64.59339582489343,73.00491157607988,68.22713715184672,69.52311634571898,68.65315134823514,72.25535411826056,66.93559351318407
4,0.04,0.16278895465107418,73.63944742347022,73.64427043651128,65.09490302820706,70.23238259850854,67.23592586332947,63.817995674787575,67.27543200216171,70.3097412482277
4,0.04,0.1590266706632742,66.13361525717616,67.4170071420553,70.80337808297637,65.64014899744154,67.36762481623606,69.12591410024841,68.33961477609601,68.93215467020585
4,0.04,0.15526750806725548,64.2853023807412,71.70012062620748,72.4501195875798,71.65634834235911,65.68560926787089,65.66360591158555,67.28423942341014,65.18826157890327
4,0.04,0.15150949824997775,68.80791196235616,72.92171172915806,70.1693193755907,66.53951140105829,69.77318424267399,64.51299220664382,69.6249990048722,62.44490050033659
4,0.04,0.1477505766281209,65.45104489811968,63.985990609137254,64.67854442274502,64.85600579349106,72.63894857433378,68.25937843177636,67.80222471629048,71.09557185955916
4,0.04,0.1439485076808866,65.3920029501645,65.80589354534463,69.13949108820596,63.169404189133104,70.52864724866109,61.07557367492725,66.8806695255353,70.636144852509
4,0.04,0.14014394017751836,63.17544293674953,72.67583102657504,63.38354953693641,65.24284239361289,61.00620146468948,67.09506276506524,63.54316922721345,66.63464643006313
4,0.04,0.13633758881440966,70.66181375738437,67.07472669985057,65.0261343303682,67.24439311130442,61.7764720055169,68.36334938149184,65.42263934457993,65.095225938594
4,0.04,0.13262275304361593,72.36907347987753,65.69280092434612,65.02513457757075,65.73692025014469,69.97475233383442,67.20166680024984,67.1652215675569,65.90007779563066
4,0.04,0.13070658248404493,63.873750323202195,66.8303767023436,62.34828750261772,68.6454341361131,65.66913045641655,64.11523600579805,70.63823531936727,64.528270838451
4,0.04,0.12887702434983217,67.54619642843527,67.57063983730221,67.80101042465114,64.22412053721762,60.87965722453904,68.04809847506365,68.75777012291518,68.4090123384609
4,0.04,0.12407363227215921,62.61433106405133,70.71875240656293,70.1668303672976,72.5124866164259,66.91777904388289,67.22373169135344,68.43210736847328,62.956311039609005
4,0.04,0.12074768950184345,63.77396958936935,66.5622626822752,69.97941646617603,68.75426959426868,63.87978619496112,72.01600780742424,70.54264213074205,69.68833483227878
4,0.04,0.11742741137637275,69.20221001050224,63.99450370038469,64.99991226802778,62.618273247791315,67.62974754045821,57.17276085181584,71.79094983700726,63.64577330942826
4,0.04,0.11357465553393986,72.0538282725031,70.36674173782971,68.59598998924675,65.00972361930002,71.5906674345891,66.53524709074368,70.84903225006661,65.3545167495022
4,0.04,0.10970418545882095,65.02446405103427,66.06806996798655,67.70961952197075,62.048309123982904,72.04983692911138,63.79821473917079,69.10686194852855,65.82968538916181
4,0.04,0.10582109070545771,69.37334163339493,64.81821136410744,63.52294134947731,66.57405133459234,65.38896596357431,66.95463961232124,64.61359428441214,66.96064156277768
4,0.04,0.10193140811610246,65.70886512021285,69.75588635663229,66.20361141511621,66.6929951837267,66.12270391779623,68.01910983497251,72.36421255583464,70.78823910545931
4,0.04,0.0980417145025778,70.66861145146196,61.0312182824692,73.4357515619744,72.16245632005567,65.13150715839419,67.07253173722465,67.89266038891522,67.26089371435715
4,0.04,0.09425209327573027,66.70130802479873,70.18292001728109,69.90363529177523,71.34860093852787,63.29104109247222,69.16132151196956,64.97958273466615,68.19478871857258
4,0.04,0.09417964032581501,68.17239845857587,64.55862494916403,63.62072867158643,66.53888886477164,64.58537562772078,60.08913311220062,68.39826005479848,63.0196787163068
4,0.04,0.09396668841830419,66.28741470804935,69.56186782878207,67.39061128131804,60.18853837916454,69.76433075453312,67.28747532332734,67.20319065113158,72.17353531199919
4,0.04,0.08834550690047237,76.51875584416155,81.21503437965606,71.25685352392019,65.99260457329072,61.24320119626113,66.00077923342612,64.38058919691032,69.87628030482414
4,0.04,0.08260687382476133,116.77548667996489,114.03522427535943,65.47971582117682,70.21333745404654,72.79193837818099,61.829236699584676,66.21894638275612,65.36835204684513
4,0.04,0.07975371810112873,141.551351501317,144.1374921779008,71.96760210924543,64.53830820492516,67.95215268424137,69.36421890230835,66.17397572365127,70.83503584683359
4,0.04,0.07548303128104372,221.18408591590588,227.49349228305792,66.5163911627019,72.76752419073432,68.81095078035601,68.40536708572512,74.86489578827981,66.7480703578512
4,0.04,0.07119345176396547,356.4061179978194,398.53368099043286,72.18452573525705,66.5935698840105,68.39585274030989,65.84630004779282,63.05336454290057,67.8347132203184
4,0.04,0.06743163036667027,1250.714842520224,1601.2578588240765,70.71803293223441,66.94804463342139,62.236079331886515,68.8462423005746,68.21359139775521,94.27881557297553
5,0.08,0.24574013578257228,65.84944701053439,71.2021975926878,63.21490774673871,65.4685526661916,65.54128079509748,63.69960557575677,69.35158570151758,70.12055183596897
5,0.08,0.24400301108906022,69.98107578874689,60.25604145096853,70.49715925727105,67.05476650694395,66.3100541492278,69.47354279186203,63.13556413201995,66.09678758738782
5,0.08,0.2421006883448729,70.806111344119,67.44014290387632,66.75699419681207,61.24087602723513,68.05092781024739,70.26646030641783,64.81358201337015,65.20379286137506
5,0.08,0.2400722773300497,62.154823927427636,62.37094875314831,67.98151260652962,66.04764891745918,67.55229991976101,65.16871237298393,64.94558168721139,65.60884040179985
5,0.08,0.23536048023412048,70.73259490721692,65.7540708738507,63.41339815240276,70.78047666875047,65.48599623357241,69.09735532394589,65.19655272875457,64.85348581062217
5,0.08,0.23059587611116883,66.07315261376402,67.89790533549885,73.74008688615653,63.365910323657154,64.91182759927582,67.3205707350252,63.511504680130436,65.66281083311647
5,0.08,0.22726513106643456,72.84829231670564,67.52752070862923,61.68078845285198,66.38083250573284,67.6306622434321,66.91656632252929,61.46184816202958,68.02503168664293
5,0.08,0.223416621943625,61.92676092869237,63.749323467252445,67.70560847712817,65.69610000676812,62.68371865492836,68.39366065078306,63.773708208040865,58.86208097383585
5,0.08,0.21954557248971712,65.30393952220052,65.38559731491036,67.3085245488372,66.20930544065011,74.1987400974774,65.89838738027176,68.82341741262475,65.79054670297846
5,0.08,0.21565754176592386,69.8657177820173,64.31840138160808,66.20195666768578,61.879657833227064,68.46450239480252,61.120109932871244,65.668603292184,68.03704425170982
5,0.08,0.21175942754221713,70.287310331328,64.92667259222326,70.13318513235014,69.08687733945091,63.204710574029484,65.82568966890528,69.34536680337538,70.39567150313566
5,0.08,0.2079552090576058,70.47688303604188,66.38654412328607,66.99536223216938,65.56041985507636,68.44847841373203,66.93523598788528,62.48215568109844,66.70350106704434
5,0.08,0.20415341879109195,67.27366918945462,65.04788085277454,68.18238729023231,69.09277623462359,60.657137757987215,69.35672349747183,66.49617888349721,72.81620511922493
5,0.08,0.2003531645125262,68.88870411569249,61.92992203614974,65.30967204862208,63.46425680680206,68.11051986779572,71.93049026591581,66.07232662345106,68.09004316460613
5,0.08,0.19655523858821627,64.70668354618705,69.56846520801795,72.2493359343434,74.5102433642895,66.59162493006932,61.71368876887707,72.16097307507462,69.33868376005796
5,0.08,0.19276065450845145,67.15479695662586,63.68150956209876,73.19262972106799,66.76592682094451,68.43705214708194,66.08420588628474,64.26520619175376,66.5413338794351
5,0.08,0.19266349803247243,67.59718686971365,60.90988514302587,69.27497568578244,62.38584823645175,64.67509684819576,68.35644301064978,66.99345897663325,71.69035543350122
5,0.08,0.19242843800968526,63.4662595874488,63.026856014664304,62.6908590043446,66.94748605207347,64.56671859231444,64.74969688915684,68.52957639928884,68.36885543630441
5,0.08,0.1868136993825924,64.22343728379968,64.52414823095951,65.63037772602222,72.84244830201911,64.07339638946183,70.75984513883124,66.80852873849663,69.46513095619713
5,0.08,0.18107854978149152,61.55311588383801,67.73470389839613,63.89643627547956,61.74103648873029,70.63509013019838,65.0444805072848,70.72796198369036,68.82191963307872
5,0.08,0.17821306035088513,69.71541278840996,66.67758936878046,72.05770224635978,66.90921489150963,66.59656851386377,69.03469656432934,62.16250839953585,69.04813673205534
5,0.08,0.1739347537431655,65.76462055326294,59.63785506319735,72.45394655268834,63.4679973327763,65.59480407017135,65.20275414385922,67.193643251787,65.36007500346538
5,0.08,0.1696338668955857,67.29398974405635,64.8361825673342,68.21405249997626,61.6468589135851,60.852014708881335,67.18009889939131,72.47229108118121,70.67374254651722
5,0.08,0.16585310944109066,67.5279824746254,65.94802043064487,67.19256834987587,61.763197173749205,70.78403869365698,70.66129022245627,66.61449438775372,68.87047650327924
5,0.08,0.1620795705869863,65.49150213560165,68.22765162556145,69.29272325306064,65.90052905500295,64.86754906776632,66.13224439783369,65.03945191938291,69.28843421969178
5,0.08,0.15831218241400885,67.38546389987268,62.32767362495678,62.84206614855991,69.03830599535219,64.90135108547386,63.147015614651586,59.574632570709554,72.70149861096894
5,0.08,0.15454950483590454,64.0362792371743,68.35645305197197,59.38778838681869,69.35758840187661,63.7007098828088,64.51408980063306,69.06636076572252,60.497643379330384
5,0.08,0.1507897930058806,67.62696462231447,63.87397758459392,67.91400400227327,74.86613904449037,68.03951763077096,59.22407326264774,75.31219416981371,67.59852991508133
5,0.08,0.14703106507010827,68.92096083156305,67.02183682451673,67.68208112821183,73.01443141248562,67.56973051172004,66.10676905654175,72.21714294577704,65.24312102956895
5,0.08,0.1432712877176909,65.26060985911157,67.95206911008556,64.32829616087868,66.82270465587831,64.60954045959592,66.10231272493543,71.97766690382562,68.18192090615108
5,0.08,0.13946851129326127,62.77111997314405,65.74655802985485,67.82484407288901,70.12698963525492,67.11683024576404,68.96458068688179,67.46171507180583,65.92056248030637
5,0.08,0.1356631481115475,68.88130576975131,71.3258942080203,64.55120739860878,62.7141749424268,71.15895858587143,68.29102716607318,61.587152645712614,66.17046106096267
5,0.08,0.13185596723808696,69.76662746527478,65.9176367916962,72.87665339310584,66.92008464988274,69.68447899113404,67.84816843183368,63.84211645885869,58.14961221775681
5,0.08,0.12814015814911625,71.43599398655483,67.9920985473939,68.92975978357264,64.57212206393993,68.82452549551917,63.99232883757862,59.04280050077433,65.6362908203024
5,0.08,0.12621998051413,68.14900535396191,65.93440960908985,68.62790090003324,59.06482010311331,66.49244458420733,69.1404797808041,69.86322334708821,66.2514535916481
5,0.08,0.12438628534651813,69.27378419748517,67.62373005755713,70.45732889748372,70.84274924945097,62.74820074559535,62.22944589347819,69.19645436721916,62.39426473027558
5,0.08,0.119584610052633,67.05984653115665,67.01209505103739,68.4460253669468,66.67920674225554,64.80686368903838,66.50730432744318,68.1648180009388,69.47134479873687
5,0.08,0.11625772922491683,68.13773066253655,67.36631173093137,69.29059891299754,68.34753474722082,70.07471529683941,66.30626147642322,61.68869920114694,68.06500809504695
5,0.08,0.11293685435335353,68.37197367431291,68.8380023755822,72.34476764844185,67.53258567413283,66.78584060128034,58.13618860232328,67.61975365523138,72.94198456736378
5,0.08,0.10908503529374404,67.75491146236834,69.63040887371265,70.56739278201805,63.803560000532386,64.44169010992297,67.4699744137957,68.5815183124183,67.40295560873669
5,0.08,0.10521581512910608,68.81870195392288,71.66924541004947,71.93892154043289,63.58296282746458,74.75458136231089,70.79581618791141,64.98473911077518,70.04367306761677
5,0.08,0.10133420448089266,68.05516544830401,72.14672370687039,60.95913039530962,61.68829910507758,64.15498873134861,65.96970362670065,66.94001635217442,64.09677650446883
5,0.08,0.09744617475989448,67.7893276418354,70.50069116994442,69.6937387753705,67.38106144803633,63.44177417476498,57.97512648779197,68.20538935287277,67.13649028118894
5,0.08,0.09355825411512311,63.20711480547633,61.39404802679571,63.79956060738977,72.30819852682173,67.720885686979,65.06334913011285,67.67968808336492,70.96481273125464
5,0.08,0.0897693410261813,66.97772837257224,70.80064937369715,65.18169689349799,67.14008184483691,71.3088616120134,63.0813243821005,68.14085572625991,66.37666990470512
5,0.08,0.08969666427675967,66.06845778824791,68.26091117939518,61.85871648597808,63.37166204289013,72.0396170339162,68.25971441376313,63.10682562638247,69.03667888374693
5,0.08,0.0894823145702523,66.14725957318733,69.34451846376506,67.9621917271389,61.155367133353934,68.93690789039874,60.13658407346269,64.63964859708547,68.9986044609361
5,0.08,0.08386263021448923,64.90470448751695,66.84147047907497,69.20766504316987,69.64135347920667,68.08893500888381,70.77135987958879,70.87069858644787,60.079668517893765
5,0.08,0.07812561102466736,66.59403069303137,102.20856284473672,65.48080653112012,67.46424480669958,71.87606131838108,68.14886836587606,67.57558259146386,64.9155472088412
5,0.08,0.07527391759905776,75.9252422841065,116.84047132301453,71.12826449086637,69.93436325279654,66.90333816035654,69.70274726540399,75.01829073974324,65.48609553160931
5,0.08,0.07100554121003251,81.42030919824492,142.98966603708777,65.32086901783079,63.021425244117516,73.31922221598164,69.6940984233815,72.26491037538744,64.19025214685385
5,0.08,0.06671895605307988,115.24871109641543,194.7337281301728,66.2138893336358,66.37272678194067,68.38115253598546,66.68458860611985,67.6636558686753,70.78236409750897
5,0.08,0.06667194840645559,105.38912963669303,209.3627852235443,68.26681106489946,71.36120578531118,64.16118571875784,66.45839566266142,65.18720020548324,67.83225713910646
5,0.08,0.06649119962707593,106.41769786684071,226.68484368292502,74.90977243634228,71.21088866571415,65.70800476544622,66.19468366401446,62.031000209618455,65.04445590101523
5,0.08,0.06085457498079809,145.14400169381244,377.2769801122113,67.74910002512284,68.57242653177882,65.57952073338159,69.13983898980305,67.49293186713004,65.43521951321102
5,0.08,0.05510596198470847,227.7921681705373,1508.4004217438062,99.69265756521482,69.21607930147596,68.16561805970404,64.0891508606281,68.99455288855101,72.45837467705829
6,0.12,0.24385054230354003,68.55136546995999,64.5673339293991,68.87314334741795,64.7448355829126,66.39892162336984,63.909277471874695,69.00314287265405,68.66440612826248
6,0.12,0.2421040615085788,68.40596380171156,64.61596619355156,66.92348369909175,65.65763376293287,63.859880909436285,68.50930183184514,65.33251262282214,63.54277850580649
6,0.12,0.23795097261911372,67.20428126259728,66.27563811959381,64.9831608271692,67.54402696074885,65.28887231757896,61.36847254134441,65.91919494681686,71.14838219995852
6,0.12,0.23370925525597627,68.57580225057694,64.5492375630055,64.55958785588076,72.76757067031168,68.05514359765775,73.47322199547826,70.54382230477529,64.79923840203585
6,0.12,0.22940191235682014,70.3678392059299,67.82911813784152,62.79627387034939,67.98188964783436,60.59742743406583,67.06012379509599,64.83139529870392,65.59907215111944
6,0.12,0.22514609238483002,67.87865419005803,66.00494685621466,68.78858255759174,72.13103466272456,65.52670590461466,63.43182995025055,65.70710022098919,68.57760233680196
6,0.12,0.22350660423610258,67.23174454739228,69.79615672041682,68.51983734595731,67.0993211154974,68.89657521757356,67.05471720319827,74.1560609485273,69.19574586395221
6,0.12,0.22192999625093912,68.64304283913262,65.62853403959006,64.57052848744183,64.88346817876796,64.94537643289797,70.67620798581913,67.65413229671381,65.56777925943736
6,0.12,0.2169949962481088,66.83072905040335,71.2299853627183,62.552600167764275,68.21182797045383,67.72183393589737,67.4125451302714,65.70579687833376,66.12385656904762
6,0.12,0.21373236068586673,70.27256678092712,66.10261159777501,64.00218634350178,64.76969623769172,66.82253556299152,65.97048715499024,68.90661997860212,70.64871663791114
6,0.12,0.20988965578838847,63.100569910133814,65.54578607391177,68.94966571529291,65.80494782206307,69.57687231111737,67.65241156558189,63.73605334774731,60.37643142943115
6,0.12,0.20602870355330655,69.29691887108385,62.705536616481936,68.00561674143657,70.73571446120575,71.02095511167632,63.557727523082484,65.86287314630044,70.82477391466387
6,0.12,0.20215399840319906,66.44675106116777,69.95591458218284,69.1490441572984,66.88713257889255,67.37663373935457,66.03910763928188,67.05834642335154,70.25219111307544
6,0.12,0.19827102371327227,70.8377820337093,67.38842047952579,65.62674289282339,67.42934302416862,64.1219546729112,70.42981005476157,63.756421105803724,66.99602611172891
6,0.12,0.19445515469097538,67.10391661673181,68.41118893695655,61.048386708119594,65.48767655442315,66.68052981523435,72.4775327300367,64.50208445844527,65.32164442775478
6,0.12,0.19064133105634065,62.193467933998555,70.45206139720109,65.0713800030183,68.04952265266904,65.48319692158398,65.43534747725774,66.01066127947388,67.30959526140028
6,0.12,0.18682886409157984,65.73929592462974,60.76380860479322,68.91183397189849,63.310859931146986,66.45366679236888,63.67344565217372,63.689007744567334,62.74707971567744
6,0.12,0.18301880403743517,65.81597817000929,65.78601128954263,65.99204276229578,64.71461621718164,69.63589433541513,64.32202234864972,68.03213300793324,66.65485494328833
6,0.12,0.17921213759683646,66.71608193020538,65.59500094946183,68.39442010874133,73.466887850804,63.944664498572585,63.95204717515842,67.993653399488,65.02962913907668
6,0.12,0.1754094715438689,65.55177801231194,60.965806277434744,69.2954759223206,69.68057818260415,63.501282442574805,68.22729289432282,70.93229530049048,60.673150748645405
6,0.12,0.17161105081264744,66.42101175248845,66.84241145110573,65.19338500701204,70.82976700505452,69.14565010609209,68.35722709521008,63.69908907837714,68.4639191292209
6,0.12,0.16781688443665402,64.1519586508598,67.06662014534281,67.13771550428795,62.54053795459982,66.7160660094345,64.64231216223149,70.10358151347828,69.3622224978707
6,0.12,0.16402673210541244,72.56713333258479,61.7922884048822,69.04368865895003,60.78984814784096,67.58583890974921,62.31408914209443,65.89478693437262,70.18596852247259
6,0.12,0.16024015389358057,62.48851888761397,72.93061712488027,74.50743432799634,65.22563798966965,64.27703154932897,67.82683847763737,67.2047940972459,61.389942854793404
6,0.12,0.1564565706890542,69.46537198420106,73.91695026661723,68.28535925856929,69.48357726970345,69.79721636923661,67.27400292800154,70.66853299099462,66.29186638731274
6,0.12,0.15276732969903872,64.62820558142657,71.2769489242689,74.16166771309601,64.65010000098589,66.09847916788375,62.942381407531634,73.43410058737514,66.81207333095935
6,0.12,0.15083362700798833,68.31300136593838,70.59837479554278,63.31842057123925,62.837314051078586,75.38475793776057,71.90338585373668,66.85710885752735,69.13857889728129
6,0.12,0.14898964433026052,65.40460956460588,62.16746200784466,70.79826368354061,71.91866243873878,67.5105984003811,68.43874573079766,63.02729288832864,69.12510935029736
6,0.12,0.1441921013480618,66.38289002421594,71.47216752672202,67.98647987219772,67.13129748171325,65.6809279233883,73.53784174324448,60.219043064115,63.47601191062637
6,0.12,0.1408622708240995,63.80471351430549,67.98240791635031,66.34056489311942,65.07427642715642,61.79831860258924,66.46899248210569,65.31792905564816,63.982424925933806
6,0.12,0.13754113661887835,68.34770111492129,69.13074424076687,66.37832585535112,64.96080356178214,69.52465570371886,69.64762276618566,73.1401839480524,70.56763662230922
6,0.12,0.1336975752781706,64.30625547313828,67.76308089425167,70.97688159746038,66.07912428354342,65.30618537849102,59.45110440250497,65.56554956677883,69.0030913387096
6,0.12,0.1298383378995793,70.36824584268825,66.5292717509212,67.63925351659093,69.55885396294741,65.79255605071718,69.93624979220014,69.28241343678948,64.85600884746773
6,0.12,0.12596764744181507,68.65461201531315,60.269744310815796,62.330009555682985,60.66145083598813,67.24973955396483,68.42249228593705,63.51334738459228,68.58854261742356
6,0.12,0.1220905869162734,63.51800784566156,68.94621157232083,69.64662964831808,67.10934024194913,65.43651168457222,64.52401532301423,69.17999355612424,69.5856049978231
6,0.12,0.11821275511164542,66.89626327102924,67.99385714110346,73.31110302802496,66.4586240576378,65.5521471059079,67.05110065661165,61.3499792831156,59.64921295910162
6,0.12,0.11441516525739355,66.8454071242778,66.88669362073736,61.88894733018412,67.97483784622518,65.21006327274931,61.54106702285492,76.08213959704155,66.22580521982444
6,0.12,0.11062316474531839,70.10049969970716,63.29242831907535,69.80235467713567,63.46763414558665,62.0417637096069,63.627615462485565,65.0173833540893,67.20194369497366
6,0.12,0.11054447393933722,72.21351288643613,67.38149265292611,66.75870255970577,72.25198006492671,68.6777963154678,69.80276982309667,65.74366226791933,70.9434456113416
6,0.12,0.11032534273867897,71.5367999457491,67.8404045343882,63.290889038896715,65.84596564771373,70.3347025439387,65.26751855702337,66.83057484052046,62.913714160841735
6,0.12,0.10470420856324306,71.51070798508215,65.17880001150309,64.11599836091978,65.98713261430673,70.57827160150448,67.2768041260415,74.96160431421362,66.54470311725174
6,0.12,0.09896402566503527,64.43911638887805,63.13887244312811,68.02960422190276,66.09728827037776,65.94427548318208,71.83331423554846,65.94494316864464,60.99294271436424
6,0.12,0.09610721077264023,61.67067087420559,71.04618758404877,64.21494401396077,71.47844402460683,67.1324284996368,71.77784152775637,70.84836868110376,71.97976441735057
6,0.12,0.09183188018700379,68.10085715696954,68.93077345842799,64.99758258526509,68.28251899815565,70.2849660790263,67.22024579375532,67.74800436541341,63.519494120088275
6,0.12,0.08753563081792216,68.84381250644523,62.93384908614925,65.79651674933403,70.72826234352898,65.43556960991164,69.40490459898538,72.41470435800377,65.56916920638979
6,0.12,0.08376459510182929,70.36980106664764,70.61459722275603,68.27457311221376,61.19835418812902,72.67155188027569,65.76620088137179,68.9742853551355,63.14528323641717
6,0.12,0.08000319745144928,66.4411624236632,60.73171183795353,66.15879747200893,65.75763116558056,66.8964493539128,68.90277458501119,70.4170115299381,65.24779052803778
6,0.12,0.07625076304048398,65.06781574837945,62.54815719761546,69.79991933135683,70.37631997911919,64.44782355961958,66.41352229908607,70.66699021988882,67.53431183788908
6,0.12,0.07618321125838654,64.57776636138453,72.320120197785,70.61873361021343,63.454437650370174,68.73419449957639,67.21289389275806,67.95374157306503,65.47754480765542
6,0.12,0.0759739500363653,66.25967139423796,67.13938638504868,62.91575941450042,65.15781254169168,70.428855290469,64.56721620628554,62.17605050289675,68.1466026628033
6,0.12,0.07035409314388351,69.78949867421554,85.79373435278082,70.0715685852218,75.1349212176575,64.88511640777796,63.693392564871495,64.69060382041806,67.12568996133366
6,0.12,0.0646188999481083,74.02502597079462,111.61484835715652,66.14974147072363,69.94871426491426,65.12856679163184,67.89115617373564,66.03055040201788,64.9907127618486
6,0.12,0.06176917807951739,68.82725151927201,119.93390330310389,71.0819704073554,66.5779645713337,74.29179666670447,66.63668111608123,72.23183964948058,64.17250855263525
6,0.12,0.05750517808294909,66.26308653364336,134.78050618406198,66.87309349002945,72.34911730757773,63.61733212547617,63.855567478003145,68.57726384214214,64.00257121779269
6,0.12,0.05322552831834106,67.51782905376635,171.23600027153387,91.53589358987651,65.23942736140378,69.631007499539,69.06150540035566,70.84466116418884,65.19043869694885
6,0.12,0.05318634453576462,67.41921748467098,154.77871168752066,109.0571786425536,62.75688880597043,69.11722838903498,70.65434523861599,64.89397977807819,59.82777638086754
6,0.12,0.053008657433845315,65.9237044782461,169.03095023737296,109.75772359337819,71.3629351509908,68.0142421644439,67.43408833452112,62.432446367036285,65.5906227350016
6,0.12,0.047381589764118555,67.8486445107343,226.2281349990469,122.83887320987556,64.67860808382763,66.28681863872347,69.61810426244683,69.6097296602895,72.67675443417224
